month,id,name,name_zh,contribution_pp,method
1990-01,m4,Motor vehicles and parts,汽車與零組件,0.0,official
1990-01,m5,Furnishings and durable household equipment,家具與耐久家用設備,0.03,official
1990-01,m6,Recreational goods and vehicles,休閒商品與交通工具,-0.01,official
1990-01,m7,Other durable goods,其他耐久財,0.02,official
1990-01,m9,Food and beverages purchased for off-premises consumption,食物與飲料（居家消費）,0.14,official
1990-01,m10,Clothing and footwear,服裝與鞋類,0.0,official
1990-01,m11,Gasoline and other energy goods,汽油與其他能源商品,0.31,official
1990-01,m12,Other nondurable goods,其他非耐久財,0.04,official
1990-01,m15,Housing and utilities,住宅與公用事業,0.03,official
1990-01,m16,Health care,醫療服務,0.04,official
1990-01,m17,Transportation services,運輸服務,0.04,official
1990-01,m18,Recreation services,休閒服務,0.02,official
1990-01,m19,Food services and accommodations,餐飲與住宿,0.03,official
1990-01,m20,Financial services and insurance,金融服務與保險,0.0,official
1990-01,m21,Other services,其他服務,0.04,official
1990-01,m22,Final consumption expenditures of nonprofit institutions serving households,服務家庭之非營利機構淨消費,0.02,official
1990-01,residual,Residual,差額,0.007145561234140452,official
1990-02,m4,Motor vehicles and parts,汽車與零組件,0.0,official
1990-02,m5,Furnishings and durable household equipment,家具與耐久家用設備,0.01,official
1990-02,m6,Recreational goods and vehicles,休閒商品與交通工具,0.0,official
1990-02,m7,Other durable goods,其他耐久財,0.06,official
1990-02,m9,Food and beverages purchased for off-premises consumption,食物與飲料（居家消費）,0.09,official
1990-02,m10,Clothing and footwear,服裝與鞋類,0.11,official
1990-02,m11,Gasoline and other energy goods,汽油與其他能源商品,-0.07,official
1990-02,m12,Other nondurable goods,其他非耐久財,0.05,official
1990-02,m15,Housing and utilities,住宅與公用事業,0.03,official
1990-02,m16,Health care,醫療服務,0.08,official
1990-02,m17,Transportation services,運輸服務,0.0,official
1990-02,m18,Recreation services,休閒服務,0.02,official
1990-02,m19,Food services and accommodations,餐飲與住宿,0.03,official
1990-02,m20,Financial services and insurance,金融服務與保險,0.03,official
1990-02,m21,Other services,其他服務,0.02,official
1990-02,m22,Final consumption expenditures of nonprofit institutions serving households,服務家庭之非營利機構淨消費,-0.02,official
1990-02,residual,Residual,差額,0.0006264410021787348,official
1990-03,m4,Motor vehicles and parts,汽車與零組件,-0.02,official
1990-03,m5,Furnishings and durable household equipment,家具與耐久家用設備,0.0,official
1990-03,m6,Recreational goods and vehicles,休閒商品與交通工具,-0.01,official
1990-03,m7,Other durable goods,其他耐久財,0.01,official
1990-03,m9,Food and beverages purchased for off-premises consumption,食物與飲料（居家消費）,0.0,official
1990-03,m10,Clothing and footwear,服裝與鞋類,0.06,official
1990-03,m11,Gasoline and other energy goods,汽油與其他能源商品,-0.03,official
1990-03,m12,Other nondurable goods,其他非耐久財,0.01,official
1990-03,m15,Housing and utilities,住宅與公用事業,0.12,official
1990-03,m16,Health care,醫療服務,0.1,official
1990-03,m17,Transportation services,運輸服務,0.05,official
1990-03,m18,Recreation services,休閒服務,0.02,official
1990-03,m19,Food services and accommodations,餐飲與住宿,0.05,official
1990-03,m20,Financial services and insurance,金融服務與保險,-0.02,official
1990-03,m21,Other services,其他服務,0.05,official
1990-03,m22,Final consumption expenditures of nonprofit institutions serving households,服務家庭之非營利機構淨消費,-0.02,official
1990-03,residual,Residual,差額,0.007480403325902718,official
1990-04,m4,Motor vehicles and parts,汽車與零組件,-0.01,official
1990-04,m5,Furnishings and durable household equipment,家具與耐久家用設備,0.01,official
1990-04,m6,Recreational goods and vehicles,休閒商品與交通工具,0.0,official
1990-04,m7,Other durable goods,其他耐久財,0.0,official
1990-04,m9,Food and beverages purchased for off-premises consumption,食物與飲料（居家消費）,-0.04,official
1990-04,m10,Clothing and footwear,服裝與鞋類,0.01,official
1990-04,m11,Gasoline and other energy goods,汽油與其他能源商品,0.01,official
1990-04,m12,Other nondurable goods,其他非耐久財,0.03,official
1990-04,m15,Housing and utilities,住宅與公用事業,0.05,official
1990-04,m16,Health care,醫療服務,0.09,official
1990-04,m17,Transportation services,運輸服務,0.01,official
1990-04,m18,Recreation services,休閒服務,0.01,official
1990-04,m19,Food services and accommodations,餐飲與住宿,0.01,official
1990-04,m20,Financial services and insurance,金融服務與保險,0.03,official
1990-04,m21,Other services,其他服務,0.03,official
1990-04,m22,Final consumption expenditures of nonprofit institutions serving households,服務家庭之非營利機構淨消費,-0.02,official
1990-04,residual,Residual,差額,-0.009947995189143272,official
1990-05,m4,Motor vehicles and parts,汽車與零組件,0.0,official
1990-05,m5,Furnishings and durable household equipment,家具與耐久家用設備,0.0,official
1990-05,m6,Recreational goods and vehicles,休閒商品與交通工具,0.0,official
1990-05,m7,Other durable goods,其他耐久財,0.01,official
1990-05,m9,Food and beverages purchased for off-premises consumption,食物與飲料（居家消費）,0.02,official
1990-05,m10,Clothing and footwear,服裝與鞋類,-0.01,official
1990-05,m11,Gasoline and other energy goods,汽油與其他能源商品,-0.03,official
1990-05,m12,Other nondurable goods,其他非耐久財,0.04,official
1990-05,m15,Housing and utilities,住宅與公用事業,0.03,official
1990-05,m16,Health care,醫療服務,0.1,official
1990-05,m17,Transportation services,運輸服務,0.0,official
1990-05,m18,Recreation services,休閒服務,0.02,official
1990-05,m19,Food services and accommodations,餐飲與住宿,0.03,official
1990-05,m20,Financial services and insurance,金融服務與保險,0.01,official
1990-05,m21,Other services,其他服務,0.04,official
1990-05,m22,Final consumption expenditures of nonprofit institutions serving households,服務家庭之非營利機構淨消費,-0.02,official
1990-05,residual,Residual,差額,-0.015174535557908958,official
1990-06,m4,Motor vehicles and parts,汽車與零組件,-0.01,official
1990-06,m5,Furnishings and durable household equipment,家具與耐久家用設備,-0.02,official
1990-06,m6,Recreational goods and vehicles,休閒商品與交通工具,-0.01,official
1990-06,m7,Other durable goods,其他耐久財,0.0,official
1990-06,m9,Food and beverages purchased for off-premises consumption,食物與飲料（居家消費）,0.09,official
1990-06,m10,Clothing and footwear,服裝與鞋類,0.01,official
1990-06,m11,Gasoline and other energy goods,汽油與其他能源商品,0.02,official
1990-06,m12,Other nondurable goods,其他非耐久財,0.05,official
1990-06,m15,Housing and utilities,住宅與公用事業,0.14,official
1990-06,m16,Health care,醫療服務,0.07,official
1990-06,m17,Transportation services,運輸服務,0.0,official
1990-06,m18,Recreation services,休閒服務,0.02,official
1990-06,m19,Food services and accommodations,餐飲與住宿,0.02,official
1990-06,m20,Financial services and insurance,金融服務與保險,0.03,official
1990-06,m21,Other services,其他服務,0.04,official
1990-06,m22,Final consumption expenditures of nonprofit institutions serving households,服務家庭之非營利機構淨消費,-0.01,official
1990-06,residual,Residual,差額,0.0018957665710987448,official
1990-07,m4,Motor vehicles and parts,汽車與零組件,0.0,official
1990-07,m5,Furnishings and durable household equipment,家具與耐久家用設備,0.02,official
1990-07,m6,Recreational goods and vehicles,休閒商品與交通工具,0.0,official
1990-07,m7,Other durable goods,其他耐久財,0.0,official
1990-07,m9,Food and beverages purchased for off-premises consumption,食物與飲料（居家消費）,0.05,official
1990-07,m10,Clothing and footwear,服裝與鞋類,0.01,official
1990-07,m11,Gasoline and other energy goods,汽油與其他能源商品,0.01,official
1990-07,m12,Other nondurable goods,其他非耐久財,0.03,official
1990-07,m15,Housing and utilities,住宅與公用事業,0.05,official
1990-07,m16,Health care,醫療服務,0.11,official
1990-07,m17,Transportation services,運輸服務,0.0,official
1990-07,m18,Recreation services,休閒服務,0.02,official
1990-07,m19,Food services and accommodations,餐飲與住宿,0.03,official
1990-07,m20,Financial services and insurance,金融服務與保險,-0.03,official
1990-07,m21,Other services,其他服務,-0.02,official
1990-07,m22,Final consumption expenditures of nonprofit institutions serving households,服務家庭之非營利機構淨消費,-0.03,official
1990-07,residual,Residual,差額,-0.0031569048898392182,official
1990-08,m4,Motor vehicles and parts,汽車與零組件,0.01,official
1990-08,m5,Furnishings and durable household equipment,家具與耐久家用設備,-0.01,official
1990-08,m6,Recreational goods and vehicles,休閒商品與交通工具,0.0,official
1990-08,m7,Other durable goods,其他耐久財,0.01,official
1990-08,m9,Food and beverages purchased for off-premises consumption,食物與飲料（居家消費）,0.04,official
1990-08,m10,Clothing and footwear,服裝與鞋類,0.0,official
1990-08,m11,Gasoline and other energy goods,汽油與其他能源商品,0.27,official
1990-08,m12,Other nondurable goods,其他非耐久財,0.01,official
1990-08,m15,Housing and utilities,住宅與公用事業,0.1,official
1990-08,m16,Health care,醫療服務,0.11,official
1990-08,m17,Transportation services,運輸服務,0.03,official
1990-08,m18,Recreation services,休閒服務,0.01,official
1990-08,m19,Food services and accommodations,餐飲與住宿,0.02,official
1990-08,m20,Financial services and insurance,金融服務與保險,0.04,official
1990-08,m21,Other services,其他服務,0.04,official
1990-08,m22,Final consumption expenditures of nonprofit institutions serving households,服務家庭之非營利機構淨消費,-0.02,official
1990-08,residual,Residual,差額,0.005002763865385451,official
1990-09,m4,Motor vehicles and parts,汽車與零組件,0.0,official
1990-09,m5,Furnishings and durable household equipment,家具與耐久家用設備,0.0,official
1990-09,m6,Recreational goods and vehicles,休閒商品與交通工具,0.0,official
1990-09,m7,Other durable goods,其他耐久財,0.01,official
1990-09,m9,Food and beverages purchased for off-premises consumption,食物與飲料（居家消費）,0.03,official
1990-09,m10,Clothing and footwear,服裝與鞋類,0.02,official
1990-09,m11,Gasoline and other energy goods,汽油與其他能源商品,0.29,official
1990-09,m12,Other nondurable goods,其他非耐久財,0.05,official
1990-09,m15,Housing and utilities,住宅與公用事業,0.04,official
1990-09,m16,Health care,醫療服務,0.07,official
1990-09,m17,Transportation services,運輸服務,0.01,official
1990-09,m18,Recreation services,休閒服務,0.02,official
1990-09,m19,Food services and accommodations,餐飲與住宿,0.02,official
1990-09,m20,Financial services and insurance,金融服務與保險,0.03,official
1990-09,m21,Other services,其他服務,0.04,official
1990-09,m22,Final consumption expenditures of nonprofit institutions serving households,服務家庭之非營利機構淨消費,0.0,official
1990-09,residual,Residual,差額,-0.015982428115005054,official
1990-10,m4,Motor vehicles and parts,汽車與零組件,0.01,official
1990-10,m5,Furnishings and durable household equipment,家具與耐久家用設備,0.02,official
1990-10,m6,Recreational goods and vehicles,休閒商品與交通工具,0.0,official
1990-10,m7,Other durable goods,其他耐久財,0.01,official
1990-10,m9,Food and beverages purchased for off-premises consumption,食物與飲料（居家消費）,0.04,official
1990-10,m10,Clothing and footwear,服裝與鞋類,-0.01,official
1990-10,m11,Gasoline and other energy goods,汽油與其他能源商品,0.25,official
1990-10,m12,Other nondurable goods,其他非耐久財,0.02,official
1990-10,m15,Housing and utilities,住宅與公用事業,0.03,official
1990-10,m16,Health care,醫療服務,0.1,official
1990-10,m17,Transportation services,運輸服務,0.05,official
1990-10,m18,Recreation services,休閒服務,0.01,official
1990-10,m19,Food services and accommodations,餐飲與住宿,0.02,official
1990-10,m20,Financial services and insurance,金融服務與保險,0.0,official
1990-10,m21,Other services,其他服務,0.04,official
1990-10,m22,Final consumption expenditures of nonprofit institutions serving households,服務家庭之非營利機構淨消費,0.0,official
1990-10,residual,Residual,差額,-0.017768130323324027,official
1990-11,m4,Motor vehicles and parts,汽車與零組件,0.01,official
1990-11,m5,Furnishings and durable household equipment,家具與耐久家用設備,-0.03,official
1990-11,m6,Recreational goods and vehicles,休閒商品與交通工具,0.0,official
1990-11,m7,Other durable goods,其他耐久財,0.01,official
1990-11,m9,Food and beverages purchased for off-premises consumption,食物與飲料（居家消費）,0.01,official
1990-11,m10,Clothing and footwear,服裝與鞋類,-0.01,official
1990-11,m11,Gasoline and other energy goods,汽油與其他能源商品,-0.01,official
1990-11,m12,Other nondurable goods,其他非耐久財,0.01,official
1990-11,m15,Housing and utilities,住宅與公用事業,0.02,official
1990-11,m16,Health care,醫療服務,0.1,official
1990-11,m17,Transportation services,運輸服務,0.0,official
1990-11,m18,Recreation services,休閒服務,0.01,official
1990-11,m19,Food services and accommodations,餐飲與住宿,0.01,official
1990-11,m20,Financial services and insurance,金融服務與保險,-0.01,official
1990-11,m21,Other services,其他服務,0.02,official
1990-11,m22,Final consumption expenditures of nonprofit institutions serving households,服務家庭之非營利機構淨消費,-0.02,official
1990-11,residual,Residual,差額,0.006621828287643003,official
1990-12,m4,Motor vehicles and parts,汽車與零組件,0.03,official
1990-12,m5,Furnishings and durable household equipment,家具與耐久家用設備,-0.01,official
1990-12,m6,Recreational goods and vehicles,休閒商品與交通工具,-0.03,official
1990-12,m7,Other durable goods,其他耐久財,-0.04,official
1990-12,m9,Food and beverages purchased for off-premises consumption,食物與飲料（居家消費）,-0.02,official
1990-12,m10,Clothing and footwear,服裝與鞋類,0.03,official
1990-12,m11,Gasoline and other energy goods,汽油與其他能源商品,0.0,official
1990-12,m12,Other nondurable goods,其他非耐久財,0.04,official
1990-12,m15,Housing and utilities,住宅與公用事業,0.04,official
1990-12,m16,Health care,醫療服務,0.08,official
1990-12,m17,Transportation services,運輸服務,-0.04,official
1990-12,m18,Recreation services,休閒服務,0.01,official
1990-12,m19,Food services and accommodations,餐飲與住宿,0.03,official
1990-12,m20,Financial services and insurance,金融服務與保險,-0.03,official
1990-12,m21,Other services,其他服務,0.0,official
1990-12,m22,Final consumption expenditures of nonprofit institutions serving households,服務家庭之非營利機構淨消費,-0.02,official
1990-12,residual,Residual,差額,0.023614505321260026,official
1991-01,m4,Motor vehicles and parts,汽車與零組件,0.03,official
1991-01,m5,Furnishings and durable household equipment,家具與耐久家用設備,0.01,official
1991-01,m6,Recreational goods and vehicles,休閒商品與交通工具,0.0,official
1991-01,m7,Other durable goods,其他耐久財,0.04,official
1991-01,m9,Food and beverages purchased for off-premises consumption,食物與飲料（居家消費）,0.12,official
1991-01,m10,Clothing and footwear,服裝與鞋類,-0.01,official
1991-01,m11,Gasoline and other energy goods,汽油與其他能源商品,-0.21,official
1991-01,m12,Other nondurable goods,其他非耐久財,0.06,official
1991-01,m15,Housing and utilities,住宅與公用事業,0.11,official
1991-01,m16,Health care,醫療服務,0.09,official
1991-01,m17,Transportation services,運輸服務,0.01,official
1991-01,m18,Recreation services,休閒服務,0.02,official
1991-01,m19,Food services and accommodations,餐飲與住宿,0.05,official
1991-01,m20,Financial services and insurance,金融服務與保險,0.03,official
1991-01,m21,Other services,其他服務,0.05,official
1991-01,m22,Final consumption expenditures of nonprofit institutions serving households,服務家庭之非營利機構淨消費,-0.02,official
1991-01,residual,Residual,差額,0.0006710968906390447,official
1991-02,m4,Motor vehicles and parts,汽車與零組件,0.01,official
1991-02,m5,Furnishings and durable household equipment,家具與耐久家用設備,0.01,official
1991-02,m6,Recreational goods and vehicles,休閒商品與交通工具,0.03,official
1991-02,m7,Other durable goods,其他耐久財,0.0,official
1991-02,m9,Food and beverages purchased for off-premises consumption,食物與飲料（居家消費）,0.05,official
1991-02,m10,Clothing and footwear,服裝與鞋類,0.0,official
1991-02,m11,Gasoline and other energy goods,汽油與其他能源商品,-0.24,official
1991-02,m12,Other nondurable goods,其他非耐久財,0.04,official
1991-02,m15,Housing and utilities,住宅與公用事業,0.05,official
1991-02,m16,Health care,醫療服務,0.08,official
1991-02,m17,Transportation services,運輸服務,0.01,official
1991-02,m18,Recreation services,休閒服務,0.01,official
1991-02,m19,Food services and accommodations,餐飲與住宿,0.02,official
1991-02,m20,Financial services and insurance,金融服務與保險,-0.09,official
1991-02,m21,Other services,其他服務,0.08,official
1991-02,m22,Final consumption expenditures of nonprofit institutions serving households,服務家庭之非營利機構淨消費,-0.01,official
1991-02,residual,Residual,差額,0.0006726384098543411,official
1991-03,m4,Motor vehicles and parts,汽車與零組件,0.0,official
1991-03,m5,Furnishings and durable household equipment,家具與耐久家用設備,-0.01,official
1991-03,m6,Recreational goods and vehicles,休閒商品與交通工具,0.01,official
1991-03,m7,Other durable goods,其他耐久財,-0.01,official
1991-03,m9,Food and beverages purchased for off-premises consumption,食物與飲料（居家消費）,0.0,official
1991-03,m10,Clothing and footwear,服裝與鞋類,0.0,official
1991-03,m11,Gasoline and other energy goods,汽油與其他能源商品,-0.15,official
1991-03,m12,Other nondurable goods,其他非耐久財,0.05,official
1991-03,m15,Housing and utilities,住宅與公用事業,0.02,official
1991-03,m16,Health care,醫療服務,0.08,official
1991-03,m17,Transportation services,運輸服務,0.03,official
1991-03,m18,Recreation services,休閒服務,0.02,official
1991-03,m19,Food services and accommodations,餐飲與住宿,0.01,official
1991-03,m20,Financial services and insurance,金融服務與保險,-0.03,official
1991-03,m21,Other services,其他服務,0.03,official
1991-03,m22,Final consumption expenditures of nonprofit institutions serving households,服務家庭之非營利機構淨消費,-0.02,official
1991-03,residual,Residual,差額,-0.008760946281530773,official
1991-04,m4,Motor vehicles and parts,汽車與零組件,0.01,official
1991-04,m5,Furnishings and durable household equipment,家具與耐久家用設備,0.0,official
1991-04,m6,Recreational goods and vehicles,休閒商品與交通工具,-0.01,official
1991-04,m7,Other durable goods,其他耐久財,0.03,official
1991-04,m9,Food and beverages purchased for off-premises consumption,食物與飲料（居家消費）,0.05,official
1991-04,m10,Clothing and footwear,服裝與鞋類,0.01,official
1991-04,m11,Gasoline and other energy goods,汽油與其他能源商品,-0.02,official
1991-04,m12,Other nondurable goods,其他非耐久財,0.04,official
1991-04,m15,Housing and utilities,住宅與公用事業,0.02,official
1991-04,m16,Health care,醫療服務,0.07,official
1991-04,m17,Transportation services,運輸服務,-0.03,official
1991-04,m18,Recreation services,休閒服務,0.01,official
1991-04,m19,Food services and accommodations,餐飲與住宿,0.03,official
1991-04,m20,Financial services and insurance,金融服務與保險,-0.04,official
1991-04,m21,Other services,其他服務,0.02,official
1991-04,m22,Final consumption expenditures of nonprofit institutions serving households,服務家庭之非營利機構淨消費,0.0,official
1991-04,residual,Residual,差額,-0.008689665310911254,official
1991-05,m4,Motor vehicles and parts,汽車與零組件,0.01,official
1991-05,m5,Furnishings and durable household equipment,家具與耐久家用設備,0.02,official
1991-05,m6,Recreational goods and vehicles,休閒商品與交通工具,-0.02,official
1991-05,m7,Other durable goods,其他耐久財,0.0,official
1991-05,m9,Food and beverages purchased for off-premises consumption,食物與飲料（居家消費）,0.03,official
1991-05,m10,Clothing and footwear,服裝與鞋類,0.03,official
1991-05,m11,Gasoline and other energy goods,汽油與其他能源商品,0.04,official
1991-05,m12,Other nondurable goods,其他非耐久財,0.01,official
1991-05,m15,Housing and utilities,住宅與公用事業,0.06,official
1991-05,m16,Health care,醫療服務,0.07,official
1991-05,m17,Transportation services,運輸服務,0.02,official
1991-05,m18,Recreation services,休閒服務,0.02,official
1991-05,m19,Food services and accommodations,餐飲與住宿,0.02,official
1991-05,m20,Financial services and insurance,金融服務與保險,0.06,official
1991-05,m21,Other services,其他服務,0.01,official
1991-05,m22,Final consumption expenditures of nonprofit institutions serving households,服務家庭之非營利機構淨消費,0.03,official
1991-05,residual,Residual,差額,0.004139437813854119,official
1991-06,m4,Motor vehicles and parts,汽車與零組件,0.01,official
1991-06,m5,Furnishings and durable household equipment,家具與耐久家用設備,-0.02,official
1991-06,m6,Recreational goods and vehicles,休閒商品與交通工具,-0.01,official
1991-06,m7,Other durable goods,其他耐久財,-0.03,official
1991-06,m9,Food and beverages purchased for off-premises consumption,食物與飲料（居家消費）,0.05,official
1991-06,m10,Clothing and footwear,服裝與鞋類,0.01,official
1991-06,m11,Gasoline and other energy goods,汽油與其他能源商品,-0.03,official
1991-06,m12,Other nondurable goods,其他非耐久財,0.01,official
1991-06,m15,Housing and utilities,住宅與公用事業,0.0,official
1991-06,m16,Health care,醫療服務,0.07,official
1991-06,m17,Transportation services,運輸服務,0.02,official
1991-06,m18,Recreation services,休閒服務,0.01,official
1991-06,m19,Food services and accommodations,餐飲與住宿,0.02,official
1991-06,m20,Financial services and insurance,金融服務與保險,0.05,official
1991-06,m21,Other services,其他服務,0.03,official
1991-06,m22,Final consumption expenditures of nonprofit institutions serving households,服務家庭之非營利機構淨消費,-0.02,official
1991-06,residual,Residual,差額,-0.0011304517260467273,official
1991-07,m4,Motor vehicles and parts,汽車與零組件,0.03,official
1991-07,m5,Furnishings and durable household equipment,家具與耐久家用設備,0.03,official
1991-07,m6,Recreational goods and vehicles,休閒商品與交通工具,-0.02,official
1991-07,m7,Other durable goods,其他耐久財,0.04,official
1991-07,m9,Food and beverages purchased for off-premises consumption,食物與飲料（居家消費）,-0.07,official
1991-07,m10,Clothing and footwear,服裝與鞋類,0.0,official
1991-07,m11,Gasoline and other energy goods,汽油與其他能源商品,-0.05,official
1991-07,m12,Other nondurable goods,其他非耐久財,0.02,official
1991-07,m15,Housing and utilities,住宅與公用事業,0.04,official
1991-07,m16,Health care,醫療服務,0.07,official
1991-07,m17,Transportation services,運輸服務,0.01,official
1991-07,m18,Recreation services,休閒服務,0.01,official
1991-07,m19,Food services and accommodations,餐飲與住宿,0.01,official
1991-07,m20,Financial services and insurance,金融服務與保險,0.03,official
1991-07,m21,Other services,其他服務,0.02,official
1991-07,m22,Final consumption expenditures of nonprofit institutions serving households,服務家庭之非營利機構淨消費,-0.03,official
1991-07,residual,Residual,差額,0.0172378019127907,official
1991-08,m4,Motor vehicles and parts,汽車與零組件,0.0,official
1991-08,m5,Furnishings and durable household equipment,家具與耐久家用設備,-0.01,official
1991-08,m6,Recreational goods and vehicles,休閒商品與交通工具,-0.01,official
1991-08,m7,Other durable goods,其他耐久財,0.0,official
1991-08,m9,Food and beverages purchased for off-premises consumption,食物與飲料（居家消費）,-0.03,official
1991-08,m10,Clothing and footwear,服裝與鞋類,0.03,official
1991-08,m11,Gasoline and other energy goods,汽油與其他能源商品,0.04,official
1991-08,m12,Other nondurable goods,其他非耐久財,0.04,official
1991-08,m15,Housing and utilities,住宅與公用事業,0.02,official
1991-08,m16,Health care,醫療服務,0.1,official
1991-08,m17,Transportation services,運輸服務,0.01,official
1991-08,m18,Recreation services,休閒服務,0.01,official
1991-08,m19,Food services and accommodations,餐飲與住宿,0.02,official
1991-08,m20,Financial services and insurance,金融服務與保險,0.0,official
1991-08,m21,Other services,其他服務,0.02,official
1991-08,m22,Final consumption expenditures of nonprofit institutions serving households,服務家庭之非營利機構淨消費,-0.01,official
1991-08,residual,Residual,差額,0.003058734037894223,official
1991-09,m4,Motor vehicles and parts,汽車與零組件,0.0,official
1991-09,m5,Furnishings and durable household equipment,家具與耐久家用設備,0.01,official
1991-09,m6,Recreational goods and vehicles,休閒商品與交通工具,0.02,official
1991-09,m7,Other durable goods,其他耐久財,0.01,official
1991-09,m9,Food and beverages purchased for off-premises consumption,食物與飲料（居家消費）,-0.01,official
1991-09,m10,Clothing and footwear,服裝與鞋類,0.02,official
1991-09,m11,Gasoline and other energy goods,汽油與其他能源商品,0.01,official
1991-09,m12,Other nondurable goods,其他非耐久財,0.02,official
1991-09,m15,Housing and utilities,住宅與公用事業,0.05,official
1991-09,m16,Health care,醫療服務,0.07,official
1991-09,m17,Transportation services,運輸服務,0.03,official
1991-09,m18,Recreation services,休閒服務,0.02,official
1991-09,m19,Food services and accommodations,餐飲與住宿,0.03,official
1991-09,m20,Financial services and insurance,金融服務與保險,0.04,official
1991-09,m21,Other services,其他服務,0.06,official
1991-09,m22,Final consumption expenditures of nonprofit institutions serving households,服務家庭之非營利機構淨消費,-0.03,official
1991-09,residual,Residual,差額,-0.006068850817836091,official
1991-10,m4,Motor vehicles and parts,汽車與零組件,0.01,official
1991-10,m5,Furnishings and durable household equipment,家具與耐久家用設備,0.0,official
1991-10,m6,Recreational goods and vehicles,休閒商品與交通工具,0.0,official
1991-10,m7,Other durable goods,其他耐久財,0.02,official
1991-10,m9,Food and beverages purchased for off-premises consumption,食物與飲料（居家消費）,0.0,official
1991-10,m10,Clothing and footwear,服裝與鞋類,-0.01,official
1991-10,m11,Gasoline and other energy goods,汽油與其他能源商品,-0.01,official
1991-10,m12,Other nondurable goods,其他非耐久財,0.01,official
1991-10,m15,Housing and utilities,住宅與公用事業,0.07,official
1991-10,m16,Health care,醫療服務,0.08,official
1991-10,m17,Transportation services,運輸服務,0.01,official
1991-10,m18,Recreation services,休閒服務,0.0,official
1991-10,m19,Food services and accommodations,餐飲與住宿,0.01,official
1991-10,m20,Financial services and insurance,金融服務與保險,0.0,official
1991-10,m21,Other services,其他服務,0.02,official
1991-10,m22,Final consumption expenditures of nonprofit institutions serving households,服務家庭之非營利機構淨消費,-0.01,official
1991-10,residual,Residual,差額,-0.013336766220395202,official
1991-11,m4,Motor vehicles and parts,汽車與零組件,0.02,official
1991-11,m5,Furnishings and durable household equipment,家具與耐久家用設備,-0.01,official
1991-11,m6,Recreational goods and vehicles,休閒商品與交通工具,0.0,official
1991-11,m7,Other durable goods,其他耐久財,0.01,official
1991-11,m9,Food and beverages purchased for off-premises consumption,食物與飲料（居家消費）,0.02,official
1991-11,m10,Clothing and footwear,服裝與鞋類,0.03,official
1991-11,m11,Gasoline and other energy goods,汽油與其他能源商品,0.04,official
1991-11,m12,Other nondurable goods,其他非耐久財,0.03,official
1991-11,m15,Housing and utilities,住宅與公用事業,0.05,official
1991-11,m16,Health care,醫療服務,0.09,official
1991-11,m17,Transportation services,運輸服務,-0.02,official
1991-11,m18,Recreation services,休閒服務,0.01,official
1991-11,m19,Food services and accommodations,餐飲與住宿,-0.02,official
1991-11,m20,Financial services and insurance,金融服務與保險,-0.04,official
1991-11,m21,Other services,其他服務,0.03,official
1991-11,m22,Final consumption expenditures of nonprofit institutions serving households,服務家庭之非營利機構淨消費,-0.02,official
1991-11,residual,Residual,差額,4.4972695143669084e-05,official
1991-12,m4,Motor vehicles and parts,汽車與零組件,0.01,official
1991-12,m5,Furnishings and durable household equipment,家具與耐久家用設備,-0.01,official
1991-12,m6,Recreational goods and vehicles,休閒商品與交通工具,-0.02,official
1991-12,m7,Other durable goods,其他耐久財,-0.03,official
1991-12,m9,Food and beverages purchased for off-premises consumption,食物與飲料（居家消費）,0.0,official
1991-12,m10,Clothing and footwear,服裝與鞋類,0.0,official
1991-12,m11,Gasoline and other energy goods,汽油與其他能源商品,0.02,official
1991-12,m12,Other nondurable goods,其他非耐久財,0.03,official
1991-12,m15,Housing and utilities,住宅與公用事業,0.09,official
1991-12,m16,Health care,醫療服務,0.09,official
1991-12,m17,Transportation services,運輸服務,-0.01,official
1991-12,m18,Recreation services,休閒服務,-0.01,official
1991-12,m19,Food services and accommodations,餐飲與住宿,0.02,official
1991-12,m20,Financial services and insurance,金融服務與保險,0.06,official
1991-12,m21,Other services,其他服務,0.02,official
1991-12,m22,Final consumption expenditures of nonprofit institutions serving households,服務家庭之非營利機構淨消費,-0.01,official
1991-12,residual,Residual,差額,1.2019808631968942e-05,official
1992-01,m4,Motor vehicles and parts,汽車與零組件,0.0,official
1992-01,m5,Furnishings and durable household equipment,家具與耐久家用設備,0.03,official
1992-01,m6,Recreational goods and vehicles,休閒商品與交通工具,-0.01,official
1992-01,m7,Other durable goods,其他耐久財,0.01,official
1992-01,m9,Food and beverages purchased for off-premises consumption,食物與飲料（居家消費）,-0.01,official
1992-01,m10,Clothing and footwear,服裝與鞋類,-0.01,official
1992-01,m11,Gasoline and other energy goods,汽油與其他能源商品,-0.08,official
1992-01,m12,Other nondurable goods,其他非耐久財,0.03,official
1992-01,m15,Housing and utilities,住宅與公用事業,0.02,official
1992-01,m16,Health care,醫療服務,0.09,official
1992-01,m17,Transportation services,運輸服務,0.05,official
1992-01,m18,Recreation services,休閒服務,-0.01,official
1992-01,m19,Food services and accommodations,餐飲與住宿,0.0,official
1992-01,m20,Financial services and insurance,金融服務與保險,0.03,official
1992-01,m21,Other services,其他服務,0.02,official
1992-01,m22,Final consumption expenditures of nonprofit institutions serving households,服務家庭之非營利機構淨消費,-0.02,official
1992-01,residual,Residual,差額,-0.004115230284711252,official
1992-02,m4,Motor vehicles and parts,汽車與零組件,-0.02,official
1992-02,m5,Furnishings and durable household equipment,家具與耐久家用設備,0.02,official
1992-02,m6,Recreational goods and vehicles,休閒商品與交通工具,0.0,official
1992-02,m7,Other durable goods,其他耐久財,0.02,official
1992-02,m9,Food and beverages purchased for off-premises consumption,食物與飲料（居家消費）,0.04,official
1992-02,m10,Clothing and footwear,服裝與鞋類,-0.03,official
1992-02,m11,Gasoline and other energy goods,汽油與其他能源商品,-0.01,official
1992-02,m12,Other nondurable goods,其他非耐久財,0.04,official
1992-02,m15,Housing and utilities,住宅與公用事業,0.04,official
1992-02,m16,Health care,醫療服務,0.09,official
1992-02,m17,Transportation services,運輸服務,0.0,official
1992-02,m18,Recreation services,休閒服務,0.02,official
1992-02,m19,Food services and accommodations,餐飲與住宿,0.01,official
1992-02,m20,Financial services and insurance,金融服務與保險,0.02,official
1992-02,m21,Other services,其他服務,0.05,official
1992-02,m22,Final consumption expenditures of nonprofit institutions serving households,服務家庭之非營利機構淨消費,-0.03,official
1992-02,residual,Residual,差額,-0.0061604776653132465,official
1992-03,m4,Motor vehicles and parts,汽車與零組件,0.0,official
1992-03,m5,Furnishings and durable household equipment,家具與耐久家用設備,0.01,official
1992-03,m6,Recreational goods and vehicles,休閒商品與交通工具,-0.01,official
1992-03,m7,Other durable goods,其他耐久財,-0.01,official
1992-03,m9,Food and beverages purchased for off-premises consumption,食物與飲料（居家消費）,0.03,official
1992-03,m10,Clothing and footwear,服裝與鞋類,0.01,official
1992-03,m11,Gasoline and other energy goods,汽油與其他能源商品,0.01,official
1992-03,m12,Other nondurable goods,其他非耐久財,0.02,official
1992-03,m15,Housing and utilities,住宅與公用事業,0.04,official
1992-03,m16,Health care,醫療服務,0.09,official
1992-03,m17,Transportation services,運輸服務,0.0,official
1992-03,m18,Recreation services,休閒服務,0.02,official
1992-03,m19,Food services and accommodations,餐飲與住宿,0.01,official
1992-03,m20,Financial services and insurance,金融服務與保險,0.03,official
1992-03,m21,Other services,其他服務,0.04,official
1992-03,m22,Final consumption expenditures of nonprofit institutions serving households,服務家庭之非營利機構淨消費,-0.04,official
1992-03,residual,Residual,差額,-0.007950220551938614,official
1992-04,m4,Motor vehicles and parts,汽車與零組件,0.02,official
1992-04,m5,Furnishings and durable household equipment,家具與耐久家用設備,0.01,official
1992-04,m6,Recreational goods and vehicles,休閒商品與交通工具,0.0,official
1992-04,m7,Other durable goods,其他耐久財,-0.01,official
1992-04,m9,Food and beverages purchased for off-premises consumption,食物與飲料（居家消費）,-0.02,official
1992-04,m10,Clothing and footwear,服裝與鞋類,-0.01,official
1992-04,m11,Gasoline and other energy goods,汽油與其他能源商品,-0.01,official
1992-04,m12,Other nondurable goods,其他非耐久財,0.04,official
1992-04,m15,Housing and utilities,住宅與公用事業,0.05,official
1992-04,m16,Health care,醫療服務,0.07,official
1992-04,m17,Transportation services,運輸服務,0.02,official
1992-04,m18,Recreation services,休閒服務,0.02,official
1992-04,m19,Food services and accommodations,餐飲與住宿,0.02,official
1992-04,m20,Financial services and insurance,金融服務與保險,0.04,official
1992-04,m21,Other services,其他服務,0.0,official
1992-04,m22,Final consumption expenditures of nonprofit institutions serving households,服務家庭之非營利機構淨消費,0.01,official
1992-04,residual,Residual,差額,0.02005988975201678,official
1992-05,m4,Motor vehicles and parts,汽車與零組件,0.02,official
1992-05,m5,Furnishings and durable household equipment,家具與耐久家用設備,-0.01,official
1992-05,m6,Recreational goods and vehicles,休閒商品與交通工具,0.0,official
1992-05,m7,Other durable goods,其他耐久財,0.01,official
1992-05,m9,Food and beverages purchased for off-premises consumption,食物與飲料（居家消費）,-0.02,official
1992-05,m10,Clothing and footwear,服裝與鞋類,0.02,official
1992-05,m11,Gasoline and other energy goods,汽油與其他能源商品,0.03,official
1992-05,m12,Other nondurable goods,其他非耐久財,0.0,official
1992-05,m15,Housing and utilities,住宅與公用事業,0.04,official
1992-05,m16,Health care,醫療服務,0.08,official
1992-05,m17,Transportation services,運輸服務,-0.03,official
1992-05,m18,Recreation services,休閒服務,0.01,official
1992-05,m19,Food services and accommodations,餐飲與住宿,0.01,official
1992-05,m20,Financial services and insurance,金融服務與保險,-0.01,official
1992-05,m21,Other services,其他服務,0.02,official
1992-05,m22,Final consumption expenditures of nonprofit institutions serving households,服務家庭之非營利機構淨消費,-0.03,official
1992-05,residual,Residual,差額,-0.0069180436952297475,official
1992-06,m4,Motor vehicles and parts,汽車與零組件,0.01,official
1992-06,m5,Furnishings and durable household equipment,家具與耐久家用設備,0.0,official
1992-06,m6,Recreational goods and vehicles,休閒商品與交通工具,-0.03,official
1992-06,m7,Other durable goods,其他耐久財,0.0,official
1992-06,m9,Food and beverages purchased for off-premises consumption,食物與飲料（居家消費）,0.04,official
1992-06,m10,Clothing and footwear,服裝與鞋類,0.0,official
1992-06,m11,Gasoline and other energy goods,汽油與其他能源商品,0.06,official
1992-06,m12,Other nondurable goods,其他非耐久財,0.01,official
1992-06,m15,Housing and utilities,住宅與公用事業,0.03,official
1992-06,m16,Health care,醫療服務,0.07,official
1992-06,m17,Transportation services,運輸服務,-0.05,official
1992-06,m18,Recreation services,休閒服務,0.0,official
1992-06,m19,Food services and accommodations,餐飲與住宿,0.01,official
1992-06,m20,Financial services and insurance,金融服務與保險,0.02,official
1992-06,m21,Other services,其他服務,0.03,official
1992-06,m22,Final consumption expenditures of nonprofit institutions serving households,服務家庭之非營利機構淨消費,-0.02,official
1992-06,residual,Residual,差額,-0.0027932218407332177,official
1992-07,m4,Motor vehicles and parts,汽車與零組件,0.0,official
1992-07,m5,Furnishings and durable household equipment,家具與耐久家用設備,0.01,official
1992-07,m6,Recreational goods and vehicles,休閒商品與交通工具,-0.01,official
1992-07,m7,Other durable goods,其他耐久財,0.02,official
1992-07,m9,Food and beverages purchased for off-premises consumption,食物與飲料（居家消費）,-0.01,official
1992-07,m10,Clothing and footwear,服裝與鞋類,0.0,official
1992-07,m11,Gasoline and other energy goods,汽油與其他能源商品,0.02,official
1992-07,m12,Other nondurable goods,其他非耐久財,0.04,official
1992-07,m15,Housing and utilities,住宅與公用事業,0.03,official
1992-07,m16,Health care,醫療服務,0.08,official
1992-07,m17,Transportation services,運輸服務,0.08,official
1992-07,m18,Recreation services,休閒服務,0.01,official
1992-07,m19,Food services and accommodations,餐飲與住宿,0.02,official
1992-07,m20,Financial services and insurance,金融服務與保險,0.0,official
1992-07,m21,Other services,其他服務,0.03,official
1992-07,m22,Final consumption expenditures of nonprofit institutions serving households,服務家庭之非營利機構淨消費,0.0,official
1992-07,residual,Residual,差額,0.010095553976161853,official
1992-08,m4,Motor vehicles and parts,汽車與零組件,0.03,official
1992-08,m5,Furnishings and durable household equipment,家具與耐久家用設備,-0.01,official
1992-08,m6,Recreational goods and vehicles,休閒商品與交通工具,-0.01,official
1992-08,m7,Other durable goods,其他耐久財,0.0,official
1992-08,m9,Food and beverages purchased for off-premises consumption,食物與飲料（居家消費）,0.07,official
1992-08,m10,Clothing and footwear,服裝與鞋類,-0.01,official
1992-08,m11,Gasoline and other energy goods,汽油與其他能源商品,-0.02,official
1992-08,m12,Other nondurable goods,其他非耐久財,0.0,official
1992-08,m15,Housing and utilities,住宅與公用事業,0.04,official
1992-08,m16,Health care,醫療服務,0.07,official
1992-08,m17,Transportation services,運輸服務,-0.09,official
1992-08,m18,Recreation services,休閒服務,0.01,official
1992-08,m19,Food services and accommodations,餐飲與住宿,0.01,official
1992-08,m20,Financial services and insurance,金融服務與保險,0.01,official
1992-08,m21,Other services,其他服務,0.03,official
1992-08,m22,Final consumption expenditures of nonprofit institutions serving households,服務家庭之非營利機構淨消費,-0.01,official
1992-08,residual,Residual,差額,0.013807694729548556,official
1992-09,m4,Motor vehicles and parts,汽車與零組件,0.01,official
1992-09,m5,Furnishings and durable household equipment,家具與耐久家用設備,-0.01,official
1992-09,m6,Recreational goods and vehicles,休閒商品與交通工具,-0.01,official
1992-09,m7,Other durable goods,其他耐久財,0.0,official
1992-09,m9,Food and beverages purchased for off-premises consumption,食物與飲料（居家消費）,0.02,official
1992-09,m10,Clothing and footwear,服裝與鞋類,0.01,official
1992-09,m11,Gasoline and other energy goods,汽油與其他能源商品,-0.01,official
1992-09,m12,Other nondurable goods,其他非耐久財,0.0,official
1992-09,m15,Housing and utilities,住宅與公用事業,0.01,official
1992-09,m16,Health care,醫療服務,0.08,official
1992-09,m17,Transportation services,運輸服務,0.04,official
1992-09,m18,Recreation services,休閒服務,0.0,official
1992-09,m19,Food services and accommodations,餐飲與住宿,0.03,official
1992-09,m20,Financial services and insurance,金融服務與保險,0.02,official
1992-09,m21,Other services,其他服務,0.01,official
1992-09,m22,Final consumption expenditures of nonprofit institutions serving households,服務家庭之非營利機構淨消費,-0.03,official
1992-09,residual,Residual,差額,-0.006501124054777291,official
1992-10,m4,Motor vehicles and parts,汽車與零組件,0.0,official
1992-10,m5,Furnishings and durable household equipment,家具與耐久家用設備,0.01,official
1992-10,m6,Recreational goods and vehicles,休閒商品與交通工具,0.01,official
1992-10,m7,Other durable goods,其他耐久財,0.0,official
1992-10,m9,Food and beverages purchased for off-premises consumption,食物與飲料（居家消費）,-0.01,official
1992-10,m10,Clothing and footwear,服裝與鞋類,0.01,official
1992-10,m11,Gasoline and other energy goods,汽油與其他能源商品,0.03,official
1992-10,m12,Other nondurable goods,其他非耐久財,-0.01,official
1992-10,m15,Housing and utilities,住宅與公用事業,0.06,official
1992-10,m16,Health care,醫療服務,0.08,official
1992-10,m17,Transportation services,運輸服務,0.08,official
1992-10,m18,Recreation services,休閒服務,0.01,official
1992-10,m19,Food services and accommodations,餐飲與住宿,0.0,official
1992-10,m20,Financial services and insurance,金融服務與保險,0.07,official
1992-10,m21,Other services,其他服務,0.01,official
1992-10,m22,Final consumption expenditures of nonprofit institutions serving households,服務家庭之非營利機構淨消費,0.0,official
1992-10,residual,Residual,差額,0.0031461397203061403,official
1992-11,m4,Motor vehicles and parts,汽車與零組件,0.01,official
1992-11,m5,Furnishings and durable household equipment,家具與耐久家用設備,0.02,official
1992-11,m6,Recreational goods and vehicles,休閒商品與交通工具,-0.01,official
1992-11,m7,Other durable goods,其他耐久財,0.01,official
1992-11,m9,Food and beverages purchased for off-premises consumption,食物與飲料（居家消費）,-0.03,official
1992-11,m10,Clothing and footwear,服裝與鞋類,0.01,official
1992-11,m11,Gasoline and other energy goods,汽油與其他能源商品,0.01,official
1992-11,m12,Other nondurable goods,其他非耐久財,0.02,official
1992-11,m15,Housing and utilities,住宅與公用事業,0.08,official
1992-11,m16,Health care,醫療服務,0.07,official
1992-11,m17,Transportation services,運輸服務,0.01,official
1992-11,m18,Recreation services,休閒服務,0.0,official
1992-11,m19,Food services and accommodations,餐飲與住宿,0.0,official
1992-11,m20,Financial services and insurance,金融服務與保險,0.03,official
1992-11,m21,Other services,其他服務,0.0,official
1992-11,m22,Final consumption expenditures of nonprofit institutions serving households,服務家庭之非營利機構淨消費,-0.03,official
1992-11,residual,Residual,差額,-0.002934092402040289,official
1992-12,m4,Motor vehicles and parts,汽車與零組件,0.01,official
1992-12,m5,Furnishings and durable household equipment,家具與耐久家用設備,-0.02,official
1992-12,m6,Recreational goods and vehicles,休閒商品與交通工具,-0.02,official
1992-12,m7,Other durable goods,其他耐久財,-0.01,official
1992-12,m9,Food and beverages purchased for off-premises consumption,食物與飲料（居家消費）,0.0,official
1992-12,m10,Clothing and footwear,服裝與鞋類,0.0,official
1992-12,m11,Gasoline and other energy goods,汽油與其他能源商品,0.01,official
1992-12,m12,Other nondurable goods,其他非耐久財,0.04,official
1992-12,m15,Housing and utilities,住宅與公用事業,0.05,official
1992-12,m16,Health care,醫療服務,0.07,official
1992-12,m17,Transportation services,運輸服務,-0.01,official
1992-12,m18,Recreation services,休閒服務,0.0,official
1992-12,m19,Food services and accommodations,餐飲與住宿,0.0,official
1992-12,m20,Financial services and insurance,金融服務與保險,0.04,official
1992-12,m21,Other services,其他服務,0.01,official
1992-12,m22,Final consumption expenditures of nonprofit institutions serving households,服務家庭之非營利機構淨消費,-0.02,official
1992-12,residual,Residual,差額,0.024825174825188312,official
1993-01,m4,Motor vehicles and parts,汽車與零組件,0.02,official
1993-01,m5,Furnishings and durable household equipment,家具與耐久家用設備,-0.01,official
1993-01,m6,Recreational goods and vehicles,休閒商品與交通工具,0.0,official
1993-01,m7,Other durable goods,其他耐久財,0.02,official
1993-01,m9,Food and beverages purchased for off-premises consumption,食物與飲料（居家消費）,0.01,official
1993-01,m10,Clothing and footwear,服裝與鞋類,-0.04,official
1993-01,m11,Gasoline and other energy goods,汽油與其他能源商品,0.0,official
1993-01,m12,Other nondurable goods,其他非耐久財,0.03,official
1993-01,m15,Housing and utilities,住宅與公用事業,0.04,official
1993-01,m16,Health care,醫療服務,0.07,official
1993-01,m17,Transportation services,運輸服務,0.04,official
1993-01,m18,Recreation services,休閒服務,0.01,official
1993-01,m19,Food services and accommodations,餐飲與住宿,0.01,official
1993-01,m20,Financial services and insurance,金融服務與保險,0.05,official
1993-01,m21,Other services,其他服務,0.03,official
1993-01,m22,Final consumption expenditures of nonprofit institutions serving households,服務家庭之非營利機構淨消費,-0.02,official
1993-01,residual,Residual,差額,-0.016918474195965816,official
1993-02,m4,Motor vehicles and parts,汽車與零組件,0.01,official
1993-02,m5,Furnishings and durable household equipment,家具與耐久家用設備,0.0,official
1993-02,m6,Recreational goods and vehicles,休閒商品與交通工具,0.0,official
1993-02,m7,Other durable goods,其他耐久財,-0.02,official
1993-02,m9,Food and beverages purchased for off-premises consumption,食物與飲料（居家消費）,0.03,official
1993-02,m10,Clothing and footwear,服裝與鞋類,0.03,official
1993-02,m11,Gasoline and other energy goods,汽油與其他能源商品,0.0,official
1993-02,m12,Other nondurable goods,其他非耐久財,0.01,official
1993-02,m15,Housing and utilities,住宅與公用事業,0.0,official
1993-02,m16,Health care,醫療服務,0.05,official
1993-02,m17,Transportation services,運輸服務,0.01,official
1993-02,m18,Recreation services,休閒服務,0.01,official
1993-02,m19,Food services and accommodations,餐飲與住宿,0.01,official
1993-02,m20,Financial services and insurance,金融服務與保險,-0.03,official
1993-02,m21,Other services,其他服務,0.02,official
1993-02,m22,Final consumption expenditures of nonprofit institutions serving households,服務家庭之非營利機構淨消費,0.02,official
1993-02,residual,Residual,差額,0.0007803270534235962,official
1993-03,m4,Motor vehicles and parts,汽車與零組件,0.02,official
1993-03,m5,Furnishings and durable household equipment,家具與耐久家用設備,0.02,official
1993-03,m6,Recreational goods and vehicles,休閒商品與交通工具,-0.02,official
1993-03,m7,Other durable goods,其他耐久財,-0.02,official
1993-03,m9,Food and beverages purchased for off-premises consumption,食物與飲料（居家消費）,0.0,official
1993-03,m10,Clothing and footwear,服裝與鞋類,-0.02,official
1993-03,m11,Gasoline and other energy goods,汽油與其他能源商品,-0.02,official
1993-03,m12,Other nondurable goods,其他非耐久財,0.01,official
1993-03,m15,Housing and utilities,住宅與公用事業,0.09,official
1993-03,m16,Health care,醫療服務,0.03,official
1993-03,m17,Transportation services,運輸服務,0.02,official
1993-03,m18,Recreation services,休閒服務,0.02,official
1993-03,m19,Food services and accommodations,餐飲與住宿,0.01,official
1993-03,m20,Financial services and insurance,金融服務與保險,0.05,official
1993-03,m21,Other services,其他服務,0.02,official
1993-03,m22,Final consumption expenditures of nonprofit institutions serving households,服務家庭之非營利機構淨消費,0.0,official
1993-03,residual,Residual,差額,-0.005123314035594212,official
1993-04,m4,Motor vehicles and parts,汽車與零組件,0.03,official
1993-04,m5,Furnishings and durable household equipment,家具與耐久家用設備,0.01,official
1993-04,m6,Recreational goods and vehicles,休閒商品與交通工具,0.0,official
1993-04,m7,Other durable goods,其他耐久財,0.02,official
1993-04,m9,Food and beverages purchased for off-premises consumption,食物與飲料（居家消費）,0.02,official
1993-04,m10,Clothing and footwear,服裝與鞋類,-0.01,official
1993-04,m11,Gasoline and other energy goods,汽油與其他能源商品,-0.01,official
1993-04,m12,Other nondurable goods,其他非耐久財,0.01,official
1993-04,m15,Housing and utilities,住宅與公用事業,0.06,official
1993-04,m16,Health care,醫療服務,0.05,official
1993-04,m17,Transportation services,運輸服務,-0.02,official
1993-04,m18,Recreation services,休閒服務,0.02,official
1993-04,m19,Food services and accommodations,餐飲與住宿,0.03,official
1993-04,m20,Financial services and insurance,金融服務與保險,0.05,official
1993-04,m21,Other services,其他服務,0.01,official
1993-04,m22,Final consumption expenditures of nonprofit institutions serving households,服務家庭之非營利機構淨消費,0.0,official
1993-04,residual,Residual,差額,-0.0035852914298160066,official
1993-05,m4,Motor vehicles and parts,汽車與零組件,0.02,official
1993-05,m5,Furnishings and durable household equipment,家具與耐久家用設備,-0.01,official
1993-05,m6,Recreational goods and vehicles,休閒商品與交通工具,-0.01,official
1993-05,m7,Other durable goods,其他耐久財,-0.01,official
1993-05,m9,Food and beverages purchased for off-premises consumption,食物與飲料（居家消費）,0.07,official
1993-05,m10,Clothing and footwear,服裝與鞋類,-0.03,official
1993-05,m11,Gasoline and other energy goods,汽油與其他能源商品,-0.06,official
1993-05,m12,Other nondurable goods,其他非耐久財,0.01,official
1993-05,m15,Housing and utilities,住宅與公用事業,0.06,official
1993-05,m16,Health care,醫療服務,0.09,official
1993-05,m17,Transportation services,運輸服務,-0.01,official
1993-05,m18,Recreation services,休閒服務,-0.01,official
1993-05,m19,Food services and accommodations,餐飲與住宿,0.02,official
1993-05,m20,Financial services and insurance,金融服務與保險,0.11,official
1993-05,m21,Other services,其他服務,0.06,official
1993-05,m22,Final consumption expenditures of nonprofit institutions serving households,服務家庭之非營利機構淨消費,0.0,official
1993-05,residual,Residual,差額,0.008961426165943476,official
1993-06,m4,Motor vehicles and parts,汽車與零組件,0.02,official
1993-06,m5,Furnishings and durable household equipment,家具與耐久家用設備,0.0,official
1993-06,m6,Recreational goods and vehicles,休閒商品與交通工具,-0.01,official
1993-06,m7,Other durable goods,其他耐久財,0.01,official
1993-06,m9,Food and beverages purchased for off-premises consumption,食物與飲料（居家消費）,-0.02,official
1993-06,m10,Clothing and footwear,服裝與鞋類,-0.01,official
1993-06,m11,Gasoline and other energy goods,汽油與其他能源商品,-0.04,official
1993-06,m12,Other nondurable goods,其他非耐久財,-0.02,official
1993-06,m15,Housing and utilities,住宅與公用事業,0.03,official
1993-06,m16,Health care,醫療服務,0.04,official
1993-06,m17,Transportation services,運輸服務,0.02,official
1993-06,m18,Recreation services,休閒服務,0.01,official
1993-06,m19,Food services and accommodations,餐飲與住宿,0.01,official
1993-06,m20,Financial services and insurance,金融服務與保險,-0.03,official
1993-06,m21,Other services,其他服務,0.01,official
1993-06,m22,Final consumption expenditures of nonprofit institutions serving households,服務家庭之非營利機構淨消費,0.0,official
1993-06,residual,Residual,差額,0.013881077418240757,official
1993-07,m4,Motor vehicles and parts,汽車與零組件,0.03,official
1993-07,m5,Furnishings and durable household equipment,家具與耐久家用設備,0.0,official
1993-07,m6,Recreational goods and vehicles,休閒商品與交通工具,0.0,official
1993-07,m7,Other durable goods,其他耐久財,0.0,official
1993-07,m9,Food and beverages purchased for off-premises consumption,食物與飲料（居家消費）,0.0,official
1993-07,m10,Clothing and footwear,服裝與鞋類,0.0,official
1993-07,m11,Gasoline and other energy goods,汽油與其他能源商品,-0.02,official
1993-07,m12,Other nondurable goods,其他非耐久財,0.0,official
1993-07,m15,Housing and utilities,住宅與公用事業,0.03,official
1993-07,m16,Health care,醫療服務,0.06,official
1993-07,m17,Transportation services,運輸服務,0.01,official
1993-07,m18,Recreation services,休閒服務,0.01,official
1993-07,m19,Food services and accommodations,餐飲與住宿,0.01,official
1993-07,m20,Financial services and insurance,金融服務與保險,0.04,official
1993-07,m21,Other services,其他服務,0.02,official
1993-07,m22,Final consumption expenditures of nonprofit institutions serving households,服務家庭之非營利機構淨消費,-0.01,official
1993-07,residual,Residual,差額,-0.01988915402970398,official
1993-08,m4,Motor vehicles and parts,汽車與零組件,0.02,official
1993-08,m5,Furnishings and durable household equipment,家具與耐久家用設備,0.01,official
1993-08,m6,Recreational goods and vehicles,休閒商品與交通工具,-0.01,official
1993-08,m7,Other durable goods,其他耐久財,0.0,official
1993-08,m9,Food and beverages purchased for off-premises consumption,食物與飲料（居家消費）,0.02,official
1993-08,m10,Clothing and footwear,服裝與鞋類,0.04,official
1993-08,m11,Gasoline and other energy goods,汽油與其他能源商品,-0.01,official
1993-08,m12,Other nondurable goods,其他非耐久財,-0.02,official
1993-08,m15,Housing and utilities,住宅與公用事業,0.03,official
1993-08,m16,Health care,醫療服務,0.04,official
1993-08,m17,Transportation services,運輸服務,0.0,official
1993-08,m18,Recreation services,休閒服務,0.02,official
1993-08,m19,Food services and accommodations,餐飲與住宿,0.0,official
1993-08,m20,Financial services and insurance,金融服務與保險,0.04,official
1993-08,m21,Other services,其他服務,0.02,official
1993-08,m22,Final consumption expenditures of nonprofit institutions serving households,服務家庭之非營利機構淨消費,-0.02,official
1993-08,residual,Residual,差額,-0.00938563457783853,official
1993-09,m4,Motor vehicles and parts,汽車與零組件,0.02,official
1993-09,m5,Furnishings and durable household equipment,家具與耐久家用設備,0.0,official
1993-09,m6,Recreational goods and vehicles,休閒商品與交通工具,0.0,official
1993-09,m7,Other durable goods,其他耐久財,0.02,official
1993-09,m9,Food and beverages purchased for off-premises consumption,食物與飲料（居家消費）,0.0,official
1993-09,m10,Clothing and footwear,服裝與鞋類,-0.03,official
1993-09,m11,Gasoline and other energy goods,汽油與其他能源商品,-0.03,official
1993-09,m12,Other nondurable goods,其他非耐久財,-0.05,official
1993-09,m15,Housing and utilities,住宅與公用事業,0.03,official
1993-09,m16,Health care,醫療服務,0.05,official
1993-09,m17,Transportation services,運輸服務,-0.01,official
1993-09,m18,Recreation services,休閒服務,0.01,official
1993-09,m19,Food services and accommodations,餐飲與住宿,0.01,official
1993-09,m20,Financial services and insurance,金融服務與保險,0.06,official
1993-09,m21,Other services,其他服務,0.02,official
1993-09,m22,Final consumption expenditures of nonprofit institutions serving households,服務家庭之非營利機構淨消費,0.01,official
1993-09,residual,Residual,差額,-0.005657511124746897,official
1993-10,m4,Motor vehicles and parts,汽車與零組件,0.02,official
1993-10,m5,Furnishings and durable household equipment,家具與耐久家用設備,0.01,official
1993-10,m6,Recreational goods and vehicles,休閒商品與交通工具,0.0,official
1993-10,m7,Other durable goods,其他耐久財,0.0,official
1993-10,m9,Food and beverages purchased for off-premises consumption,食物與飲料（居家消費）,0.05,official
1993-10,m10,Clothing and footwear,服裝與鞋類,-0.01,official
1993-10,m11,Gasoline and other energy goods,汽油與其他能源商品,0.13,official
1993-10,m12,Other nondurable goods,其他非耐久財,0.0,official
1993-10,m15,Housing and utilities,住宅與公用事業,0.04,official
1993-10,m16,Health care,醫療服務,0.04,official
1993-10,m17,Transportation services,運輸服務,0.02,official
1993-10,m18,Recreation services,休閒服務,0.01,official
1993-10,m19,Food services and accommodations,餐飲與住宿,0.01,official
1993-10,m20,Financial services and insurance,金融服務與保險,-0.04,official
1993-10,m21,Other services,其他服務,0.03,official
1993-10,m22,Final consumption expenditures of nonprofit institutions serving households,服務家庭之非營利機構淨消費,0.0,official
1993-10,residual,Residual,差額,0.004234035378158085,official
1993-11,m4,Motor vehicles and parts,汽車與零組件,0.03,official
1993-11,m5,Furnishings and durable household equipment,家具與耐久家用設備,0.01,official
1993-11,m6,Recreational goods and vehicles,休閒商品與交通工具,-0.01,official
1993-11,m7,Other durable goods,其他耐久財,0.0,official
1993-11,m9,Food and beverages purchased for off-premises consumption,食物與飲料（居家消費）,0.02,official
1993-11,m10,Clothing and footwear,服裝與鞋類,0.04,official
1993-11,m11,Gasoline and other energy goods,汽油與其他能源商品,-0.04,official
1993-11,m12,Other nondurable goods,其他非耐久財,0.02,official
1993-11,m15,Housing and utilities,住宅與公用事業,0.03,official
1993-11,m16,Health care,醫療服務,0.04,official
1993-11,m17,Transportation services,運輸服務,0.01,official
1993-11,m18,Recreation services,休閒服務,0.01,official
1993-11,m19,Food services and accommodations,餐飲與住宿,0.01,official
1993-11,m20,Financial services and insurance,金融服務與保險,0.02,official
1993-11,m21,Other services,其他服務,0.02,official
1993-11,m22,Final consumption expenditures of nonprofit institutions serving households,服務家庭之非營利機構淨消費,0.0,official
1993-11,residual,Residual,差額,-0.020522133765267042,official
1993-12,m4,Motor vehicles and parts,汽車與零組件,0.01,official
1993-12,m5,Furnishings and durable household equipment,家具與耐久家用設備,-0.01,official
1993-12,m6,Recreational goods and vehicles,休閒商品與交通工具,-0.01,official
1993-12,m7,Other durable goods,其他耐久財,-0.02,official
1993-12,m9,Food and beverages purchased for off-premises consumption,食物與飲料（居家消費）,0.02,official
1993-12,m10,Clothing and footwear,服裝與鞋類,-0.02,official
1993-12,m11,Gasoline and other energy goods,汽油與其他能源商品,-0.04,official
1993-12,m12,Other nondurable goods,其他非耐久財,0.02,official
1993-12,m15,Housing and utilities,住宅與公用事業,0.05,official
1993-12,m16,Health care,醫療服務,0.04,official
1993-12,m17,Transportation services,運輸服務,-0.03,official
1993-12,m18,Recreation services,休閒服務,0.01,official
1993-12,m19,Food services and accommodations,餐飲與住宿,0.01,official
1993-12,m20,Financial services and insurance,金融服務與保險,-0.04,official
1993-12,m21,Other services,其他服務,0.03,official
1993-12,m22,Final consumption expenditures of nonprofit institutions serving households,服務家庭之非營利機構淨消費,0.0,official
1993-12,residual,Residual,差額,0.002877362087636573,official
1994-01,m4,Motor vehicles and parts,汽車與零組件,0.01,official
1994-01,m5,Furnishings and durable household equipment,家具與耐久家用設備,0.02,official
1994-01,m6,Recreational goods and vehicles,休閒商品與交通工具,-0.01,official
1994-01,m7,Other durable goods,其他耐久財,0.0,official
1994-01,m9,Food and beverages purchased for off-premises consumption,食物與飲料（居家消費）,0.0,official
1994-01,m10,Clothing and footwear,服裝與鞋類,-0.04,official
1994-01,m11,Gasoline and other energy goods,汽油與其他能源商品,-0.03,official
1994-01,m12,Other nondurable goods,其他非耐久財,0.0,official
1994-01,m15,Housing and utilities,住宅與公用事業,0.03,official
1994-01,m16,Health care,醫療服務,0.07,official
1994-01,m17,Transportation services,運輸服務,0.01,official
1994-01,m18,Recreation services,休閒服務,0.01,official
1994-01,m19,Food services and accommodations,餐飲與住宿,0.0,official
1994-01,m20,Financial services and insurance,金融服務與保險,-0.04,official
1994-01,m21,Other services,其他服務,0.02,official
1994-01,m22,Final consumption expenditures of nonprofit institutions serving households,服務家庭之非營利機構淨消費,-0.02,official
1994-01,residual,Residual,差額,0.0035457900033642117,official
1994-02,m4,Motor vehicles and parts,汽車與零組件,0.0,official
1994-02,m5,Furnishings and durable household equipment,家具與耐久家用設備,-0.01,official
1994-02,m6,Recreational goods and vehicles,休閒商品與交通工具,0.0,official
1994-02,m7,Other durable goods,其他耐久財,0.02,official
1994-02,m9,Food and beverages purchased for off-premises consumption,食物與飲料（居家消費）,-0.02,official
1994-02,m10,Clothing and footwear,服裝與鞋類,-0.04,official
1994-02,m11,Gasoline and other energy goods,汽油與其他能源商品,0.05,official
1994-02,m12,Other nondurable goods,其他非耐久財,0.0,official
1994-02,m15,Housing and utilities,住宅與公用事業,0.06,official
1994-02,m16,Health care,醫療服務,0.05,official
1994-02,m17,Transportation services,運輸服務,0.01,official
1994-02,m18,Recreation services,休閒服務,0.01,official
1994-02,m19,Food services and accommodations,餐飲與住宿,0.0,official
1994-02,m20,Financial services and insurance,金融服務與保險,0.04,official
1994-02,m21,Other services,其他服務,0.05,official
1994-02,m22,Final consumption expenditures of nonprofit institutions serving households,服務家庭之非營利機構淨消費,0.0,official
1994-02,residual,Residual,差額,0.01169318943967454,official
1994-03,m4,Motor vehicles and parts,汽車與零組件,0.02,official
1994-03,m5,Furnishings and durable household equipment,家具與耐久家用設備,-0.01,official
1994-03,m6,Recreational goods and vehicles,休閒商品與交通工具,0.0,official
1994-03,m7,Other durable goods,其他耐久財,0.02,official
1994-03,m9,Food and beverages purchased for off-premises consumption,食物與飲料（居家消費）,-0.01,official
1994-03,m10,Clothing and footwear,服裝與鞋類,0.01,official
1994-03,m11,Gasoline and other energy goods,汽油與其他能源商品,-0.02,official
1994-03,m12,Other nondurable goods,其他非耐久財,0.01,official
1994-03,m15,Housing and utilities,住宅與公用事業,0.06,official
1994-03,m16,Health care,醫療服務,0.04,official
1994-03,m17,Transportation services,運輸服務,0.04,official
1994-03,m18,Recreation services,休閒服務,0.0,official
1994-03,m19,Food services and accommodations,餐飲與住宿,0.01,official
1994-03,m20,Financial services and insurance,金融服務與保險,0.05,official
1994-03,m21,Other services,其他服務,0.02,official
1994-03,m22,Final consumption expenditures of nonprofit institutions serving households,服務家庭之非營利機構淨消費,0.01,official
1994-03,residual,Residual,差額,0.025260052314618697,official
1994-04,m4,Motor vehicles and parts,汽車與零組件,0.01,official
1994-04,m5,Furnishings and durable household equipment,家具與耐久家用設備,0.01,official
1994-04,m6,Recreational goods and vehicles,休閒商品與交通工具,0.0,official
1994-04,m7,Other durable goods,其他耐久財,-0.02,official
1994-04,m9,Food and beverages purchased for off-premises consumption,食物與飲料（居家消費）,0.02,official
1994-04,m10,Clothing and footwear,服裝與鞋類,0.02,official
1994-04,m11,Gasoline and other energy goods,汽油與其他能源商品,-0.01,official
1994-04,m12,Other nondurable goods,其他非耐久財,0.01,official
1994-04,m15,Housing and utilities,住宅與公用事業,0.02,official
1994-04,m16,Health care,醫療服務,0.04,official
1994-04,m17,Transportation services,運輸服務,-0.01,official
1994-04,m18,Recreation services,休閒服務,-0.01,official
1994-04,m19,Food services and accommodations,餐飲與住宿,0.02,official
1994-04,m20,Financial services and insurance,金融服務與保險,0.02,official
1994-04,m21,Other services,其他服務,0.01,official
1994-04,m22,Final consumption expenditures of nonprofit institutions serving households,服務家庭之非營利機構淨消費,-0.01,official
1994-04,residual,Residual,差額,-0.0017052641157498938,official
1994-05,m4,Motor vehicles and parts,汽車與零組件,0.02,official
1994-05,m5,Furnishings and durable household equipment,家具與耐久家用設備,0.02,official
1994-05,m6,Recreational goods and vehicles,休閒商品與交通工具,0.0,official
1994-05,m7,Other durable goods,其他耐久財,0.0,official
1994-05,m9,Food and beverages purchased for off-premises consumption,食物與飲料（居家消費）,0.02,official
1994-05,m10,Clothing and footwear,服裝與鞋類,0.0,official
1994-05,m11,Gasoline and other energy goods,汽油與其他能源商品,-0.06,official
1994-05,m12,Other nondurable goods,其他非耐久財,0.03,official
1994-05,m15,Housing and utilities,住宅與公用事業,0.04,official
1994-05,m16,Health care,醫療服務,0.05,official
1994-05,m17,Transportation services,運輸服務,-0.01,official
1994-05,m18,Recreation services,休閒服務,0.01,official
1994-05,m19,Food services and accommodations,餐飲與住宿,0.01,official
1994-05,m20,Financial services and insurance,金融服務與保險,0.0,official
1994-05,m21,Other services,其他服務,0.01,official
1994-05,m22,Final consumption expenditures of nonprofit institutions serving households,服務家庭之非營利機構淨消費,0.0,official
1994-05,residual,Residual,差額,0.005421495114761421,official
1994-06,m4,Motor vehicles and parts,汽車與零組件,0.03,official
1994-06,m5,Furnishings and durable household equipment,家具與耐久家用設備,0.01,official
1994-06,m6,Recreational goods and vehicles,休閒商品與交通工具,-0.01,official
1994-06,m7,Other durable goods,其他耐久財,-0.01,official
1994-06,m9,Food and beverages purchased for off-premises consumption,食物與飲料（居家消費）,0.04,official
1994-06,m10,Clothing and footwear,服裝與鞋類,0.02,official
1994-06,m11,Gasoline and other energy goods,汽油與其他能源商品,0.02,official
1994-06,m12,Other nondurable goods,其他非耐久財,0.01,official
1994-06,m15,Housing and utilities,住宅與公用事業,0.02,official
1994-06,m16,Health care,醫療服務,0.06,official
1994-06,m17,Transportation services,運輸服務,0.0,official
1994-06,m18,Recreation services,休閒服務,0.0,official
1994-06,m19,Food services and accommodations,餐飲與住宿,0.01,official
1994-06,m20,Financial services and insurance,金融服務與保險,0.0,official
1994-06,m21,Other services,其他服務,0.02,official
1994-06,m22,Final consumption expenditures of nonprofit institutions serving households,服務家庭之非營利機構淨消費,0.01,official
1994-06,residual,Residual,差額,0.01352982105853015,official
1994-07,m4,Motor vehicles and parts,汽車與零組件,0.02,official
1994-07,m5,Furnishings and durable household equipment,家具與耐久家用設備,0.01,official
1994-07,m6,Recreational goods and vehicles,休閒商品與交通工具,0.0,official
1994-07,m7,Other durable goods,其他耐久財,0.02,official
1994-07,m9,Food and beverages purchased for off-premises consumption,食物與飲料（居家消費）,0.05,official
1994-07,m10,Clothing and footwear,服裝與鞋類,-0.01,official
1994-07,m11,Gasoline and other energy goods,汽油與其他能源商品,0.09,official
1994-07,m12,Other nondurable goods,其他非耐久財,0.01,official
1994-07,m15,Housing and utilities,住宅與公用事業,0.03,official
1994-07,m16,Health care,醫療服務,0.06,official
1994-07,m17,Transportation services,運輸服務,-0.01,official
1994-07,m18,Recreation services,休閒服務,0.01,official
1994-07,m19,Food services and accommodations,餐飲與住宿,0.0,official
1994-07,m20,Financial services and insurance,金融服務與保險,0.02,official
1994-07,m21,Other services,其他服務,0.04,official
1994-07,m22,Final consumption expenditures of nonprofit institutions serving households,服務家庭之非營利機構淨消費,-0.01,official
1994-07,residual,Residual,差額,-0.01463302752295087,official
1994-08,m4,Motor vehicles and parts,汽車與零組件,0.03,official
1994-08,m5,Furnishings and durable household equipment,家具與耐久家用設備,-0.01,official
1994-08,m6,Recreational goods and vehicles,休閒商品與交通工具,-0.01,official
1994-08,m7,Other durable goods,其他耐久財,0.0,official
1994-08,m9,Food and beverages purchased for off-premises consumption,食物與飲料（居家消費）,0.02,official
1994-08,m10,Clothing and footwear,服裝與鞋類,-0.04,official
1994-08,m11,Gasoline and other energy goods,汽油與其他能源商品,0.11,official
1994-08,m12,Other nondurable goods,其他非耐久財,0.01,official
1994-08,m15,Housing and utilities,住宅與公用事業,0.04,official
1994-08,m16,Health care,醫療服務,0.03,official
1994-08,m17,Transportation services,運輸服務,0.02,official
1994-08,m18,Recreation services,休閒服務,0.0,official
1994-08,m19,Food services and accommodations,餐飲與住宿,0.01,official
1994-08,m20,Financial services and insurance,金融服務與保險,-0.03,official
1994-08,m21,Other services,其他服務,0.03,official
1994-08,m22,Final consumption expenditures of nonprofit institutions serving households,服務家庭之非營利機構淨消費,0.02,official
1994-08,residual,Residual,差額,0.00014094252493676573,official
1994-09,m4,Motor vehicles and parts,汽車與零組件,0.03,official
1994-09,m5,Furnishings and durable household equipment,家具與耐久家用設備,-0.02,official
1994-09,m6,Recreational goods and vehicles,休閒商品與交通工具,0.0,official
1994-09,m7,Other durable goods,其他耐久財,0.0,official
1994-09,m9,Food and beverages purchased for off-premises consumption,食物與飲料（居家消費）,0.01,official
1994-09,m10,Clothing and footwear,服裝與鞋類,0.0,official
1994-09,m11,Gasoline and other energy goods,汽油與其他能源商品,-0.01,official
1994-09,m12,Other nondurable goods,其他非耐久財,0.01,official
1994-09,m15,Housing and utilities,住宅與公用事業,0.01,official
1994-09,m16,Health care,醫療服務,0.03,official
1994-09,m17,Transportation services,運輸服務,-0.01,official
1994-09,m18,Recreation services,休閒服務,0.0,official
1994-09,m19,Food services and accommodations,餐飲與住宿,0.01,official
1994-09,m20,Financial services and insurance,金融服務與保險,0.01,official
1994-09,m21,Other services,其他服務,0.04,official
1994-09,m22,Final consumption expenditures of nonprofit institutions serving households,服務家庭之非營利機構淨消費,0.01,official
1994-09,residual,Residual,差額,-0.008945583335830842,official
1994-10,m4,Motor vehicles and parts,汽車與零組件,0.03,official
1994-10,m5,Furnishings and durable household equipment,家具與耐久家用設備,-0.01,official
1994-10,m6,Recreational goods and vehicles,休閒商品與交通工具,-0.02,official
1994-10,m7,Other durable goods,其他耐久財,0.0,official
1994-10,m9,Food and beverages purchased for off-premises consumption,食物與飲料（居家消費）,-0.02,official
1994-10,m10,Clothing and footwear,服裝與鞋類,-0.02,official
1994-10,m11,Gasoline and other energy goods,汽油與其他能源商品,-0.01,official
1994-10,m12,Other nondurable goods,其他非耐久財,0.02,official
1994-10,m15,Housing and utilities,住宅與公用事業,0.04,official
1994-10,m16,Health care,醫療服務,0.07,official
1994-10,m17,Transportation services,運輸服務,0.0,official
1994-10,m18,Recreation services,休閒服務,0.01,official
1994-10,m19,Food services and accommodations,餐飲與住宿,0.01,official
1994-10,m20,Financial services and insurance,金融服務與保險,0.04,official
1994-10,m21,Other services,其他服務,0.03,official
1994-10,m22,Final consumption expenditures of nonprofit institutions serving households,服務家庭之非營利機構淨消費,0.0,official
1994-10,residual,Residual,差額,-0.0006050248845666795,official
1994-11,m4,Motor vehicles and parts,汽車與零組件,0.03,official
1994-11,m5,Furnishings and durable household equipment,家具與耐久家用設備,0.0,official
1994-11,m6,Recreational goods and vehicles,休閒商品與交通工具,-0.01,official
1994-11,m7,Other durable goods,其他耐久財,0.0,official
1994-11,m9,Food and beverages purchased for off-premises consumption,食物與飲料（居家消費）,0.01,official
1994-11,m10,Clothing and footwear,服裝與鞋類,0.0,official
1994-11,m11,Gasoline and other energy goods,汽油與其他能源商品,0.02,official
1994-11,m12,Other nondurable goods,其他非耐久財,0.0,official
1994-11,m15,Housing and utilities,住宅與公用事業,0.05,official
1994-11,m16,Health care,醫療服務,0.03,official
1994-11,m17,Transportation services,運輸服務,-0.01,official
1994-11,m18,Recreation services,休閒服務,0.01,official
1994-11,m19,Food services and accommodations,餐飲與住宿,0.02,official
1994-11,m20,Financial services and insurance,金融服務與保險,0.02,official
1994-11,m21,Other services,其他服務,0.01,official
1994-11,m22,Final consumption expenditures of nonprofit institutions serving households,服務家庭之非營利機構淨消費,0.01,official
1994-11,residual,Residual,差額,6.00110743555482e-05,official
1994-12,m4,Motor vehicles and parts,汽車與零組件,0.02,official
1994-12,m5,Furnishings and durable household equipment,家具與耐久家用設備,-0.02,official
1994-12,m6,Recreational goods and vehicles,休閒商品與交通工具,-0.01,official
1994-12,m7,Other durable goods,其他耐久財,-0.01,official
1994-12,m9,Food and beverages purchased for off-premises consumption,食物與飲料（居家消費）,0.04,official
1994-12,m10,Clothing and footwear,服裝與鞋類,-0.02,official
1994-12,m11,Gasoline and other energy goods,汽油與其他能源商品,0.0,official
1994-12,m12,Other nondurable goods,其他非耐久財,-0.01,official
1994-12,m15,Housing and utilities,住宅與公用事業,0.04,official
1994-12,m16,Health care,醫療服務,0.03,official
1994-12,m17,Transportation services,運輸服務,-0.02,official
1994-12,m18,Recreation services,休閒服務,0.0,official
1994-12,m19,Food services and accommodations,餐飲與住宿,0.0,official
1994-12,m20,Financial services and insurance,金融服務與保險,0.0,official
1994-12,m21,Other services,其他服務,0.01,official
1994-12,m22,Final consumption expenditures of nonprofit institutions serving households,服務家庭之非營利機構淨消費,0.0,official
1994-12,residual,Residual,差額,0.014228953814904341,official
1995-01,m4,Motor vehicles and parts,汽車與零組件,0.02,official
1995-01,m5,Furnishings and durable household equipment,家具與耐久家用設備,0.01,official
1995-01,m6,Recreational goods and vehicles,休閒商品與交通工具,0.01,official
1995-01,m7,Other durable goods,其他耐久財,0.01,official
1995-01,m9,Food and beverages purchased for off-premises consumption,食物與飲料（居家消費）,-0.01,official
1995-01,m10,Clothing and footwear,服裝與鞋類,-0.01,official
1995-01,m11,Gasoline and other energy goods,汽油與其他能源商品,-0.02,official
1995-01,m12,Other nondurable goods,其他非耐久財,0.01,official
1995-01,m15,Housing and utilities,住宅與公用事業,0.06,official
1995-01,m16,Health care,醫療服務,0.12,official
1995-01,m17,Transportation services,運輸服務,0.0,official
1995-01,m18,Recreation services,休閒服務,0.01,official
1995-01,m19,Food services and accommodations,餐飲與住宿,0.0,official
1995-01,m20,Financial services and insurance,金融服務與保險,0.01,official
1995-01,m21,Other services,其他服務,0.04,official
1995-01,m22,Final consumption expenditures of nonprofit institutions serving households,服務家庭之非營利機構淨消費,-0.07,official
1995-01,residual,Residual,差額,0.013012344941844167,official
1995-02,m4,Motor vehicles and parts,汽車與零組件,0.01,official
1995-02,m5,Furnishings and durable household equipment,家具與耐久家用設備,0.0,official
1995-02,m6,Recreational goods and vehicles,休閒商品與交通工具,-0.01,official
1995-02,m7,Other durable goods,其他耐久財,-0.01,official
1995-02,m9,Food and beverages purchased for off-premises consumption,食物與飲料（居家消費）,0.04,official
1995-02,m10,Clothing and footwear,服裝與鞋類,-0.05,official
1995-02,m11,Gasoline and other energy goods,汽油與其他能源商品,-0.01,official
1995-02,m12,Other nondurable goods,其他非耐久財,0.02,official
1995-02,m15,Housing and utilities,住宅與公用事業,0.04,official
1995-02,m16,Health care,醫療服務,0.02,official
1995-02,m17,Transportation services,運輸服務,0.03,official
1995-02,m18,Recreation services,休閒服務,0.0,official
1995-02,m19,Food services and accommodations,餐飲與住宿,0.01,official
1995-02,m20,Financial services and insurance,金融服務與保險,0.02,official
1995-02,m21,Other services,其他服務,0.01,official
1995-02,m22,Final consumption expenditures of nonprofit institutions serving households,服務家庭之非營利機構淨消費,0.04,official
1995-02,residual,Residual,差額,0.017275909842533604,official
1995-03,m4,Motor vehicles and parts,汽車與零組件,0.03,official
1995-03,m5,Furnishings and durable household equipment,家具與耐久家用設備,0.0,official
1995-03,m6,Recreational goods and vehicles,休閒商品與交通工具,-0.03,official
1995-03,m7,Other durable goods,其他耐久財,0.02,official
1995-03,m9,Food and beverages purchased for off-premises consumption,食物與飲料（居家消費）,0.0,official
1995-03,m10,Clothing and footwear,服裝與鞋類,0.01,official
1995-03,m11,Gasoline and other energy goods,汽油與其他能源商品,-0.02,official
1995-03,m12,Other nondurable goods,其他非耐久財,-0.01,official
1995-03,m15,Housing and utilities,住宅與公用事業,0.04,official
1995-03,m16,Health care,醫療服務,0.04,official
1995-03,m17,Transportation services,運輸服務,0.04,official
1995-03,m18,Recreation services,休閒服務,0.01,official
1995-03,m19,Food services and accommodations,餐飲與住宿,0.03,official
1995-03,m20,Financial services and insurance,金融服務與保險,0.01,official
1995-03,m21,Other services,其他服務,0.0,official
1995-03,m22,Final consumption expenditures of nonprofit institutions serving households,服務家庭之非營利機構淨消費,0.02,official
1995-03,residual,Residual,差額,-0.005602415013526818,official
1995-04,m4,Motor vehicles and parts,汽車與零組件,0.0,official
1995-04,m5,Furnishings and durable household equipment,家具與耐久家用設備,0.0,official
1995-04,m6,Recreational goods and vehicles,休閒商品與交通工具,0.01,official
1995-04,m7,Other durable goods,其他耐久財,0.0,official
1995-04,m9,Food and beverages purchased for off-premises consumption,食物與飲料（居家消費）,0.07,official
1995-04,m10,Clothing and footwear,服裝與鞋類,0.0,official
1995-04,m11,Gasoline and other energy goods,汽油與其他能源商品,0.0,official
1995-04,m12,Other nondurable goods,其他非耐久財,0.01,official
1995-04,m15,Housing and utilities,住宅與公用事業,0.04,official
1995-04,m16,Health care,醫療服務,0.03,official
1995-04,m17,Transportation services,運輸服務,0.01,official
1995-04,m18,Recreation services,休閒服務,0.01,official
1995-04,m19,Food services and accommodations,餐飲與住宿,0.02,official
1995-04,m20,Financial services and insurance,金融服務與保險,0.03,official
1995-04,m21,Other services,其他服務,0.05,official
1995-04,m22,Final consumption expenditures of nonprofit institutions serving households,服務家庭之非營利機構淨消費,-0.03,official
1995-04,residual,Residual,差額,0.012728217307395262,official
1995-05,m4,Motor vehicles and parts,汽車與零組件,0.01,official
1995-05,m5,Furnishings and durable household equipment,家具與耐久家用設備,-0.02,official
1995-05,m6,Recreational goods and vehicles,休閒商品與交通工具,-0.01,official
1995-05,m7,Other durable goods,其他耐久財,-0.02,official
1995-05,m9,Food and beverages purchased for off-premises consumption,食物與飲料（居家消費）,-0.01,official
1995-05,m10,Clothing and footwear,服裝與鞋類,-0.01,official
1995-05,m11,Gasoline and other energy goods,汽油與其他能源商品,0.02,official
1995-05,m12,Other nondurable goods,其他非耐久財,0.02,official
1995-05,m15,Housing and utilities,住宅與公用事業,0.04,official
1995-05,m16,Health care,醫療服務,0.02,official
1995-05,m17,Transportation services,運輸服務,0.03,official
1995-05,m18,Recreation services,休閒服務,0.01,official
1995-05,m19,Food services and accommodations,餐飲與住宿,0.02,official
1995-05,m20,Financial services and insurance,金融服務與保險,0.0,official
1995-05,m21,Other services,其他服務,0.03,official
1995-05,m22,Final consumption expenditures of nonprofit institutions serving households,服務家庭之非營利機構淨消費,0.01,official
1995-05,residual,Residual,差額,0.013966867514476733,official
1995-06,m4,Motor vehicles and parts,汽車與零組件,0.01,official
1995-06,m5,Furnishings and durable household equipment,家具與耐久家用設備,0.0,official
1995-06,m6,Recreational goods and vehicles,休閒商品與交通工具,-0.05,official
1995-06,m7,Other durable goods,其他耐久財,0.02,official
1995-06,m9,Food and beverages purchased for off-premises consumption,食物與飲料（居家消費）,0.0,official
1995-06,m10,Clothing and footwear,服裝與鞋類,-0.03,official
1995-06,m11,Gasoline and other energy goods,汽油與其他能源商品,0.01,official
1995-06,m12,Other nondurable goods,其他非耐久財,0.01,official
1995-06,m15,Housing and utilities,住宅與公用事業,0.05,official
1995-06,m16,Health care,醫療服務,0.04,official
1995-06,m17,Transportation services,運輸服務,0.02,official
1995-06,m18,Recreation services,休閒服務,-0.01,official
1995-06,m19,Food services and accommodations,餐飲與住宿,0.01,official
1995-06,m20,Financial services and insurance,金融服務與保險,0.01,official
1995-06,m21,Other services,其他服務,0.02,official
1995-06,m22,Final consumption expenditures of nonprofit institutions serving households,服務家庭之非營利機構淨消費,0.0,official
1995-06,residual,Residual,差額,-0.012440466511954754,official
1995-07,m4,Motor vehicles and parts,汽車與零組件,-0.01,official
1995-07,m5,Furnishings and durable household equipment,家具與耐久家用設備,0.02,official
1995-07,m6,Recreational goods and vehicles,休閒商品與交通工具,-0.01,official
1995-07,m7,Other durable goods,其他耐久財,-0.01,official
1995-07,m9,Food and beverages purchased for off-premises consumption,食物與飲料（居家消費）,0.01,official
1995-07,m10,Clothing and footwear,服裝與鞋類,0.01,official
1995-07,m11,Gasoline and other energy goods,汽油與其他能源商品,-0.02,official
1995-07,m12,Other nondurable goods,其他非耐久財,0.03,official
1995-07,m15,Housing and utilities,住宅與公用事業,0.04,official
1995-07,m16,Health care,醫療服務,0.0,official
1995-07,m17,Transportation services,運輸服務,0.0,official
1995-07,m18,Recreation services,休閒服務,0.01,official
1995-07,m19,Food services and accommodations,餐飲與住宿,0.01,official
1995-07,m20,Financial services and insurance,金融服務與保險,0.03,official
1995-07,m21,Other services,其他服務,0.01,official
1995-07,m22,Final consumption expenditures of nonprofit institutions serving households,服務家庭之非營利機構淨消費,0.01,official
1995-07,residual,Residual,差額,-0.004477605328038092,official
1995-08,m4,Motor vehicles and parts,汽車與零組件,0.0,official
1995-08,m5,Furnishings and durable household equipment,家具與耐久家用設備,0.01,official
1995-08,m6,Recreational goods and vehicles,休閒商品與交通工具,-0.02,official
1995-08,m7,Other durable goods,其他耐久財,0.02,official
1995-08,m9,Food and beverages purchased for off-premises consumption,食物與飲料（居家消費）,0.01,official
1995-08,m10,Clothing and footwear,服裝與鞋類,0.01,official
1995-08,m11,Gasoline and other energy goods,汽油與其他能源商品,-0.03,official
1995-08,m12,Other nondurable goods,其他非耐久財,0.03,official
1995-08,m15,Housing and utilities,住宅與公用事業,0.06,official
1995-08,m16,Health care,醫療服務,0.05,official
1995-08,m17,Transportation services,運輸服務,0.01,official
1995-08,m18,Recreation services,休閒服務,0.01,official
1995-08,m19,Food services and accommodations,餐飲與住宿,0.01,official
1995-08,m20,Financial services and insurance,金融服務與保險,0.01,official
1995-08,m21,Other services,其他服務,0.01,official
1995-08,m22,Final consumption expenditures of nonprofit institutions serving households,服務家庭之非營利機構淨消費,0.01,official
1995-08,residual,Residual,差額,0.0153328810359456,official
1995-09,m4,Motor vehicles and parts,汽車與零組件,-0.01,official
1995-09,m5,Furnishings and durable household equipment,家具與耐久家用設備,0.01,official
1995-09,m6,Recreational goods and vehicles,休閒商品與交通工具,-0.02,official
1995-09,m7,Other durable goods,其他耐久財,-0.01,official
1995-09,m9,Food and beverages purchased for off-premises consumption,食物與飲料（居家消費）,0.02,official
1995-09,m10,Clothing and footwear,服裝與鞋類,0.01,official
1995-09,m11,Gasoline and other energy goods,汽油與其他能源商品,-0.03,official
1995-09,m12,Other nondurable goods,其他非耐久財,0.01,official
1995-09,m15,Housing and utilities,住宅與公用事業,0.01,official
1995-09,m16,Health care,醫療服務,0.03,official
1995-09,m17,Transportation services,運輸服務,0.0,official
1995-09,m18,Recreation services,休閒服務,0.02,official
1995-09,m19,Food services and accommodations,餐飲與住宿,0.02,official
1995-09,m20,Financial services and insurance,金融服務與保險,0.03,official
1995-09,m21,Other services,其他服務,0.0,official
1995-09,m22,Final consumption expenditures of nonprofit institutions serving households,服務家庭之非營利機構淨消費,-0.02,official
1995-09,residual,Residual,差額,-0.0008294578206801684,official
1995-10,m4,Motor vehicles and parts,汽車與零組件,0.02,official
1995-10,m5,Furnishings and durable household equipment,家具與耐久家用設備,0.0,official
1995-10,m6,Recreational goods and vehicles,休閒商品與交通工具,-0.02,official
1995-10,m7,Other durable goods,其他耐久財,0.0,official
1995-10,m9,Food and beverages purchased for off-premises consumption,食物與飲料（居家消費）,0.02,official
1995-10,m10,Clothing and footwear,服裝與鞋類,0.0,official
1995-10,m11,Gasoline and other energy goods,汽油與其他能源商品,0.0,official
1995-10,m12,Other nondurable goods,其他非耐久財,0.01,official
1995-10,m15,Housing and utilities,住宅與公用事業,0.07,official
1995-10,m16,Health care,醫療服務,0.05,official
1995-10,m17,Transportation services,運輸服務,0.02,official
1995-10,m18,Recreation services,休閒服務,0.01,official
1995-10,m19,Food services and accommodations,餐飲與住宿,0.01,official
1995-10,m20,Financial services and insurance,金融服務與保險,0.04,official
1995-10,m21,Other services,其他服務,0.01,official
1995-10,m22,Final consumption expenditures of nonprofit institutions serving households,服務家庭之非營利機構淨消費,0.0,official
1995-10,residual,Residual,差額,0.018842561953076514,official
1995-11,m4,Motor vehicles and parts,汽車與零組件,0.01,official
1995-11,m5,Furnishings and durable household equipment,家具與耐久家用設備,-0.02,official
1995-11,m6,Recreational goods and vehicles,休閒商品與交通工具,-0.02,official
1995-11,m7,Other durable goods,其他耐久財,0.0,official
1995-11,m9,Food and beverages purchased for off-premises consumption,食物與飲料（居家消費）,-0.01,official
1995-11,m10,Clothing and footwear,服裝與鞋類,-0.02,official
1995-11,m11,Gasoline and other energy goods,汽油與其他能源商品,-0.05,official
1995-11,m12,Other nondurable goods,其他非耐久財,0.02,official
1995-11,m15,Housing and utilities,住宅與公用事業,0.04,official
1995-11,m16,Health care,醫療服務,0.03,official
1995-11,m17,Transportation services,運輸服務,-0.02,official
1995-11,m18,Recreation services,休閒服務,0.01,official
1995-11,m19,Food services and accommodations,餐飲與住宿,0.0,official
1995-11,m20,Financial services and insurance,金融服務與保險,0.01,official
1995-11,m21,Other services,其他服務,0.01,official
1995-11,m22,Final consumption expenditures of nonprofit institutions serving households,服務家庭之非營利機構淨消費,0.0,official
1995-11,residual,Residual,差額,0.007066201170570214,official
1995-12,m4,Motor vehicles and parts,汽車與零組件,0.03,official
1995-12,m5,Furnishings and durable household equipment,家具與耐久家用設備,0.0,official
1995-12,m6,Recreational goods and vehicles,休閒商品與交通工具,-0.01,official
1995-12,m7,Other durable goods,其他耐久財,0.01,official
1995-12,m9,Food and beverages purchased for off-premises consumption,食物與飲料（居家消費）,0.02,official
1995-12,m10,Clothing and footwear,服裝與鞋類,-0.01,official
1995-12,m11,Gasoline and other energy goods,汽油與其他能源商品,0.05,official
1995-12,m12,Other nondurable goods,其他非耐久財,0.0,official
1995-12,m15,Housing and utilities,住宅與公用事業,0.06,official
1995-12,m16,Health care,醫療服務,0.03,official
1995-12,m17,Transportation services,運輸服務,-0.04,official
1995-12,m18,Recreation services,休閒服務,0.01,official
1995-12,m19,Food services and accommodations,餐飲與住宿,0.0,official
1995-12,m20,Financial services and insurance,金融服務與保險,0.02,official
1995-12,m21,Other services,其他服務,0.03,official
1995-12,m22,Final consumption expenditures of nonprofit institutions serving households,服務家庭之非營利機構淨消費,0.0,official
1995-12,residual,Residual,差額,-0.007830538807951204,official
1996-01,m4,Motor vehicles and parts,汽車與零組件,0.02,official
1996-01,m5,Furnishings and durable household equipment,家具與耐久家用設備,0.02,official
1996-01,m6,Recreational goods and vehicles,休閒商品與交通工具,-0.02,official
1996-01,m7,Other durable goods,其他耐久財,-0.01,official
1996-01,m9,Food and beverages purchased for off-premises consumption,食物與飲料（居家消費）,0.02,official
1996-01,m10,Clothing and footwear,服裝與鞋類,0.01,official
1996-01,m11,Gasoline and other energy goods,汽油與其他能源商品,0.09,official
1996-01,m12,Other nondurable goods,其他非耐久財,0.0,official
1996-01,m15,Housing and utilities,住宅與公用事業,0.04,official
1996-01,m16,Health care,醫療服務,0.01,official
1996-01,m17,Transportation services,運輸服務,-0.04,official
1996-01,m18,Recreation services,休閒服務,0.0,official
1996-01,m19,Food services and accommodations,餐飲與住宿,0.01,official
1996-01,m20,Financial services and insurance,金融服務與保險,0.02,official
1996-01,m21,Other services,其他服務,0.02,official
1996-01,m22,Final consumption expenditures of nonprofit institutions serving households,服務家庭之非營利機構淨消費,0.01,official
1996-01,residual,Residual,差額,0.022547584187404712,official
1996-02,m4,Motor vehicles and parts,汽車與零組件,0.02,official
1996-02,m5,Furnishings and durable household equipment,家具與耐久家用設備,0.0,official
1996-02,m6,Recreational goods and vehicles,休閒商品與交通工具,-0.01,official
1996-02,m7,Other durable goods,其他耐久財,-0.02,official
1996-02,m9,Food and beverages purchased for off-premises consumption,食物與飲料（居家消費）,0.03,official
1996-02,m10,Clothing and footwear,服裝與鞋類,-0.01,official
1996-02,m11,Gasoline and other energy goods,汽油與其他能源商品,0.0,official
1996-02,m12,Other nondurable goods,其他非耐久財,0.03,official
1996-02,m15,Housing and utilities,住宅與公用事業,0.05,official
1996-02,m16,Health care,醫療服務,0.03,official
1996-02,m17,Transportation services,運輸服務,0.01,official
1996-02,m18,Recreation services,休閒服務,0.02,official
1996-02,m19,Food services and accommodations,餐飲與住宿,0.01,official
1996-02,m20,Financial services and insurance,金融服務與保險,0.01,official
1996-02,m21,Other services,其他服務,0.01,official
1996-02,m22,Final consumption expenditures of nonprofit institutions serving households,服務家庭之非營利機構淨消費,-0.02,official
1996-02,residual,Residual,差額,-0.0022252089055106727,official
1996-03,m4,Motor vehicles and parts,汽車與零組件,0.02,official
1996-03,m5,Furnishings and durable household equipment,家具與耐久家用設備,0.0,official
1996-03,m6,Recreational goods and vehicles,休閒商品與交通工具,-0.02,official
1996-03,m7,Other durable goods,其他耐久財,0.01,official
1996-03,m9,Food and beverages purchased for off-premises consumption,食物與飲料（居家消費）,0.04,official
1996-03,m10,Clothing and footwear,服裝與鞋類,0.02,official
1996-03,m11,Gasoline and other energy goods,汽油與其他能源商品,0.07,official
1996-03,m12,Other nondurable goods,其他非耐久財,0.01,official
1996-03,m15,Housing and utilities,住宅與公用事業,0.05,official
1996-03,m16,Health care,醫療服務,0.02,official
1996-03,m17,Transportation services,運輸服務,0.03,official
1996-03,m18,Recreation services,休閒服務,0.01,official
1996-03,m19,Food services and accommodations,餐飲與住宿,0.02,official
1996-03,m20,Financial services and insurance,金融服務與保險,-0.04,official
1996-03,m21,Other services,其他服務,0.03,official
1996-03,m22,Final consumption expenditures of nonprofit institutions serving households,服務家庭之非營利機構淨消費,0.03,official
1996-03,residual,Residual,差額,0.00192532088679781,official
1996-04,m4,Motor vehicles and parts,汽車與零組件,-0.02,official
1996-04,m5,Furnishings and durable household equipment,家具與耐久家用設備,0.01,official
1996-04,m6,Recreational goods and vehicles,休閒商品與交通工具,-0.03,official
1996-04,m7,Other durable goods,其他耐久財,0.0,official
1996-04,m9,Food and beverages purchased for off-premises consumption,食物與飲料（居家消費）,0.03,official
1996-04,m10,Clothing and footwear,服裝與鞋類,-0.02,official
1996-04,m11,Gasoline and other energy goods,汽油與其他能源商品,0.13,official
1996-04,m12,Other nondurable goods,其他非耐久財,0.01,official
1996-04,m15,Housing and utilities,住宅與公用事業,0.05,official
1996-04,m16,Health care,醫療服務,0.03,official
1996-04,m17,Transportation services,運輸服務,0.0,official
1996-04,m18,Recreation services,休閒服務,0.01,official
1996-04,m19,Food services and accommodations,餐飲與住宿,0.02,official
1996-04,m20,Financial services and insurance,金融服務與保險,0.07,official
1996-04,m21,Other services,其他服務,0.0,official
1996-04,m22,Final consumption expenditures of nonprofit institutions serving households,服務家庭之非營利機構淨消費,0.02,official
1996-04,residual,Residual,差額,-0.010437709948075413,official
1996-05,m4,Motor vehicles and parts,汽車與零組件,0.0,official
1996-05,m5,Furnishings and durable household equipment,家具與耐久家用設備,-0.02,official
1996-05,m6,Recreational goods and vehicles,休閒商品與交通工具,-0.03,official
1996-05,m7,Other durable goods,其他耐久財,-0.01,official
1996-05,m9,Food and beverages purchased for off-premises consumption,食物與飲料（居家消費）,0.0,official
1996-05,m10,Clothing and footwear,服裝與鞋類,-0.01,official
1996-05,m11,Gasoline and other energy goods,汽油與其他能源商品,0.02,official
1996-05,m12,Other nondurable goods,其他非耐久財,0.01,official
1996-05,m15,Housing and utilities,住宅與公用事業,0.05,official
1996-05,m16,Health care,醫療服務,0.03,official
1996-05,m17,Transportation services,運輸服務,0.01,official
1996-05,m18,Recreation services,休閒服務,0.01,official
1996-05,m19,Food services and accommodations,餐飲與住宿,0.02,official
1996-05,m20,Financial services and insurance,金融服務與保險,0.04,official
1996-05,m21,Other services,其他服務,0.04,official
1996-05,m22,Final consumption expenditures of nonprofit institutions serving households,服務家庭之非營利機構淨消費,0.01,official
1996-05,residual,Residual,差額,0.002531280356080773,official
1996-06,m4,Motor vehicles and parts,汽車與零組件,0.0,official
1996-06,m5,Furnishings and durable household equipment,家具與耐久家用設備,0.0,official
1996-06,m6,Recreational goods and vehicles,休閒商品與交通工具,-0.02,official
1996-06,m7,Other durable goods,其他耐久財,0.0,official
1996-06,m9,Food and beverages purchased for off-premises consumption,食物與飲料（居家消費）,0.05,official
1996-06,m10,Clothing and footwear,服裝與鞋類,-0.03,official
1996-06,m11,Gasoline and other energy goods,汽油與其他能源商品,-0.1,official
1996-06,m12,Other nondurable goods,其他非耐久財,-0.02,official
1996-06,m15,Housing and utilities,住宅與公用事業,0.01,official
1996-06,m16,Health care,醫療服務,0.05,official
1996-06,m17,Transportation services,運輸服務,0.0,official
1996-06,m18,Recreation services,休閒服務,0.01,official
1996-06,m19,Food services and accommodations,餐飲與住宿,0.01,official
1996-06,m20,Financial services and insurance,金融服務與保險,0.03,official
1996-06,m21,Other services,其他服務,0.03,official
1996-06,m22,Final consumption expenditures of nonprofit institutions serving households,服務家庭之非營利機構淨消費,-0.02,official
1996-06,residual,Residual,差額,-0.0014473455682395536,official
1996-07,m4,Motor vehicles and parts,汽車與零組件,0.0,official
1996-07,m5,Furnishings and durable household equipment,家具與耐久家用設備,0.01,official
1996-07,m6,Recreational goods and vehicles,休閒商品與交通工具,-0.02,official
1996-07,m7,Other durable goods,其他耐久財,0.02,official
1996-07,m9,Food and beverages purchased for off-premises consumption,食物與飲料（居家消費）,0.03,official
1996-07,m10,Clothing and footwear,服裝與鞋類,-0.02,official
1996-07,m11,Gasoline and other energy goods,汽油與其他能源商品,-0.01,official
1996-07,m12,Other nondurable goods,其他非耐久財,0.02,official
1996-07,m15,Housing and utilities,住宅與公用事業,0.05,official
1996-07,m16,Health care,醫療服務,0.0,official
1996-07,m17,Transportation services,運輸服務,0.0,official
1996-07,m18,Recreation services,休閒服務,0.01,official
1996-07,m19,Food services and accommodations,餐飲與住宿,0.02,official
1996-07,m20,Financial services and insurance,金融服務與保險,0.05,official
1996-07,m21,Other services,其他服務,0.02,official
1996-07,m22,Final consumption expenditures of nonprofit institutions serving households,服務家庭之非營利機構淨消費,0.02,official
1996-07,residual,Residual,差額,0.011315511426968239,official
1996-08,m4,Motor vehicles and parts,汽車與零組件,0.02,official
1996-08,m5,Furnishings and durable household equipment,家具與耐久家用設備,0.0,official
1996-08,m6,Recreational goods and vehicles,休閒商品與交通工具,-0.01,official
1996-08,m7,Other durable goods,其他耐久財,-0.02,official
1996-08,m9,Food and beverages purchased for off-premises consumption,食物與飲料（居家消費）,0.03,official
1996-08,m10,Clothing and footwear,服裝與鞋類,-0.06,official
1996-08,m11,Gasoline and other energy goods,汽油與其他能源商品,-0.02,official
1996-08,m12,Other nondurable goods,其他非耐久財,0.01,official
1996-08,m15,Housing and utilities,住宅與公用事業,0.05,official
1996-08,m16,Health care,醫療服務,0.03,official
1996-08,m17,Transportation services,運輸服務,0.01,official
1996-08,m18,Recreation services,休閒服務,0.01,official
1996-08,m19,Food services and accommodations,餐飲與住宿,0.01,official
1996-08,m20,Financial services and insurance,金融服務與保險,0.02,official
1996-08,m21,Other services,其他服務,0.03,official
1996-08,m22,Final consumption expenditures of nonprofit institutions serving households,服務家庭之非營利機構淨消費,0.0,official
1996-08,residual,Residual,差額,-0.014675245894525304,official
1996-09,m4,Motor vehicles and parts,汽車與零組件,0.02,official
1996-09,m5,Furnishings and durable household equipment,家具與耐久家用設備,0.01,official
1996-09,m6,Recreational goods and vehicles,休閒商品與交通工具,-0.03,official
1996-09,m7,Other durable goods,其他耐久財,0.0,official
1996-09,m9,Food and beverages purchased for off-premises consumption,食物與飲料（居家消費）,0.02,official
1996-09,m10,Clothing and footwear,服裝與鞋類,0.05,official
1996-09,m11,Gasoline and other energy goods,汽油與其他能源商品,0.0,official
1996-09,m12,Other nondurable goods,其他非耐久財,0.01,official
1996-09,m15,Housing and utilities,住宅與公用事業,0.03,official
1996-09,m16,Health care,醫療服務,0.03,official
1996-09,m17,Transportation services,運輸服務,0.06,official
1996-09,m18,Recreation services,休閒服務,0.01,official
1996-09,m19,Food services and accommodations,餐飲與住宿,0.01,official
1996-09,m20,Financial services and insurance,金融服務與保險,0.02,official
1996-09,m21,Other services,其他服務,0.02,official
1996-09,m22,Final consumption expenditures of nonprofit institutions serving households,服務家庭之非營利機構淨消費,0.01,official
1996-09,residual,Residual,差額,0.012816039709676819,official
1996-10,m4,Motor vehicles and parts,汽車與零組件,0.01,official
1996-10,m5,Furnishings and durable household equipment,家具與耐久家用設備,-0.01,official
1996-10,m6,Recreational goods and vehicles,休閒商品與交通工具,-0.02,official
1996-10,m7,Other durable goods,其他耐久財,0.01,official
1996-10,m9,Food and beverages purchased for off-premises consumption,食物與飲料（居家消費）,0.04,official
1996-10,m10,Clothing and footwear,服裝與鞋類,-0.01,official
1996-10,m11,Gasoline and other energy goods,汽油與其他能源商品,0.06,official
1996-10,m12,Other nondurable goods,其他非耐久財,0.0,official
1996-10,m15,Housing and utilities,住宅與公用事業,0.03,official
1996-10,m16,Health care,醫療服務,0.03,official
1996-10,m17,Transportation services,運輸服務,0.04,official
1996-10,m18,Recreation services,休閒服務,0.02,official
1996-10,m19,Food services and accommodations,餐飲與住宿,0.03,official
1996-10,m20,Financial services and insurance,金融服務與保險,0.03,official
1996-10,m21,Other services,其他服務,0.04,official
1996-10,m22,Final consumption expenditures of nonprofit institutions serving households,服務家庭之非營利機構淨消費,0.0,official
1996-10,residual,Residual,差額,0.00216262104492132,official
1996-11,m4,Motor vehicles and parts,汽車與零組件,0.0,official
1996-11,m5,Furnishings and durable household equipment,家具與耐久家用設備,-0.01,official
1996-11,m6,Recreational goods and vehicles,休閒商品與交通工具,-0.02,official
1996-11,m7,Other durable goods,其他耐久財,-0.01,official
1996-11,m9,Food and beverages purchased for off-premises consumption,食物與飲料（居家消費）,0.01,official
1996-11,m10,Clothing and footwear,服裝與鞋類,0.01,official
1996-11,m11,Gasoline and other energy goods,汽油與其他能源商品,0.04,official
1996-11,m12,Other nondurable goods,其他非耐久財,0.01,official
1996-11,m15,Housing and utilities,住宅與公用事業,0.04,official
1996-11,m16,Health care,醫療服務,0.04,official
1996-11,m17,Transportation services,運輸服務,-0.04,official
1996-11,m18,Recreation services,休閒服務,0.0,official
1996-11,m19,Food services and accommodations,餐飲與住宿,0.02,official
1996-11,m20,Financial services and insurance,金融服務與保險,0.04,official
1996-11,m21,Other services,其他服務,0.02,official
1996-11,m22,Final consumption expenditures of nonprofit institutions serving households,服務家庭之非營利機構淨消費,0.01,official
1996-11,residual,Residual,差額,0.01788233943967224,official
1996-12,m4,Motor vehicles and parts,汽車與零組件,0.0,official
1996-12,m5,Furnishings and durable household equipment,家具與耐久家用設備,-0.01,official
1996-12,m6,Recreational goods and vehicles,休閒商品與交通工具,-0.03,official
1996-12,m7,Other durable goods,其他耐久財,-0.03,official
1996-12,m9,Food and beverages purchased for off-premises consumption,食物與飲料（居家消費）,0.0,official
1996-12,m10,Clothing and footwear,服裝與鞋類,0.01,official
1996-12,m11,Gasoline and other energy goods,汽油與其他能源商品,0.06,official
1996-12,m12,Other nondurable goods,其他非耐久財,0.01,official
1996-12,m15,Housing and utilities,住宅與公用事業,0.05,official
1996-12,m16,Health care,醫療服務,0.02,official
1996-12,m17,Transportation services,運輸服務,-0.02,official
1996-12,m18,Recreation services,休閒服務,0.01,official
1996-12,m19,Food services and accommodations,餐飲與住宿,0.01,official
1996-12,m20,Financial services and insurance,金融服務與保險,0.0,official
1996-12,m21,Other services,其他服務,0.02,official
1996-12,m22,Final consumption expenditures of nonprofit institutions serving households,服務家庭之非營利機構淨消費,0.01,official
1996-12,residual,Residual,差額,0.005991007116988953,official
1997-01,m4,Motor vehicles and parts,汽車與零組件,0.0,official
1997-01,m5,Furnishings and durable household equipment,家具與耐久家用設備,0.01,official
1997-01,m6,Recreational goods and vehicles,休閒商品與交通工具,-0.03,official
1997-01,m7,Other durable goods,其他耐久財,0.02,official
1997-01,m9,Food and beverages purchased for off-premises consumption,食物與飲料（居家消費）,-0.01,official
1997-01,m10,Clothing and footwear,服裝與鞋類,0.01,official
1997-01,m11,Gasoline and other energy goods,汽油與其他能源商品,0.01,official
1997-01,m12,Other nondurable goods,其他非耐久財,0.01,official
1997-01,m15,Housing and utilities,住宅與公用事業,0.07,official
1997-01,m16,Health care,醫療服務,0.0,official
1997-01,m17,Transportation services,運輸服務,-0.01,official
1997-01,m18,Recreation services,休閒服務,0.01,official
1997-01,m19,Food services and accommodations,餐飲與住宿,0.01,official
1997-01,m20,Financial services and insurance,金融服務與保險,0.01,official
1997-01,m21,Other services,其他服務,0.0,official
1997-01,m22,Final consumption expenditures of nonprofit institutions serving households,服務家庭之非營利機構淨消費,0.0,official
1997-01,residual,Residual,差額,0.02015991074747378,official
1997-02,m4,Motor vehicles and parts,汽車與零組件,0.02,official
1997-02,m5,Furnishings and durable household equipment,家具與耐久家用設備,0.01,official
1997-02,m6,Recreational goods and vehicles,休閒商品與交通工具,-0.01,official
1997-02,m7,Other durable goods,其他耐久財,0.0,official
1997-02,m9,Food and beverages purchased for off-premises consumption,食物與飲料（居家消費）,0.03,official
1997-02,m10,Clothing and footwear,服裝與鞋類,-0.02,official
1997-02,m11,Gasoline and other energy goods,汽油與其他能源商品,0.0,official
1997-02,m12,Other nondurable goods,其他非耐久財,0.01,official
1997-02,m15,Housing and utilities,住宅與公用事業,0.04,official
1997-02,m16,Health care,醫療服務,0.02,official
1997-02,m17,Transportation services,運輸服務,0.01,official
1997-02,m18,Recreation services,休閒服務,0.01,official
1997-02,m19,Food services and accommodations,餐飲與住宿,0.01,official
1997-02,m20,Financial services and insurance,金融服務與保險,0.04,official
1997-02,m21,Other services,其他服務,0.01,official
1997-02,m22,Final consumption expenditures of nonprofit institutions serving households,服務家庭之非營利機構淨消費,0.03,official
1997-02,residual,Residual,差額,-0.0014434683236928258,official
1997-03,m4,Motor vehicles and parts,汽車與零組件,0.01,official
1997-03,m5,Furnishings and durable household equipment,家具與耐久家用設備,-0.01,official
1997-03,m6,Recreational goods and vehicles,休閒商品與交通工具,-0.02,official
1997-03,m7,Other durable goods,其他耐久財,0.01,official
1997-03,m9,Food and beverages purchased for off-premises consumption,食物與飲料（居家消費）,-0.02,official
1997-03,m10,Clothing and footwear,服裝與鞋類,0.0,official
1997-03,m11,Gasoline and other energy goods,汽油與其他能源商品,-0.06,official
1997-03,m12,Other nondurable goods,其他非耐久財,0.02,official
1997-03,m15,Housing and utilities,住宅與公用事業,0.01,official
1997-03,m16,Health care,醫療服務,0.05,official
1997-03,m17,Transportation services,運輸服務,0.04,official
1997-03,m18,Recreation services,休閒服務,0.01,official
1997-03,m19,Food services and accommodations,餐飲與住宿,0.02,official
1997-03,m20,Financial services and insurance,金融服務與保險,0.05,official
1997-03,m21,Other services,其他服務,0.02,official
1997-03,m22,Final consumption expenditures of nonprofit institutions serving households,服務家庭之非營利機構淨消費,-0.02,official
1997-03,residual,Residual,差額,-0.00451326424427792,official
1997-04,m4,Motor vehicles and parts,汽車與零組件,-0.03,official
1997-04,m5,Furnishings and durable household equipment,家具與耐久家用設備,0.01,official
1997-04,m6,Recreational goods and vehicles,休閒商品與交通工具,-0.06,official
1997-04,m7,Other durable goods,其他耐久財,-0.02,official
1997-04,m9,Food and beverages purchased for off-premises consumption,食物與飲料（居家消費）,0.01,official
1997-04,m10,Clothing and footwear,服裝與鞋類,0.06,official
1997-04,m11,Gasoline and other energy goods,汽油與其他能源商品,-0.07,official
1997-04,m12,Other nondurable goods,其他非耐久財,0.04,official
1997-04,m15,Housing and utilities,住宅與公用事業,0.03,official
1997-04,m16,Health care,醫療服務,0.03,official
1997-04,m17,Transportation services,運輸服務,0.02,official
1997-04,m18,Recreation services,休閒服務,0.01,official
1997-04,m19,Food services and accommodations,餐飲與住宿,0.02,official
1997-04,m20,Financial services and insurance,金融服務與保險,0.02,official
1997-04,m21,Other services,其他服務,0.02,official
1997-04,m22,Final consumption expenditures of nonprofit institutions serving households,服務家庭之非營利機構淨消費,0.0,official
1997-04,residual,Residual,差額,0.008255606977581958,official
1997-05,m4,Motor vehicles and parts,汽車與零組件,-0.01,official
1997-05,m5,Furnishings and durable household equipment,家具與耐久家用設備,0.0,official
1997-05,m6,Recreational goods and vehicles,休閒商品與交通工具,-0.03,official
1997-05,m7,Other durable goods,其他耐久財,0.0,official
1997-05,m9,Food and beverages purchased for off-premises consumption,食物與飲料（居家消費）,0.01,official
1997-05,m10,Clothing and footwear,服裝與鞋類,0.02,official
1997-05,m11,Gasoline and other energy goods,汽油與其他能源商品,-0.1,official
1997-05,m12,Other nondurable goods,其他非耐久財,0.0,official
1997-05,m15,Housing and utilities,住宅與公用事業,0.02,official
1997-05,m16,Health care,醫療服務,0.02,official
1997-05,m17,Transportation services,運輸服務,-0.03,official
1997-05,m18,Recreation services,休閒服務,0.01,official
1997-05,m19,Food services and accommodations,餐飲與住宿,0.0,official
1997-05,m20,Financial services and insurance,金融服務與保險,0.02,official
1997-05,m21,Other services,其他服務,0.03,official
1997-05,m22,Final consumption expenditures of nonprofit institutions serving households,服務家庭之非營利機構淨消費,0.0,official
1997-05,residual,Residual,差額,-0.005523088741561412,official
1997-06,m4,Motor vehicles and parts,汽車與零組件,-0.02,official
1997-06,m5,Furnishings and durable household equipment,家具與耐久家用設備,0.0,official
1997-06,m6,Recreational goods and vehicles,休閒商品與交通工具,-0.01,official
1997-06,m7,Other durable goods,其他耐久財,0.01,official
1997-06,m9,Food and beverages purchased for off-premises consumption,食物與飲料（居家消費）,0.01,official
1997-06,m10,Clothing and footwear,服裝與鞋類,-0.02,official
1997-06,m11,Gasoline and other energy goods,汽油與其他能源商品,-0.03,official
1997-06,m12,Other nondurable goods,其他非耐久財,-0.03,official
1997-06,m15,Housing and utilities,住宅與公用事業,0.06,official
1997-06,m16,Health care,醫療服務,0.03,official
1997-06,m17,Transportation services,運輸服務,0.01,official
1997-06,m18,Recreation services,休閒服務,0.01,official
1997-06,m19,Food services and accommodations,餐飲與住宿,0.02,official
1997-06,m20,Financial services and insurance,金融服務與保險,0.07,official
1997-06,m21,Other services,其他服務,0.03,official
1997-06,m22,Final consumption expenditures of nonprofit institutions serving households,服務家庭之非營利機構淨消費,0.0,official
1997-06,residual,Residual,差額,-0.011908001480158581,official
1997-07,m4,Motor vehicles and parts,汽車與零組件,0.0,official
1997-07,m5,Furnishings and durable household equipment,家具與耐久家用設備,-0.01,official
1997-07,m6,Recreational goods and vehicles,休閒商品與交通工具,-0.03,official
1997-07,m7,Other durable goods,其他耐久財,0.0,official
1997-07,m9,Food and beverages purchased for off-premises consumption,食物與飲料（居家消費）,0.01,official
1997-07,m10,Clothing and footwear,服裝與鞋類,-0.01,official
1997-07,m11,Gasoline and other energy goods,汽油與其他能源商品,-0.01,official
1997-07,m12,Other nondurable goods,其他非耐久財,0.0,official
1997-07,m15,Housing and utilities,住宅與公用事業,0.05,official
1997-07,m16,Health care,醫療服務,0.01,official
1997-07,m17,Transportation services,運輸服務,0.0,official
1997-07,m18,Recreation services,休閒服務,0.01,official
1997-07,m19,Food services and accommodations,餐飲與住宿,0.01,official
1997-07,m20,Financial services and insurance,金融服務與保險,-0.02,official
1997-07,m21,Other services,其他服務,0.0,official
1997-07,m22,Final consumption expenditures of nonprofit institutions serving households,服務家庭之非營利機構淨消費,0.05,official
1997-07,residual,Residual,差額,-0.000300204685006418,official
1997-08,m4,Motor vehicles and parts,汽車與零組件,0.0,official
1997-08,m5,Furnishings and durable household equipment,家具與耐久家用設備,-0.01,official
1997-08,m6,Recreational goods and vehicles,休閒商品與交通工具,-0.02,official
1997-08,m7,Other durable goods,其他耐久財,0.0,official
1997-08,m9,Food and beverages purchased for off-premises consumption,食物與飲料（居家消費）,0.02,official
1997-08,m10,Clothing and footwear,服裝與鞋類,-0.04,official
1997-08,m11,Gasoline and other energy goods,汽油與其他能源商品,0.11,official
1997-08,m12,Other nondurable goods,其他非耐久財,-0.02,official
1997-08,m15,Housing and utilities,住宅與公用事業,0.03,official
1997-08,m16,Health care,醫療服務,0.02,official
1997-08,m17,Transportation services,運輸服務,-0.01,official
1997-08,m18,Recreation services,休閒服務,0.01,official
1997-08,m19,Food services and accommodations,餐飲與住宿,0.01,official
1997-08,m20,Financial services and insurance,金融服務與保險,0.02,official
1997-08,m21,Other services,其他服務,-0.01,official
1997-08,m22,Final consumption expenditures of nonprofit institutions serving households,服務家庭之非營利機構淨消費,-0.02,official
1997-08,residual,Residual,差額,-0.010447765434561301,official
1997-09,m4,Motor vehicles and parts,汽車與零組件,0.01,official
1997-09,m5,Furnishings and durable household equipment,家具與耐久家用設備,0.01,official
1997-09,m6,Recreational goods and vehicles,休閒商品與交通工具,-0.01,official
1997-09,m7,Other durable goods,其他耐久財,-0.01,official
1997-09,m9,Food and beverages purchased for off-premises consumption,食物與飲料（居家消費）,0.0,official
1997-09,m10,Clothing and footwear,服裝與鞋類,0.01,official
1997-09,m11,Gasoline and other energy goods,汽油與其他能源商品,0.04,official
1997-09,m12,Other nondurable goods,其他非耐久財,0.0,official
1997-09,m15,Housing and utilities,住宅與公用事業,0.06,official
1997-09,m16,Health care,醫療服務,0.03,official
1997-09,m17,Transportation services,運輸服務,0.06,official
1997-09,m18,Recreation services,休閒服務,0.01,official
1997-09,m19,Food services and accommodations,餐飲與住宿,0.02,official
1997-09,m20,Financial services and insurance,金融服務與保險,0.03,official
1997-09,m21,Other services,其他服務,0.0,official
1997-09,m22,Final consumption expenditures of nonprofit institutions serving households,服務家庭之非營利機構淨消費,0.01,official
1997-09,residual,Residual,差額,-0.02869410929736338,official
1997-10,m4,Motor vehicles and parts,汽車與零組件,0.02,official
1997-10,m5,Furnishings and durable household equipment,家具與耐久家用設備,0.0,official
1997-10,m6,Recreational goods and vehicles,休閒商品與交通工具,-0.02,official
1997-10,m7,Other durable goods,其他耐久財,0.0,official
1997-10,m9,Food and beverages purchased for off-premises consumption,食物與飲料（居家消費）,0.01,official
1997-10,m10,Clothing and footwear,服裝與鞋類,-0.02,official
1997-10,m11,Gasoline and other energy goods,汽油與其他能源商品,-0.01,official
1997-10,m12,Other nondurable goods,其他非耐久財,0.02,official
1997-10,m15,Housing and utilities,住宅與公用事業,0.03,official
1997-10,m16,Health care,醫療服務,-0.03,official
1997-10,m17,Transportation services,運輸服務,0.05,official
1997-10,m18,Recreation services,休閒服務,0.01,official
1997-10,m19,Food services and accommodations,餐飲與住宿,0.02,official
1997-10,m20,Financial services and insurance,金融服務與保險,0.0,official
1997-10,m21,Other services,其他服務,0.0,official
1997-10,m22,Final consumption expenditures of nonprofit institutions serving households,服務家庭之非營利機構淨消費,0.05,official
1997-10,residual,Residual,差額,0.0002747097139622623,official
1997-11,m4,Motor vehicles and parts,汽車與零組件,-0.02,official
1997-11,m5,Furnishings and durable household equipment,家具與耐久家用設備,-0.01,official
1997-11,m6,Recreational goods and vehicles,休閒商品與交通工具,-0.02,official
1997-11,m7,Other durable goods,其他耐久財,-0.01,official
1997-11,m9,Food and beverages purchased for off-premises consumption,食物與飲料（居家消費）,0.01,official
1997-11,m10,Clothing and footwear,服裝與鞋類,0.0,official
1997-11,m11,Gasoline and other energy goods,汽油與其他能源商品,-0.05,official
1997-11,m12,Other nondurable goods,其他非耐久財,0.01,official
1997-11,m15,Housing and utilities,住宅與公用事業,0.07,official
1997-11,m16,Health care,醫療服務,0.02,official
1997-11,m17,Transportation services,運輸服務,-0.05,official
1997-11,m18,Recreation services,休閒服務,-0.01,official
1997-11,m19,Food services and accommodations,餐飲與住宿,0.01,official
1997-11,m20,Financial services and insurance,金融服務與保險,0.04,official
1997-11,m21,Other services,其他服務,0.01,official
1997-11,m22,Final consumption expenditures of nonprofit institutions serving households,服務家庭之非營利機構淨消費,0.0,official
1997-11,residual,Residual,差額,0.005656748500948437,official
1997-12,m4,Motor vehicles and parts,汽車與零組件,-0.02,official
1997-12,m5,Furnishings and durable household equipment,家具與耐久家用設備,0.0,official
1997-12,m6,Recreational goods and vehicles,休閒商品與交通工具,-0.02,official
1997-12,m7,Other durable goods,其他耐久財,0.0,official
1997-12,m9,Food and beverages purchased for off-premises consumption,食物與飲料（居家消費）,0.0,official
1997-12,m10,Clothing and footwear,服裝與鞋類,0.0,official
1997-12,m11,Gasoline and other energy goods,汽油與其他能源商品,-0.02,official
1997-12,m12,Other nondurable goods,其他非耐久財,-0.01,official
1997-12,m15,Housing and utilities,住宅與公用事業,-0.01,official
1997-12,m16,Health care,醫療服務,0.04,official
1997-12,m17,Transportation services,運輸服務,-0.03,official
1997-12,m18,Recreation services,休閒服務,0.01,official
1997-12,m19,Food services and accommodations,餐飲與住宿,0.03,official
1997-12,m20,Financial services and insurance,金融服務與保險,-0.01,official
1997-12,m21,Other services,其他服務,0.0,official
1997-12,m22,Final consumption expenditures of nonprofit institutions serving households,服務家庭之非營利機構淨消費,0.0,official
1997-12,residual,Residual,差額,0.018788393008655167,official
1998-01,m4,Motor vehicles and parts,汽車與零組件,-0.01,official
1998-01,m5,Furnishings and durable household equipment,家具與耐久家用設備,0.01,official
1998-01,m6,Recreational goods and vehicles,休閒商品與交通工具,-0.03,official
1998-01,m7,Other durable goods,其他耐久財,0.0,official
1998-01,m9,Food and beverages purchased for off-premises consumption,食物與飲料（居家消費）,0.03,official
1998-01,m10,Clothing and footwear,服裝與鞋類,-0.02,official
1998-01,m11,Gasoline and other energy goods,汽油與其他能源商品,-0.1,official
1998-01,m12,Other nondurable goods,其他非耐久財,0.04,official
1998-01,m15,Housing and utilities,住宅與公用事業,0.02,official
1998-01,m16,Health care,醫療服務,0.02,official
1998-01,m17,Transportation services,運輸服務,0.04,official
1998-01,m18,Recreation services,休閒服務,0.01,official
1998-01,m19,Food services and accommodations,餐飲與住宿,0.0,official
1998-01,m20,Financial services and insurance,金融服務與保險,0.0,official
1998-01,m21,Other services,其他服務,0.01,official
1998-01,m22,Final consumption expenditures of nonprofit institutions serving households,服務家庭之非營利機構淨消費,0.03,official
1998-01,residual,Residual,差額,-0.0004957497064916397,official
1998-02,m4,Motor vehicles and parts,汽車與零組件,0.0,official
1998-02,m5,Furnishings and durable household equipment,家具與耐久家用設備,0.0,official
1998-02,m6,Recreational goods and vehicles,休閒商品與交通工具,-0.03,official
1998-02,m7,Other durable goods,其他耐久財,0.0,official
1998-02,m9,Food and beverages purchased for off-premises consumption,食物與飲料（居家消費）,-0.02,official
1998-02,m10,Clothing and footwear,服裝與鞋類,-0.04,official
1998-02,m11,Gasoline and other energy goods,汽油與其他能源商品,-0.08,official
1998-02,m12,Other nondurable goods,其他非耐久財,0.05,official
1998-02,m15,Housing and utilities,住宅與公用事業,0.01,official
1998-02,m16,Health care,醫療服務,0.02,official
1998-02,m17,Transportation services,運輸服務,0.01,official
1998-02,m18,Recreation services,休閒服務,0.02,official
1998-02,m19,Food services and accommodations,餐飲與住宿,0.01,official
1998-02,m20,Financial services and insurance,金融服務與保險,-0.01,official
1998-02,m21,Other services,其他服務,0.01,official
1998-02,m22,Final consumption expenditures of nonprofit institutions serving households,服務家庭之非營利機構淨消費,0.01,official
1998-02,residual,Residual,差額,-0.012307170323462333,official
1998-03,m4,Motor vehicles and parts,汽車與零組件,-0.01,official
1998-03,m5,Furnishings and durable household equipment,家具與耐久家用設備,0.01,official
1998-03,m6,Recreational goods and vehicles,休閒商品與交通工具,0.0,official
1998-03,m7,Other durable goods,其他耐久財,-0.01,official
1998-03,m9,Food and beverages purchased for off-premises consumption,食物與飲料（居家消費）,0.01,official
1998-03,m10,Clothing and footwear,服裝與鞋類,-0.01,official
1998-03,m11,Gasoline and other energy goods,汽油與其他能源商品,-0.09,official
1998-03,m12,Other nondurable goods,其他非耐久財,-0.05,official
1998-03,m15,Housing and utilities,住宅與公用事業,0.05,official
1998-03,m16,Health care,醫療服務,0.04,official
1998-03,m17,Transportation services,運輸服務,0.01,official
1998-03,m18,Recreation services,休閒服務,0.02,official
1998-03,m19,Food services and accommodations,餐飲與住宿,0.01,official
1998-03,m20,Financial services and insurance,金融服務與保險,0.0,official
1998-03,m21,Other services,其他服務,0.03,official
1998-03,m22,Final consumption expenditures of nonprofit institutions serving households,服務家庭之非營利機構淨消費,0.0,official
1998-03,residual,Residual,差額,0.005558918796587658,official
1998-04,m4,Motor vehicles and parts,汽車與零組件,0.0,official
1998-04,m5,Furnishings and durable household equipment,家具與耐久家用設備,0.02,official
1998-04,m6,Recreational goods and vehicles,休閒商品與交通工具,-0.02,official
1998-04,m7,Other durable goods,其他耐久財,0.0,official
1998-04,m9,Food and beverages purchased for off-premises consumption,食物與飲料（居家消費）,0.01,official
1998-04,m10,Clothing and footwear,服裝與鞋類,-0.01,official
1998-04,m11,Gasoline and other energy goods,汽油與其他能源商品,-0.05,official
1998-04,m12,Other nondurable goods,其他非耐久財,0.07,official
1998-04,m15,Housing and utilities,住宅與公用事業,0.05,official
1998-04,m16,Health care,醫療服務,0.02,official
1998-04,m17,Transportation services,運輸服務,-0.01,official
1998-04,m18,Recreation services,休閒服務,0.0,official
1998-04,m19,Food services and accommodations,餐飲與住宿,0.02,official
1998-04,m20,Financial services and insurance,金融服務與保險,-0.03,official
1998-04,m21,Other services,其他服務,0.03,official
1998-04,m22,Final consumption expenditures of nonprofit institutions serving households,服務家庭之非營利機構淨消費,0.03,official
1998-04,residual,Residual,差額,-0.005548013010884145,official
1998-05,m4,Motor vehicles and parts,汽車與零組件,-0.03,official
1998-05,m5,Furnishings and durable household equipment,家具與耐久家用設備,-0.02,official
1998-05,m6,Recreational goods and vehicles,休閒商品與交通工具,-0.04,official
1998-05,m7,Other durable goods,其他耐久財,-0.01,official
1998-05,m9,Food and beverages purchased for off-premises consumption,食物與飲料（居家消費）,0.01,official
1998-05,m10,Clothing and footwear,服裝與鞋類,0.02,official
1998-05,m11,Gasoline and other energy goods,汽油與其他能源商品,0.04,official
1998-05,m12,Other nondurable goods,其他非耐久財,0.02,official
1998-05,m15,Housing and utilities,住宅與公用事業,0.05,official
1998-05,m16,Health care,醫療服務,0.03,official
1998-05,m17,Transportation services,運輸服務,-0.01,official
1998-05,m18,Recreation services,休閒服務,0.0,official
1998-05,m19,Food services and accommodations,餐飲與住宿,0.02,official
1998-05,m20,Financial services and insurance,金融服務與保險,0.0,official
1998-05,m21,Other services,其他服務,0.04,official
1998-05,m22,Final consumption expenditures of nonprofit institutions serving households,服務家庭之非營利機構淨消費,0.01,official
1998-05,residual,Residual,差額,0.0070095200429410864,official
1998-06,m4,Motor vehicles and parts,汽車與零組件,-0.01,official
1998-06,m5,Furnishings and durable household equipment,家具與耐久家用設備,0.0,official
1998-06,m6,Recreational goods and vehicles,休閒商品與交通工具,-0.02,official
1998-06,m7,Other durable goods,其他耐久財,-0.02,official
1998-06,m9,Food and beverages purchased for off-premises consumption,食物與飲料（居家消費）,0.01,official
1998-06,m10,Clothing and footwear,服裝與鞋類,0.0,official
1998-06,m11,Gasoline and other energy goods,汽油與其他能源商品,0.03,official
1998-06,m12,Other nondurable goods,其他非耐久財,-0.03,official
1998-06,m15,Housing and utilities,住宅與公用事業,0.04,official
1998-06,m16,Health care,醫療服務,0.02,official
1998-06,m17,Transportation services,運輸服務,0.0,official
1998-06,m18,Recreation services,休閒服務,0.01,official
1998-06,m19,Food services and accommodations,餐飲與住宿,0.0,official
1998-06,m20,Financial services and insurance,金融服務與保險,-0.11,official
1998-06,m21,Other services,其他服務,0.01,official
1998-06,m22,Final consumption expenditures of nonprofit institutions serving households,服務家庭之非營利機構淨消費,0.0,official
1998-06,residual,Residual,差額,-0.014632202553069906,official
1998-07,m4,Motor vehicles and parts,汽車與零組件,0.03,official
1998-07,m5,Furnishings and durable household equipment,家具與耐久家用設備,0.01,official
1998-07,m6,Recreational goods and vehicles,休閒商品與交通工具,-0.03,official
1998-07,m7,Other durable goods,其他耐久財,0.0,official
1998-07,m9,Food and beverages purchased for off-premises consumption,食物與飲料（居家消費）,0.01,official
1998-07,m10,Clothing and footwear,服裝與鞋類,0.0,official
1998-07,m11,Gasoline and other energy goods,汽油與其他能源商品,0.0,official
1998-07,m12,Other nondurable goods,其他非耐久財,0.04,official
1998-07,m15,Housing and utilities,住宅與公用事業,0.04,official
1998-07,m16,Health care,醫療服務,0.01,official
1998-07,m17,Transportation services,運輸服務,0.02,official
1998-07,m18,Recreation services,休閒服務,0.0,official
1998-07,m19,Food services and accommodations,餐飲與住宿,0.01,official
1998-07,m20,Financial services and insurance,金融服務與保險,0.09,official
1998-07,m21,Other services,其他服務,0.01,official
1998-07,m22,Final consumption expenditures of nonprofit institutions serving households,服務家庭之非營利機構淨消費,0.01,official
1998-07,residual,Residual,差額,-0.0029469894825826515,official
1998-08,m4,Motor vehicles and parts,汽車與零組件,0.01,official
1998-08,m5,Furnishings and durable household equipment,家具與耐久家用設備,-0.02,official
1998-08,m6,Recreational goods and vehicles,休閒商品與交通工具,-0.04,official
1998-08,m7,Other durable goods,其他耐久財,0.0,official
1998-08,m9,Food and beverages purchased for off-premises consumption,食物與飲料（居家消費）,0.02,official
1998-08,m10,Clothing and footwear,服裝與鞋類,0.06,official
1998-08,m11,Gasoline and other energy goods,汽油與其他能源商品,-0.05,official
1998-08,m12,Other nondurable goods,其他非耐久財,0.0,official
1998-08,m15,Housing and utilities,住宅與公用事業,0.04,official
1998-08,m16,Health care,醫療服務,0.02,official
1998-08,m17,Transportation services,運輸服務,0.01,official
1998-08,m18,Recreation services,休閒服務,0.01,official
1998-08,m19,Food services and accommodations,餐飲與住宿,0.01,official
1998-08,m20,Financial services and insurance,金融服務與保險,0.03,official
1998-08,m21,Other services,其他服務,0.01,official
1998-08,m22,Final consumption expenditures of nonprofit institutions serving households,服務家庭之非營利機構淨消費,0.01,official
1998-08,residual,Residual,差額,0.01800873116462942,official
1998-09,m4,Motor vehicles and parts,汽車與零組件,0.01,official
1998-09,m5,Furnishings and durable household equipment,家具與耐久家用設備,-0.02,official
1998-09,m6,Recreational goods and vehicles,休閒商品與交通工具,-0.03,official
1998-09,m7,Other durable goods,其他耐久財,0.0,official
1998-09,m9,Food and beverages purchased for off-premises consumption,食物與飲料（居家消費）,-0.01,official
1998-09,m10,Clothing and footwear,服裝與鞋類,-0.06,official
1998-09,m11,Gasoline and other energy goods,汽油與其他能源商品,-0.02,official
1998-09,m12,Other nondurable goods,其他非耐久財,0.04,official
1998-09,m15,Housing and utilities,住宅與公用事業,0.03,official
1998-09,m16,Health care,醫療服務,0.04,official
1998-09,m17,Transportation services,運輸服務,0.0,official
1998-09,m18,Recreation services,休閒服務,0.02,official
1998-09,m19,Food services and accommodations,餐飲與住宿,0.03,official
1998-09,m20,Financial services and insurance,金融服務與保險,-0.11,official
1998-09,m21,Other services,其他服務,0.02,official
1998-09,m22,Final consumption expenditures of nonprofit institutions serving households,服務家庭之非營利機構淨消費,0.0,official
1998-09,residual,Residual,差額,0.0023412274286881973,official
1998-10,m4,Motor vehicles and parts,汽車與零組件,-0.01,official
1998-10,m5,Furnishings and durable household equipment,家具與耐久家用設備,0.01,official
1998-10,m6,Recreational goods and vehicles,休閒商品與交通工具,-0.02,official
1998-10,m7,Other durable goods,其他耐久財,0.0,official
1998-10,m9,Food and beverages purchased for off-premises consumption,食物與飲料（居家消費）,0.04,official
1998-10,m10,Clothing and footwear,服裝與鞋類,-0.01,official
1998-10,m11,Gasoline and other energy goods,汽油與其他能源商品,0.02,official
1998-10,m12,Other nondurable goods,其他非耐久財,0.0,official
1998-10,m15,Housing and utilities,住宅與公用事業,0.04,official
1998-10,m16,Health care,醫療服務,0.02,official
1998-10,m17,Transportation services,運輸服務,0.01,official
1998-10,m18,Recreation services,休閒服務,0.0,official
1998-10,m19,Food services and accommodations,餐飲與住宿,0.01,official
1998-10,m20,Financial services and insurance,金融服務與保險,0.08,official
1998-10,m21,Other services,其他服務,0.03,official
1998-10,m22,Final consumption expenditures of nonprofit institutions serving households,服務家庭之非營利機構淨消費,0.0,official
1998-10,residual,Residual,差額,-0.0004888344801410593,official
1998-11,m4,Motor vehicles and parts,汽車與零組件,0.01,official
1998-11,m5,Furnishings and durable household equipment,家具與耐久家用設備,-0.01,official
1998-11,m6,Recreational goods and vehicles,休閒商品與交通工具,-0.03,official
1998-11,m7,Other durable goods,其他耐久財,0.0,official
1998-11,m9,Food and beverages purchased for off-premises consumption,食物與飲料（居家消費）,0.01,official
1998-11,m10,Clothing and footwear,服裝與鞋類,0.01,official
1998-11,m11,Gasoline and other energy goods,汽油與其他能源商品,-0.03,official
1998-11,m12,Other nondurable goods,其他非耐久財,-0.02,official
1998-11,m15,Housing and utilities,住宅與公用事業,0.04,official
1998-11,m16,Health care,醫療服務,0.03,official
1998-11,m17,Transportation services,運輸服務,-0.01,official
1998-11,m18,Recreation services,休閒服務,0.01,official
1998-11,m19,Food services and accommodations,餐飲與住宿,0.02,official
1998-11,m20,Financial services and insurance,金融服務與保險,-0.04,official
1998-11,m21,Other services,其他服務,0.02,official
1998-11,m22,Final consumption expenditures of nonprofit institutions serving households,服務家庭之非營利機構淨消費,0.0,official
1998-11,residual,Residual,差額,-0.0057878775114883416,official
1998-12,m4,Motor vehicles and parts,汽車與零組件,-0.01,official
1998-12,m5,Furnishings and durable household equipment,家具與耐久家用設備,0.0,official
1998-12,m6,Recreational goods and vehicles,休閒商品與交通工具,-0.03,official
1998-12,m7,Other durable goods,其他耐久財,-0.01,official
1998-12,m9,Food and beverages purchased for off-premises consumption,食物與飲料（居家消費）,0.0,official
1998-12,m10,Clothing and footwear,服裝與鞋類,-0.03,official
1998-12,m11,Gasoline and other energy goods,汽油與其他能源商品,-0.05,official
1998-12,m12,Other nondurable goods,其他非耐久財,0.15,official
1998-12,m15,Housing and utilities,住宅與公用事業,0.03,official
1998-12,m16,Health care,醫療服務,0.03,official
1998-12,m17,Transportation services,運輸服務,-0.02,official
1998-12,m18,Recreation services,休閒服務,0.01,official
1998-12,m19,Food services and accommodations,餐飲與住宿,0.02,official
1998-12,m20,Financial services and insurance,金融服務與保險,0.0,official
1998-12,m21,Other services,其他服務,0.02,official
1998-12,m22,Final consumption expenditures of nonprofit institutions serving households,服務家庭之非營利機構淨消費,0.0,official
1998-12,residual,Residual,差額,-0.008913318170334805,official
1999-01,m4,Motor vehicles and parts,汽車與零組件,0.0,official
1999-01,m5,Furnishings and durable household equipment,家具與耐久家用設備,0.01,official
1999-01,m6,Recreational goods and vehicles,休閒商品與交通工具,-0.02,official
1999-01,m7,Other durable goods,其他耐久財,-0.01,official
1999-01,m9,Food and beverages purchased for off-premises consumption,食物與飲料（居家消費）,0.03,official
1999-01,m10,Clothing and footwear,服裝與鞋類,-0.02,official
1999-01,m11,Gasoline and other energy goods,汽油與其他能源商品,-0.02,official
1999-01,m12,Other nondurable goods,其他非耐久財,0.09,official
1999-01,m15,Housing and utilities,住宅與公用事業,0.03,official
1999-01,m16,Health care,醫療服務,0.03,official
1999-01,m17,Transportation services,運輸服務,0.0,official
1999-01,m18,Recreation services,休閒服務,0.01,official
1999-01,m19,Food services and accommodations,餐飲與住宿,0.0,official
1999-01,m20,Financial services and insurance,金融服務與保險,-0.03,official
1999-01,m21,Other services,其他服務,0.02,official
1999-01,m22,Final consumption expenditures of nonprofit institutions serving households,服務家庭之非營利機構淨消費,0.0,official
1999-01,residual,Residual,差額,0.020256388678494663,official
1999-02,m4,Motor vehicles and parts,汽車與零組件,-0.02,official
1999-02,m5,Furnishings and durable household equipment,家具與耐久家用設備,-0.02,official
1999-02,m6,Recreational goods and vehicles,休閒商品與交通工具,-0.02,official
1999-02,m7,Other durable goods,其他耐久財,0.01,official
1999-02,m9,Food and beverages purchased for off-premises consumption,食物與飲料（居家消費）,0.0,official
1999-02,m10,Clothing and footwear,服裝與鞋類,-0.03,official
1999-02,m11,Gasoline and other energy goods,汽油與其他能源商品,-0.04,official
1999-02,m12,Other nondurable goods,其他非耐久財,-0.01,official
1999-02,m15,Housing and utilities,住宅與公用事業,0.03,official
1999-02,m16,Health care,醫療服務,0.03,official
1999-02,m17,Transportation services,運輸服務,0.01,official
1999-02,m18,Recreation services,休閒服務,0.01,official
1999-02,m19,Food services and accommodations,餐飲與住宿,0.0,official
1999-02,m20,Financial services and insurance,金融服務與保險,-0.03,official
1999-02,m21,Other services,其他服務,0.02,official
1999-02,m22,Final consumption expenditures of nonprofit institutions serving households,服務家庭之非營利機構淨消費,0.0,official
1999-02,residual,Residual,差額,0.003976021737312985,official
1999-03,m4,Motor vehicles and parts,汽車與零組件,-0.01,official
1999-03,m5,Furnishings and durable household equipment,家具與耐久家用設備,0.0,official
1999-03,m6,Recreational goods and vehicles,休閒商品與交通工具,-0.03,official
1999-03,m7,Other durable goods,其他耐久財,-0.01,official
1999-03,m9,Food and beverages purchased for off-premises consumption,食物與飲料（居家消費）,-0.01,official
1999-03,m10,Clothing and footwear,服裝與鞋類,-0.01,official
1999-03,m11,Gasoline and other energy goods,汽油與其他能源商品,0.06,official
1999-03,m12,Other nondurable goods,其他非耐久財,-0.04,official
1999-03,m15,Housing and utilities,住宅與公用事業,0.03,official
1999-03,m16,Health care,醫療服務,0.02,official
1999-03,m17,Transportation services,運輸服務,0.04,official
1999-03,m18,Recreation services,休閒服務,0.0,official
1999-03,m19,Food services and accommodations,餐飲與住宿,0.02,official
1999-03,m20,Financial services and insurance,金融服務與保險,-0.01,official
1999-03,m21,Other services,其他服務,0.01,official
1999-03,m22,Final consumption expenditures of nonprofit institutions serving households,服務家庭之非營利機構淨消費,0.01,official
1999-03,residual,Residual,差額,0.005674766669475709,official
1999-04,m4,Motor vehicles and parts,汽車與零組件,0.01,official
1999-04,m5,Furnishings and durable household equipment,家具與耐久家用設備,0.01,official
1999-04,m6,Recreational goods and vehicles,休閒商品與交通工具,-0.01,official
1999-04,m7,Other durable goods,其他耐久財,0.01,official
1999-04,m9,Food and beverages purchased for off-premises consumption,食物與飲料（居家消費）,0.02,official
1999-04,m10,Clothing and footwear,服裝與鞋類,0.04,official
1999-04,m11,Gasoline and other energy goods,汽油與其他能源商品,0.24,official
1999-04,m12,Other nondurable goods,其他非耐久財,0.06,official
1999-04,m15,Housing and utilities,住宅與公用事業,0.03,official
1999-04,m16,Health care,醫療服務,0.01,official
1999-04,m17,Transportation services,運輸服務,-0.03,official
1999-04,m18,Recreation services,休閒服務,0.02,official
1999-04,m19,Food services and accommodations,餐飲與住宿,0.02,official
1999-04,m20,Financial services and insurance,金融服務與保險,0.01,official
1999-04,m21,Other services,其他服務,0.01,official
1999-04,m22,Final consumption expenditures of nonprofit institutions serving households,服務家庭之非營利機構淨消費,0.02,official
1999-04,residual,Residual,差額,0.013112082003023273,official
1999-05,m4,Motor vehicles and parts,汽車與零組件,0.0,official
1999-05,m5,Furnishings and durable household equipment,家具與耐久家用設備,-0.03,official
1999-05,m6,Recreational goods and vehicles,休閒商品與交通工具,-0.01,official
1999-05,m7,Other durable goods,其他耐久財,0.0,official
1999-05,m9,Food and beverages purchased for off-premises consumption,食物與飲料（居家消費）,0.01,official
1999-05,m10,Clothing and footwear,服裝與鞋類,0.0,official
1999-05,m11,Gasoline and other energy goods,汽油與其他能源商品,-0.03,official
1999-05,m12,Other nondurable goods,其他非耐久財,-0.01,official
1999-05,m15,Housing and utilities,住宅與公用事業,0.03,official
1999-05,m16,Health care,醫療服務,0.03,official
1999-05,m17,Transportation services,運輸服務,0.03,official
1999-05,m18,Recreation services,休閒服務,0.01,official
1999-05,m19,Food services and accommodations,餐飲與住宿,0.01,official
1999-05,m20,Financial services and insurance,金融服務與保險,0.0,official
1999-05,m21,Other services,其他服務,0.01,official
1999-05,m22,Final consumption expenditures of nonprofit institutions serving households,服務家庭之非營利機構淨消費,0.0,official
1999-05,residual,Residual,差額,0.015498836350452724,official
1999-06,m4,Motor vehicles and parts,汽車與零組件,0.01,official
1999-06,m5,Furnishings and durable household equipment,家具與耐久家用設備,0.0,official
1999-06,m6,Recreational goods and vehicles,休閒商品與交通工具,-0.04,official
1999-06,m7,Other durable goods,其他耐久財,-0.01,official
1999-06,m9,Food and beverages purchased for off-premises consumption,食物與飲料（居家消費）,0.0,official
1999-06,m10,Clothing and footwear,服裝與鞋類,0.01,official
1999-06,m11,Gasoline and other energy goods,汽油與其他能源商品,-0.01,official
1999-06,m12,Other nondurable goods,其他非耐久財,0.02,official
1999-06,m15,Housing and utilities,住宅與公用事業,0.03,official
1999-06,m16,Health care,醫療服務,0.02,official
1999-06,m17,Transportation services,運輸服務,0.0,official
1999-06,m18,Recreation services,休閒服務,0.01,official
1999-06,m19,Food services and accommodations,餐飲與住宿,0.0,official
1999-06,m20,Financial services and insurance,金融服務與保險,-0.03,official
1999-06,m21,Other services,其他服務,0.01,official
1999-06,m22,Final consumption expenditures of nonprofit institutions serving households,服務家庭之非營利機構淨消費,0.01,official
1999-06,residual,Residual,差額,0.0006389616177238377,official
1999-07,m4,Motor vehicles and parts,汽車與零組件,0.02,official
1999-07,m5,Furnishings and durable household equipment,家具與耐久家用設備,0.0,official
1999-07,m6,Recreational goods and vehicles,休閒商品與交通工具,-0.02,official
1999-07,m7,Other durable goods,其他耐久財,0.0,official
1999-07,m9,Food and beverages purchased for off-premises consumption,食物與飲料（居家消費）,0.01,official
1999-07,m10,Clothing and footwear,服裝與鞋類,-0.01,official
1999-07,m11,Gasoline and other energy goods,汽油與其他能源商品,0.09,official
1999-07,m12,Other nondurable goods,其他非耐久財,0.03,official
1999-07,m15,Housing and utilities,住宅與公用事業,0.04,official
1999-07,m16,Health care,醫療服務,0.03,official
1999-07,m17,Transportation services,運輸服務,0.0,official
1999-07,m18,Recreation services,休閒服務,0.01,official
1999-07,m19,Food services and accommodations,餐飲與住宿,0.02,official
1999-07,m20,Financial services and insurance,金融服務與保險,0.03,official
1999-07,m21,Other services,其他服務,0.01,official
1999-07,m22,Final consumption expenditures of nonprofit institutions serving households,服務家庭之非營利機構淨消費,0.01,official
1999-07,residual,Residual,差額,-0.004079581210144401,official
1999-08,m4,Motor vehicles and parts,汽車與零組件,0.02,official
1999-08,m5,Furnishings and durable household equipment,家具與耐久家用設備,-0.01,official
1999-08,m6,Recreational goods and vehicles,休閒商品與交通工具,-0.03,official
1999-08,m7,Other durable goods,其他耐久財,0.0,official
1999-08,m9,Food and beverages purchased for off-premises consumption,食物與飲料（居家消費）,0.01,official
1999-08,m10,Clothing and footwear,服裝與鞋類,-0.02,official
1999-08,m11,Gasoline and other energy goods,汽油與其他能源商品,0.12,official
1999-08,m12,Other nondurable goods,其他非耐久財,-0.01,official
1999-08,m15,Housing and utilities,住宅與公用事業,0.04,official
1999-08,m16,Health care,醫療服務,0.02,official
1999-08,m17,Transportation services,運輸服務,0.0,official
1999-08,m18,Recreation services,休閒服務,0.01,official
1999-08,m19,Food services and accommodations,餐飲與住宿,0.01,official
1999-08,m20,Financial services and insurance,金融服務與保險,0.0,official
1999-08,m21,Other services,其他服務,0.02,official
1999-08,m22,Final consumption expenditures of nonprofit institutions serving households,服務家庭之非營利機構淨消費,0.01,official
1999-08,residual,Residual,差額,-0.008098504519769956,official
1999-09,m4,Motor vehicles and parts,汽車與零組件,0.01,official
1999-09,m5,Furnishings and durable household equipment,家具與耐久家用設備,0.01,official
1999-09,m6,Recreational goods and vehicles,休閒商品與交通工具,-0.03,official
1999-09,m7,Other durable goods,其他耐久財,0.0,official
1999-09,m9,Food and beverages purchased for off-premises consumption,食物與飲料（居家消費）,0.02,official
1999-09,m10,Clothing and footwear,服裝與鞋類,0.01,official
1999-09,m11,Gasoline and other energy goods,汽油與其他能源商品,0.08,official
1999-09,m12,Other nondurable goods,其他非耐久財,0.06,official
1999-09,m15,Housing and utilities,住宅與公用事業,0.06,official
1999-09,m16,Health care,醫療服務,0.03,official
1999-09,m17,Transportation services,運輸服務,0.01,official
1999-09,m18,Recreation services,休閒服務,0.01,official
1999-09,m19,Food services and accommodations,餐飲與住宿,0.02,official
1999-09,m20,Financial services and insurance,金融服務與保險,0.04,official
1999-09,m21,Other services,其他服務,0.02,official
1999-09,m22,Final consumption expenditures of nonprofit institutions serving households,服務家庭之非營利機構淨消費,0.02,official
1999-09,residual,Residual,差額,-0.011015689970613418,official
1999-10,m4,Motor vehicles and parts,汽車與零組件,0.0,official
1999-10,m5,Furnishings and durable household equipment,家具與耐久家用設備,-0.01,official
1999-10,m6,Recreational goods and vehicles,休閒商品與交通工具,-0.02,official
1999-10,m7,Other durable goods,其他耐久財,0.0,official
1999-10,m9,Food and beverages purchased for off-premises consumption,食物與飲料（居家消費）,0.01,official
1999-10,m10,Clothing and footwear,服裝與鞋類,0.01,official
1999-10,m11,Gasoline and other energy goods,汽油與其他能源商品,0.01,official
1999-10,m12,Other nondurable goods,其他非耐久財,0.0,official
1999-10,m15,Housing and utilities,住宅與公用事業,0.03,official
1999-10,m16,Health care,醫療服務,0.03,official
1999-10,m17,Transportation services,運輸服務,0.02,official
1999-10,m18,Recreation services,休閒服務,0.01,official
1999-10,m19,Food services and accommodations,餐飲與住宿,0.01,official
1999-10,m20,Financial services and insurance,金融服務與保險,0.03,official
1999-10,m21,Other services,其他服務,0.02,official
1999-10,m22,Final consumption expenditures of nonprofit institutions serving households,服務家庭之非營利機構淨消費,0.02,official
1999-10,residual,Residual,差額,-0.001508003369839861,official
1999-11,m4,Motor vehicles and parts,汽車與零組件,0.0,official
1999-11,m5,Furnishings and durable household equipment,家具與耐久家用設備,-0.01,official
1999-11,m6,Recreational goods and vehicles,休閒商品與交通工具,-0.01,official
1999-11,m7,Other durable goods,其他耐久財,-0.01,official
1999-11,m9,Food and beverages purchased for off-premises consumption,食物與飲料（居家消費）,0.02,official
1999-11,m10,Clothing and footwear,服裝與鞋類,-0.01,official
1999-11,m11,Gasoline and other energy goods,汽油與其他能源商品,-0.02,official
1999-11,m12,Other nondurable goods,其他非耐久財,-0.02,official
1999-11,m15,Housing and utilities,住宅與公用事業,0.05,official
1999-11,m16,Health care,醫療服務,0.03,official
1999-11,m17,Transportation services,運輸服務,0.01,official
1999-11,m18,Recreation services,休閒服務,0.01,official
1999-11,m19,Food services and accommodations,餐飲與住宿,0.01,official
1999-11,m20,Financial services and insurance,金融服務與保險,0.01,official
1999-11,m21,Other services,其他服務,0.03,official
1999-11,m22,Final consumption expenditures of nonprofit institutions serving households,服務家庭之非營利機構淨消費,-0.01,official
1999-11,residual,Residual,差額,0.00961932468392053,official
1999-12,m4,Motor vehicles and parts,汽車與零組件,-0.01,official
1999-12,m5,Furnishings and durable household equipment,家具與耐久家用設備,-0.01,official
1999-12,m6,Recreational goods and vehicles,休閒商品與交通工具,-0.02,official
1999-12,m7,Other durable goods,其他耐久財,0.0,official
1999-12,m9,Food and beverages purchased for off-premises consumption,食物與飲料（居家消費）,0.01,official
1999-12,m10,Clothing and footwear,服裝與鞋類,0.01,official
1999-12,m11,Gasoline and other energy goods,汽油與其他能源商品,0.12,official
1999-12,m12,Other nondurable goods,其他非耐久財,0.0,official
1999-12,m15,Housing and utilities,住宅與公用事業,0.02,official
1999-12,m16,Health care,醫療服務,0.04,official
1999-12,m17,Transportation services,運輸服務,-0.01,official
1999-12,m18,Recreation services,休閒服務,0.02,official
1999-12,m19,Food services and accommodations,餐飲與住宿,0.02,official
1999-12,m20,Financial services and insurance,金融服務與保險,0.02,official
1999-12,m21,Other services,其他服務,0.02,official
1999-12,m22,Final consumption expenditures of nonprofit institutions serving households,服務家庭之非營利機構淨消費,0.01,official
1999-12,residual,Residual,差額,-0.007198391051592479,official
2000-01,m4,Motor vehicles and parts,汽車與零組件,-0.01,official
2000-01,m5,Furnishings and durable household equipment,家具與耐久家用設備,0.01,official
2000-01,m6,Recreational goods and vehicles,休閒商品與交通工具,-0.01,official
2000-01,m7,Other durable goods,其他耐久財,0.0,official
2000-01,m9,Food and beverages purchased for off-premises consumption,食物與飲料（居家消費）,0.01,official
2000-01,m10,Clothing and footwear,服裝與鞋類,-0.02,official
2000-01,m11,Gasoline and other energy goods,汽油與其他能源商品,0.05,official
2000-01,m12,Other nondurable goods,其他非耐久財,0.01,official
2000-01,m15,Housing and utilities,住宅與公用事業,0.08,official
2000-01,m16,Health care,醫療服務,0.05,official
2000-01,m17,Transportation services,運輸服務,0.01,official
2000-01,m18,Recreation services,休閒服務,0.01,official
2000-01,m19,Food services and accommodations,餐飲與住宿,0.02,official
2000-01,m20,Financial services and insurance,金融服務與保險,0.04,official
2000-01,m21,Other services,其他服務,0.03,official
2000-01,m22,Final consumption expenditures of nonprofit institutions serving households,服務家庭之非營利機構淨消費,-0.02,official
2000-01,residual,Residual,差額,0.012116322856397188,official
2000-02,m4,Motor vehicles and parts,汽車與零組件,-0.02,official
2000-02,m5,Furnishings and durable household equipment,家具與耐久家用設備,0.0,official
2000-02,m6,Recreational goods and vehicles,休閒商品與交通工具,-0.03,official
2000-02,m7,Other durable goods,其他耐久財,0.0,official
2000-02,m9,Food and beverages purchased for off-premises consumption,食物與飲料（居家消費）,0.02,official
2000-02,m10,Clothing and footwear,服裝與鞋類,-0.01,official
2000-02,m11,Gasoline and other energy goods,汽油與其他能源商品,0.14,official
2000-02,m12,Other nondurable goods,其他非耐久財,0.02,official
2000-02,m15,Housing and utilities,住宅與公用事業,0.06,official
2000-02,m16,Health care,醫療服務,0.03,official
2000-02,m17,Transportation services,運輸服務,0.02,official
2000-02,m18,Recreation services,休閒服務,0.01,official
2000-02,m19,Food services and accommodations,餐飲與住宿,0.01,official
2000-02,m20,Financial services and insurance,金融服務與保險,0.04,official
2000-02,m21,Other services,其他服務,0.0,official
2000-02,m22,Final consumption expenditures of nonprofit institutions serving households,服務家庭之非營利機構淨消費,0.01,official
2000-02,residual,Residual,差額,0.015236907388882781,official
2000-03,m4,Motor vehicles and parts,汽車與零組件,0.02,official
2000-03,m5,Furnishings and durable household equipment,家具與耐久家用設備,0.02,official
2000-03,m6,Recreational goods and vehicles,休閒商品與交通工具,-0.01,official
2000-03,m7,Other durable goods,其他耐久財,0.0,official
2000-03,m9,Food and beverages purchased for off-premises consumption,食物與飲料（居家消費）,0.02,official
2000-03,m10,Clothing and footwear,服裝與鞋類,0.0,official
2000-03,m11,Gasoline and other energy goods,汽油與其他能源商品,0.23,official
2000-03,m12,Other nondurable goods,其他非耐久財,0.04,official
2000-03,m15,Housing and utilities,住宅與公用事業,0.04,official
2000-03,m16,Health care,醫療服務,0.01,official
2000-03,m17,Transportation services,運輸服務,0.02,official
2000-03,m18,Recreation services,休閒服務,0.02,official
2000-03,m19,Food services and accommodations,餐飲與住宿,0.02,official
2000-03,m20,Financial services and insurance,金融服務與保險,-0.02,official
2000-03,m21,Other services,其他服務,-0.01,official
2000-03,m22,Final consumption expenditures of nonprofit institutions serving households,服務家庭之非營利機構淨消費,0.03,official
2000-03,residual,Residual,差額,-0.0009855036821522778,official
2000-04,m4,Motor vehicles and parts,汽車與零組件,0.01,official
2000-04,m5,Furnishings and durable household equipment,家具與耐久家用設備,-0.01,official
2000-04,m6,Recreational goods and vehicles,休閒商品與交通工具,-0.02,official
2000-04,m7,Other durable goods,其他耐久財,0.0,official
2000-04,m9,Food and beverages purchased for off-premises consumption,食物與飲料（居家消費）,0.01,official
2000-04,m10,Clothing and footwear,服裝與鞋類,-0.02,official
2000-04,m11,Gasoline and other energy goods,汽油與其他能源商品,-0.15,official
2000-04,m12,Other nondurable goods,其他非耐久財,0.08,official
2000-04,m15,Housing and utilities,住宅與公用事業,0.04,official
2000-04,m16,Health care,醫療服務,0.02,official
2000-04,m17,Transportation services,運輸服務,0.01,official
2000-04,m18,Recreation services,休閒服務,0.0,official
2000-04,m19,Food services and accommodations,餐飲與住宿,0.01,official
2000-04,m20,Financial services and insurance,金融服務與保險,-0.09,official
2000-04,m21,Other services,其他服務,0.01,official
2000-04,m22,Final consumption expenditures of nonprofit institutions serving households,服務家庭之非營利機構淨消費,0.02,official
2000-04,residual,Residual,差額,-0.002987551867208532,official
2000-05,m4,Motor vehicles and parts,汽車與零組件,0.02,official
2000-05,m5,Furnishings and durable household equipment,家具與耐久家用設備,-0.01,official
2000-05,m6,Recreational goods and vehicles,休閒商品與交通工具,0.03,official
2000-05,m7,Other durable goods,其他耐久財,-0.03,official
2000-05,m9,Food and beverages purchased for off-premises consumption,食物與飲料（居家消費）,0.04,official
2000-05,m10,Clothing and footwear,服裝與鞋類,0.0,official
2000-05,m11,Gasoline and other energy goods,汽油與其他能源商品,-0.05,official
2000-05,m12,Other nondurable goods,其他非耐久財,-0.03,official
2000-05,m15,Housing and utilities,住宅與公用事業,0.04,official
2000-05,m16,Health care,醫療服務,0.03,official
2000-05,m17,Transportation services,運輸服務,0.01,official
2000-05,m18,Recreation services,休閒服務,0.01,official
2000-05,m19,Food services and accommodations,餐飲與住宿,0.01,official
2000-05,m20,Financial services and insurance,金融服務與保險,-0.02,official
2000-05,m21,Other services,其他服務,0.02,official
2000-05,m22,Final consumption expenditures of nonprofit institutions serving households,服務家庭之非營利機構淨消費,0.01,official
2000-05,residual,Residual,差額,0.003056478405296728,official
2000-06,m4,Motor vehicles and parts,汽車與零組件,0.0,official
2000-06,m5,Furnishings and durable household equipment,家具與耐久家用設備,-0.01,official
2000-06,m6,Recreational goods and vehicles,休閒商品與交通工具,-0.02,official
2000-06,m7,Other durable goods,其他耐久財,-0.02,official
2000-06,m9,Food and beverages purchased for off-premises consumption,食物與飲料（居家消費）,0.0,official
2000-06,m10,Clothing and footwear,服裝與鞋類,-0.01,official
2000-06,m11,Gasoline and other energy goods,汽油與其他能源商品,0.23,official
2000-06,m12,Other nondurable goods,其他非耐久財,-0.01,official
2000-06,m15,Housing and utilities,住宅與公用事業,0.09,official
2000-06,m16,Health care,醫療服務,0.01,official
2000-06,m17,Transportation services,運輸服務,0.01,official
2000-06,m18,Recreation services,休閒服務,0.02,official
2000-06,m19,Food services and accommodations,餐飲與住宿,0.02,official
2000-06,m20,Financial services and insurance,金融服務與保險,-0.01,official
2000-06,m21,Other services,其他服務,-0.01,official
2000-06,m22,Final consumption expenditures of nonprofit institutions serving households,服務家庭之非營利機構淨消費,0.03,official
2000-06,residual,Residual,差額,0.01875246581867024,official
2000-07,m4,Motor vehicles and parts,汽車與零組件,-0.02,official
2000-07,m5,Furnishings and durable household equipment,家具與耐久家用設備,0.01,official
2000-07,m6,Recreational goods and vehicles,休閒商品與交通工具,-0.03,official
2000-07,m7,Other durable goods,其他耐久財,0.01,official
2000-07,m9,Food and beverages purchased for off-premises consumption,食物與飲料（居家消費）,0.04,official
2000-07,m10,Clothing and footwear,服裝與鞋類,-0.01,official
2000-07,m11,Gasoline and other energy goods,汽油與其他能源商品,-0.02,official
2000-07,m12,Other nondurable goods,其他非耐久財,0.05,official
2000-07,m15,Housing and utilities,住宅與公用事業,0.07,official
2000-07,m16,Health care,醫療服務,0.1,official
2000-07,m17,Transportation services,運輸服務,-0.01,official
2000-07,m18,Recreation services,休閒服務,0.02,official
2000-07,m19,Food services and accommodations,餐飲與住宿,0.02,official
2000-07,m20,Financial services and insurance,金融服務與保險,0.02,official
2000-07,m21,Other services,其他服務,0.02,official
2000-07,m22,Final consumption expenditures of nonprofit institutions serving households,服務家庭之非營利機構淨消費,-0.03,official
2000-07,residual,Residual,差額,0.010833853079135397,official
2000-08,m4,Motor vehicles and parts,汽車與零組件,-0.01,official
2000-08,m5,Furnishings and durable household equipment,家具與耐久家用設備,-0.02,official
2000-08,m6,Recreational goods and vehicles,休閒商品與交通工具,-0.02,official
2000-08,m7,Other durable goods,其他耐久財,0.0,official
2000-08,m9,Food and beverages purchased for off-premises consumption,食物與飲料（居家消費）,0.03,official
2000-08,m10,Clothing and footwear,服裝與鞋類,0.0,official
2000-08,m11,Gasoline and other energy goods,汽油與其他能源商品,-0.14,official
2000-08,m12,Other nondurable goods,其他非耐久財,-0.01,official
2000-08,m15,Housing and utilities,住宅與公用事業,0.04,official
2000-08,m16,Health care,醫療服務,0.03,official
2000-08,m17,Transportation services,運輸服務,0.05,official
2000-08,m18,Recreation services,休閒服務,0.01,official
2000-08,m19,Food services and accommodations,餐飲與住宿,0.01,official
2000-08,m20,Financial services and insurance,金融服務與保險,0.01,official
2000-08,m21,Other services,其他服務,0.01,official
2000-08,m22,Final consumption expenditures of nonprofit institutions serving households,服務家庭之非營利機構淨消費,0.01,official
2000-08,residual,Residual,差額,-0.006762331110776719,official
2000-09,m4,Motor vehicles and parts,汽車與零組件,0.01,official
2000-09,m5,Furnishings and durable household equipment,家具與耐久家用設備,0.02,official
2000-09,m6,Recreational goods and vehicles,休閒商品與交通工具,-0.01,official
2000-09,m7,Other durable goods,其他耐久財,0.01,official
2000-09,m9,Food and beverages purchased for off-premises consumption,食物與飲料（居家消費）,0.0,official
2000-09,m10,Clothing and footwear,服裝與鞋類,0.02,official
2000-09,m11,Gasoline and other energy goods,汽油與其他能源商品,0.18,official
2000-09,m12,Other nondurable goods,其他非耐久財,0.02,official
2000-09,m15,Housing and utilities,住宅與公用事業,0.09,official
2000-09,m16,Health care,醫療服務,0.03,official
2000-09,m17,Transportation services,運輸服務,0.01,official
2000-09,m18,Recreation services,休閒服務,0.02,official
2000-09,m19,Food services and accommodations,餐飲與住宿,0.01,official
2000-09,m20,Financial services and insurance,金融服務與保險,0.03,official
2000-09,m21,Other services,其他服務,-0.02,official
2000-09,m22,Final consumption expenditures of nonprofit institutions serving households,服務家庭之非營利機構淨消費,0.02,official
2000-09,residual,Residual,差額,-0.009886655665862387,official
2000-10,m4,Motor vehicles and parts,汽車與零組件,0.0,official
2000-10,m5,Furnishings and durable household equipment,家具與耐久家用設備,-0.01,official
2000-10,m6,Recreational goods and vehicles,休閒商品與交通工具,-0.02,official
2000-10,m7,Other durable goods,其他耐久財,0.01,official
2000-10,m9,Food and beverages purchased for off-premises consumption,食物與飲料（居家消費）,0.0,official
2000-10,m10,Clothing and footwear,服裝與鞋類,-0.01,official
2000-10,m11,Gasoline and other energy goods,汽油與其他能源商品,-0.02,official
2000-10,m12,Other nondurable goods,其他非耐久財,-0.03,official
2000-10,m15,Housing and utilities,住宅與公用事業,0.08,official
2000-10,m16,Health care,醫療服務,0.03,official
2000-10,m17,Transportation services,運輸服務,0.04,official
2000-10,m18,Recreation services,休閒服務,0.0,official
2000-10,m19,Food services and accommodations,餐飲與住宿,0.01,official
2000-10,m20,Financial services and insurance,金融服務與保險,0.01,official
2000-10,m21,Other services,其他服務,0.04,official
2000-10,m22,Final consumption expenditures of nonprofit institutions serving households,服務家庭之非營利機構淨消費,0.0,official
2000-10,residual,Residual,差額,0.006023272100405097,official
2000-11,m4,Motor vehicles and parts,汽車與零組件,0.02,official
2000-11,m5,Furnishings and durable household equipment,家具與耐久家用設備,-0.01,official
2000-11,m6,Recreational goods and vehicles,休閒商品與交通工具,-0.02,official
2000-11,m7,Other durable goods,其他耐久財,0.01,official
2000-11,m9,Food and beverages purchased for off-premises consumption,食物與飲料（居家消費）,0.01,official
2000-11,m10,Clothing and footwear,服裝與鞋類,0.0,official
2000-11,m11,Gasoline and other energy goods,汽油與其他能源商品,-0.01,official
2000-11,m12,Other nondurable goods,其他非耐久財,0.05,official
2000-11,m15,Housing and utilities,住宅與公用事業,0.04,official
2000-11,m16,Health care,醫療服務,0.03,official
2000-11,m17,Transportation services,運輸服務,-0.02,official
2000-11,m18,Recreation services,休閒服務,0.01,official
2000-11,m19,Food services and accommodations,餐飲與住宿,0.01,official
2000-11,m20,Financial services and insurance,金融服務與保險,-0.01,official
2000-11,m21,Other services,其他服務,0.02,official
2000-11,m22,Final consumption expenditures of nonprofit institutions serving households,服務家庭之非營利機構淨消費,0.02,official
2000-11,residual,Residual,差額,-0.010126692937734022,official
2000-12,m4,Motor vehicles and parts,汽車與零組件,0.02,official
2000-12,m5,Furnishings and durable household equipment,家具與耐久家用設備,-0.01,official
2000-12,m6,Recreational goods and vehicles,休閒商品與交通工具,-0.02,official
2000-12,m7,Other durable goods,其他耐久財,-0.01,official
2000-12,m9,Food and beverages purchased for off-premises consumption,食物與飲料（居家消費）,0.04,official
2000-12,m10,Clothing and footwear,服裝與鞋類,-0.01,official
2000-12,m11,Gasoline and other energy goods,汽油與其他能源商品,-0.02,official
2000-12,m12,Other nondurable goods,其他非耐久財,-0.02,official
2000-12,m15,Housing and utilities,住宅與公用事業,0.1,official
2000-12,m16,Health care,醫療服務,0.03,official
2000-12,m17,Transportation services,運輸服務,-0.01,official
2000-12,m18,Recreation services,休閒服務,0.01,official
2000-12,m19,Food services and accommodations,餐飲與住宿,0.0,official
2000-12,m20,Financial services and insurance,金融服務與保險,0.0,official
2000-12,m21,Other services,其他服務,0.04,official
2000-12,m22,Final consumption expenditures of nonprofit institutions serving households,服務家庭之非營利機構淨消費,0.01,official
2000-12,residual,Residual,差額,0.0031085055804126738,official
2001-01,m4,Motor vehicles and parts,汽車與零組件,0.0,official
2001-01,m5,Furnishings and durable household equipment,家具與耐久家用設備,0.0,official
2001-01,m6,Recreational goods and vehicles,休閒商品與交通工具,-0.03,official
2001-01,m7,Other durable goods,其他耐久財,0.01,official
2001-01,m9,Food and beverages purchased for off-premises consumption,食物與飲料（居家消費）,0.01,official
2001-01,m10,Clothing and footwear,服裝與鞋類,0.01,official
2001-01,m11,Gasoline and other energy goods,汽油與其他能源商品,0.0,official
2001-01,m12,Other nondurable goods,其他非耐久財,0.04,official
2001-01,m15,Housing and utilities,住宅與公用事業,0.21,official
2001-01,m16,Health care,醫療服務,0.06,official
2001-01,m17,Transportation services,運輸服務,0.0,official
2001-01,m18,Recreation services,休閒服務,0.01,official
2001-01,m19,Food services and accommodations,餐飲與住宿,0.02,official
2001-01,m20,Financial services and insurance,金融服務與保險,0.07,official
2001-01,m21,Other services,其他服務,0.03,official
2001-01,m22,Final consumption expenditures of nonprofit institutions serving households,服務家庭之非營利機構淨消費,0.03,official
2001-01,residual,Residual,差額,0.01410239905594124,official
2001-02,m4,Motor vehicles and parts,汽車與零組件,-0.01,official
2001-02,m5,Furnishings and durable household equipment,家具與耐久家用設備,0.0,official
2001-02,m6,Recreational goods and vehicles,休閒商品與交通工具,-0.03,official
2001-02,m7,Other durable goods,其他耐久財,-0.01,official
2001-02,m9,Food and beverages purchased for off-premises consumption,食物與飲料（居家消費）,0.05,official
2001-02,m10,Clothing and footwear,服裝與鞋類,0.01,official
2001-02,m11,Gasoline and other energy goods,汽油與其他能源商品,-0.04,official
2001-02,m12,Other nondurable goods,其他非耐久財,0.02,official
2001-02,m15,Housing and utilities,住宅與公用事業,0.05,official
2001-02,m16,Health care,醫療服務,0.05,official
2001-02,m17,Transportation services,運輸服務,0.0,official
2001-02,m18,Recreation services,休閒服務,0.01,official
2001-02,m19,Food services and accommodations,餐飲與住宿,0.01,official
2001-02,m20,Financial services and insurance,金融服務與保險,0.02,official
2001-02,m21,Other services,其他服務,0.03,official
2001-02,m22,Final consumption expenditures of nonprofit institutions serving households,服務家庭之非營利機構淨消費,0.0,official
2001-02,residual,Residual,差額,-0.0051929749639699485,official
2001-03,m4,Motor vehicles and parts,汽車與零組件,0.0,official
2001-03,m5,Furnishings and durable household equipment,家具與耐久家用設備,-0.02,official
2001-03,m6,Recreational goods and vehicles,休閒商品與交通工具,-0.03,official
2001-03,m7,Other durable goods,其他耐久財,0.01,official
2001-03,m9,Food and beverages purchased for off-premises consumption,食物與飲料（居家消費）,0.01,official
2001-03,m10,Clothing and footwear,服裝與鞋類,-0.01,official
2001-03,m11,Gasoline and other energy goods,汽油與其他能源商品,-0.07,official
2001-03,m12,Other nondurable goods,其他非耐久財,-0.01,official
2001-03,m15,Housing and utilities,住宅與公用事業,0.04,official
2001-03,m16,Health care,醫療服務,0.03,official
2001-03,m17,Transportation services,運輸服務,0.0,official
2001-03,m18,Recreation services,休閒服務,0.0,official
2001-03,m19,Food services and accommodations,餐飲與住宿,0.02,official
2001-03,m20,Financial services and insurance,金融服務與保險,0.0,official
2001-03,m21,Other services,其他服務,0.03,official
2001-03,m22,Final consumption expenditures of nonprofit institutions serving households,服務家庭之非營利機構淨消費,0.0,official
2001-03,residual,Residual,差額,0.009327363820488273,official
2001-04,m4,Motor vehicles and parts,汽車與零組件,0.0,official
2001-04,m5,Furnishings and durable household equipment,家具與耐久家用設備,0.0,official
2001-04,m6,Recreational goods and vehicles,休閒商品與交通工具,-0.01,official
2001-04,m7,Other durable goods,其他耐久財,-0.01,official
2001-04,m9,Food and beverages purchased for off-premises consumption,食物與飲料（居家消費）,0.01,official
2001-04,m10,Clothing and footwear,服裝與鞋類,-0.04,official
2001-04,m11,Gasoline and other energy goods,汽油與其他能源商品,0.04,official
2001-04,m12,Other nondurable goods,其他非耐久財,0.06,official
2001-04,m15,Housing and utilities,住宅與公用事業,0.04,official
2001-04,m16,Health care,醫療服務,0.05,official
2001-04,m17,Transportation services,運輸服務,0.0,official
2001-04,m18,Recreation services,休閒服務,0.02,official
2001-04,m19,Food services and accommodations,餐飲與住宿,0.01,official
2001-04,m20,Financial services and insurance,金融服務與保險,-0.01,official
2001-04,m21,Other services,其他服務,0.01,official
2001-04,m22,Final consumption expenditures of nonprofit institutions serving households,服務家庭之非營利機構淨消費,0.0,official
2001-04,residual,Residual,差額,0.005871027912855015,official
2001-05,m4,Motor vehicles and parts,汽車與零組件,0.0,official
2001-05,m5,Furnishings and durable household equipment,家具與耐久家用設備,-0.02,official
2001-05,m6,Recreational goods and vehicles,休閒商品與交通工具,-0.02,official
2001-05,m7,Other durable goods,其他耐久財,-0.01,official
2001-05,m9,Food and beverages purchased for off-premises consumption,食物與飲料（居家消費）,0.01,official
2001-05,m10,Clothing and footwear,服裝與鞋類,-0.03,official
2001-05,m11,Gasoline and other energy goods,汽油與其他能源商品,0.21,official
2001-05,m12,Other nondurable goods,其他非耐久財,-0.03,official
2001-05,m15,Housing and utilities,住宅與公用事業,0.08,official
2001-05,m16,Health care,醫療服務,0.02,official
2001-05,m17,Transportation services,運輸服務,-0.02,official
2001-05,m18,Recreation services,休閒服務,0.01,official
2001-05,m19,Food services and accommodations,餐飲與住宿,0.02,official
2001-05,m20,Financial services and insurance,金融服務與保險,0.0,official
2001-05,m21,Other services,其他服務,0.02,official
2001-05,m22,Final consumption expenditures of nonprofit institutions serving households,服務家庭之非營利機構淨消費,0.02,official
2001-05,residual,Residual,差額,0.0033433971298337806,official
2001-06,m4,Motor vehicles and parts,汽車與零組件,0.0,official
2001-06,m5,Furnishings and durable household equipment,家具與耐久家用設備,0.0,official
2001-06,m6,Recreational goods and vehicles,休閒商品與交通工具,-0.02,official
2001-06,m7,Other durable goods,其他耐久財,0.02,official
2001-06,m9,Food and beverages purchased for off-premises consumption,食物與飲料（居家消費）,0.03,official
2001-06,m10,Clothing and footwear,服裝與鞋類,0.0,official
2001-06,m11,Gasoline and other energy goods,汽油與其他能源商品,-0.05,official
2001-06,m12,Other nondurable goods,其他非耐久財,0.03,official
2001-06,m15,Housing and utilities,住宅與公用事業,0.07,official
2001-06,m16,Health care,醫療服務,0.05,official
2001-06,m17,Transportation services,運輸服務,-0.01,official
2001-06,m18,Recreation services,休閒服務,0.0,official
2001-06,m19,Food services and accommodations,餐飲與住宿,0.02,official
2001-06,m20,Financial services and insurance,金融服務與保險,0.0,official
2001-06,m21,Other services,其他服務,0.03,official
2001-06,m22,Final consumption expenditures of nonprofit institutions serving households,服務家庭之非營利機構淨消費,0.01,official
2001-06,residual,Residual,差額,-0.003572328712617534,official
2001-07,m4,Motor vehicles and parts,汽車與零組件,0.02,official
2001-07,m5,Furnishings and durable household equipment,家具與耐久家用設備,0.0,official
2001-07,m6,Recreational goods and vehicles,休閒商品與交通工具,-0.01,official
2001-07,m7,Other durable goods,其他耐久財,0.0,official
2001-07,m9,Food and beverages purchased for off-premises consumption,食物與飲料（居家消費）,0.02,official
2001-07,m10,Clothing and footwear,服裝與鞋類,-0.01,official
2001-07,m11,Gasoline and other energy goods,汽油與其他能源商品,-0.26,official
2001-07,m12,Other nondurable goods,其他非耐久財,0.06,official
2001-07,m15,Housing and utilities,住宅與公用事業,0.02,official
2001-07,m16,Health care,醫療服務,0.01,official
2001-07,m17,Transportation services,運輸服務,-0.01,official
2001-07,m18,Recreation services,休閒服務,0.01,official
2001-07,m19,Food services and accommodations,餐飲與住宿,0.01,official
2001-07,m20,Financial services and insurance,金融服務與保險,0.02,official
2001-07,m21,Other services,其他服務,0.06,official
2001-07,m22,Final consumption expenditures of nonprofit institutions serving households,服務家庭之非營利機構淨消費,0.0,official
2001-07,residual,Residual,差額,0.02689530972747707,official
2001-08,m4,Motor vehicles and parts,汽車與零組件,-0.01,official
2001-08,m5,Furnishings and durable household equipment,家具與耐久家用設備,-0.01,official
2001-08,m6,Recreational goods and vehicles,休閒商品與交通工具,-0.03,official
2001-08,m7,Other durable goods,其他耐久財,-0.01,official
2001-08,m9,Food and beverages purchased for off-premises consumption,食物與飲料（居家消費）,0.02,official
2001-08,m10,Clothing and footwear,服裝與鞋類,-0.03,official
2001-08,m11,Gasoline and other energy goods,汽油與其他能源商品,-0.05,official
2001-08,m12,Other nondurable goods,其他非耐久財,-0.03,official
2001-08,m15,Housing and utilities,住宅與公用事業,0.04,official
2001-08,m16,Health care,醫療服務,0.04,official
2001-08,m17,Transportation services,運輸服務,0.01,official
2001-08,m18,Recreation services,休閒服務,0.01,official
2001-08,m19,Food services and accommodations,餐飲與住宿,0.02,official
2001-08,m20,Financial services and insurance,金融服務與保險,0.0,official
2001-08,m21,Other services,其他服務,0.03,official
2001-08,m22,Final consumption expenditures of nonprofit institutions serving households,服務家庭之非營利機構淨消費,-0.01,official
2001-08,residual,Residual,差額,-0.0019216351184836548,official
2001-09,m4,Motor vehicles and parts,汽車與零組件,-0.08,official
2001-09,m5,Furnishings and durable household equipment,家具與耐久家用設備,0.01,official
2001-09,m6,Recreational goods and vehicles,休閒商品與交通工具,-0.03,official
2001-09,m7,Other durable goods,其他耐久財,-0.02,official
2001-09,m9,Food and beverages purchased for off-premises consumption,食物與飲料（居家消費）,0.0,official
2001-09,m10,Clothing and footwear,服裝與鞋類,-0.01,official
2001-09,m11,Gasoline and other energy goods,汽油與其他能源商品,0.2,official
2001-09,m12,Other nondurable goods,其他非耐久財,0.06,official
2001-09,m15,Housing and utilities,住宅與公用事業,0.02,official
2001-09,m16,Health care,醫療服務,0.04,official
2001-09,m17,Transportation services,運輸服務,-0.04,official
2001-09,m18,Recreation services,休閒服務,0.02,official
2001-09,m19,Food services and accommodations,餐飲與住宿,-0.01,official
2001-09,m20,Financial services and insurance,金融服務與保險,-0.52,official
2001-09,m21,Other services,其他服務,0.02,official
2001-09,m22,Final consumption expenditures of nonprofit institutions serving households,服務家庭之非營利機構淨消費,-0.01,official
2001-09,residual,Residual,差額,0.009530496529080723,official
2001-10,m4,Motor vehicles and parts,汽車與零組件,0.06,official
2001-10,m5,Furnishings and durable household equipment,家具與耐久家用設備,-0.01,official
2001-10,m6,Recreational goods and vehicles,休閒商品與交通工具,-0.01,official
2001-10,m7,Other durable goods,其他耐久財,0.02,official
2001-10,m9,Food and beverages purchased for off-premises consumption,食物與飲料（居家消費）,0.03,official
2001-10,m10,Clothing and footwear,服裝與鞋類,-0.01,official
2001-10,m11,Gasoline and other energy goods,汽油與其他能源商品,-0.26,official
2001-10,m12,Other nondurable goods,其他非耐久財,-0.03,official
2001-10,m15,Housing and utilities,住宅與公用事業,0.02,official
2001-10,m16,Health care,醫療服務,0.02,official
2001-10,m17,Transportation services,運輸服務,0.01,official
2001-10,m18,Recreation services,休閒服務,0.0,official
2001-10,m19,Food services and accommodations,餐飲與住宿,0.01,official
2001-10,m20,Financial services and insurance,金融服務與保險,0.47,official
2001-10,m21,Other services,其他服務,0.04,official
2001-10,m22,Final consumption expenditures of nonprofit institutions serving households,服務家庭之非營利機構淨消費,-0.01,official
2001-10,residual,Residual,差額,0.002267138128592472,official
2001-11,m4,Motor vehicles and parts,汽車與零組件,0.02,official
2001-11,m5,Furnishings and durable household equipment,家具與耐久家用設備,-0.01,official
2001-11,m6,Recreational goods and vehicles,休閒商品與交通工具,-0.02,official
2001-11,m7,Other durable goods,其他耐久財,-0.02,official
2001-11,m9,Food and beverages purchased for off-premises consumption,食物與飲料（居家消費）,0.0,official
2001-11,m10,Clothing and footwear,服裝與鞋類,-0.01,official
2001-11,m11,Gasoline and other energy goods,汽油與其他能源商品,-0.24,official
2001-11,m12,Other nondurable goods,其他非耐久財,0.05,official
2001-11,m15,Housing and utilities,住宅與公用事業,0.06,official
2001-11,m16,Health care,醫療服務,0.03,official
2001-11,m17,Transportation services,運輸服務,0.02,official
2001-11,m18,Recreation services,休閒服務,0.01,official
2001-11,m19,Food services and accommodations,餐飲與住宿,0.02,official
2001-11,m20,Financial services and insurance,金融服務與保險,0.0,official
2001-11,m21,Other services,其他服務,0.02,official
2001-11,m22,Final consumption expenditures of nonprofit institutions serving households,服務家庭之非營利機構淨消費,0.0,official
2001-11,residual,Residual,差額,0.002443172786522549,official
2001-12,m4,Motor vehicles and parts,汽車與零組件,0.01,official
2001-12,m5,Furnishings and durable household equipment,家具與耐久家用設備,-0.01,official
2001-12,m6,Recreational goods and vehicles,休閒商品與交通工具,-0.02,official
2001-12,m7,Other durable goods,其他耐久財,0.0,official
2001-12,m9,Food and beverages purchased for off-premises consumption,食物與飲料（居家消費）,-0.01,official
2001-12,m10,Clothing and footwear,服裝與鞋類,-0.02,official
2001-12,m11,Gasoline and other energy goods,汽油與其他能源商品,-0.1,official
2001-12,m12,Other nondurable goods,其他非耐久財,-0.04,official
2001-12,m15,Housing and utilities,住宅與公用事業,0.05,official
2001-12,m16,Health care,醫療服務,0.03,official
2001-12,m17,Transportation services,運輸服務,-0.01,official
2001-12,m18,Recreation services,休閒服務,0.0,official
2001-12,m19,Food services and accommodations,餐飲與住宿,0.01,official
2001-12,m20,Financial services and insurance,金融服務與保險,-0.01,official
2001-12,m21,Other services,其他服務,0.02,official
2001-12,m22,Final consumption expenditures of nonprofit institutions serving households,服務家庭之非營利機構淨消費,0.0,official
2001-12,residual,Residual,差額,-0.003392054718265397,official
2002-01,m4,Motor vehicles and parts,汽車與零組件,-0.01,official
2002-01,m5,Furnishings and durable household equipment,家具與耐久家用設備,-0.01,official
2002-01,m6,Recreational goods and vehicles,休閒商品與交通工具,-0.03,official
2002-01,m7,Other durable goods,其他耐久財,0.01,official
2002-01,m9,Food and beverages purchased for off-premises consumption,食物與飲料（居家消費）,0.03,official
2002-01,m10,Clothing and footwear,服裝與鞋類,-0.01,official
2002-01,m11,Gasoline and other energy goods,汽油與其他能源商品,0.02,official
2002-01,m12,Other nondurable goods,其他非耐久財,0.01,official
2002-01,m15,Housing and utilities,住宅與公用事業,0.04,official
2002-01,m16,Health care,醫療服務,-0.01,official
2002-01,m17,Transportation services,運輸服務,-0.01,official
2002-01,m18,Recreation services,休閒服務,0.01,official
2002-01,m19,Food services and accommodations,餐飲與住宿,0.01,official
2002-01,m20,Financial services and insurance,金融服務與保險,0.0,official
2002-01,m21,Other services,其他服務,0.03,official
2002-01,m22,Final consumption expenditures of nonprofit institutions serving households,服務家庭之非營利機構淨消費,0.01,official
2002-01,residual,Residual,差額,0.00022995369079023553,official
2002-02,m4,Motor vehicles and parts,汽車與零組件,-0.03,official
2002-02,m5,Furnishings and durable household equipment,家具與耐久家用設備,-0.01,official
2002-02,m6,Recreational goods and vehicles,休閒商品與交通工具,-0.02,official
2002-02,m7,Other durable goods,其他耐久財,-0.02,official
2002-02,m9,Food and beverages purchased for off-premises consumption,食物與飲料（居家消費）,0.02,official
2002-02,m10,Clothing and footwear,服裝與鞋類,0.02,official
2002-02,m11,Gasoline and other energy goods,汽油與其他能源商品,-0.02,official
2002-02,m12,Other nondurable goods,其他非耐久財,0.04,official
2002-02,m15,Housing and utilities,住宅與公用事業,0.04,official
2002-02,m16,Health care,醫療服務,0.02,official
2002-02,m17,Transportation services,運輸服務,0.01,official
2002-02,m18,Recreation services,休閒服務,0.01,official
2002-02,m19,Food services and accommodations,餐飲與住宿,0.02,official
2002-02,m20,Financial services and insurance,金融服務與保險,0.04,official
2002-02,m21,Other services,其他服務,0.02,official
2002-02,m22,Final consumption expenditures of nonprofit institutions serving households,服務家庭之非營利機構淨消費,0.02,official
2002-02,residual,Residual,差額,0.008365791252944593,official
2002-03,m4,Motor vehicles and parts,汽車與零組件,0.0,official
2002-03,m5,Furnishings and durable household equipment,家具與耐久家用設備,0.0,official
2002-03,m6,Recreational goods and vehicles,休閒商品與交通工具,-0.03,official
2002-03,m7,Other durable goods,其他耐久財,0.02,official
2002-03,m9,Food and beverages purchased for off-premises consumption,食物與飲料（居家消費）,0.01,official
2002-03,m10,Clothing and footwear,服裝與鞋類,0.01,official
2002-03,m11,Gasoline and other energy goods,汽油與其他能源商品,0.15,official
2002-03,m12,Other nondurable goods,其他非耐久財,-0.04,official
2002-03,m15,Housing and utilities,住宅與公用事業,0.06,official
2002-03,m16,Health care,醫療服務,0.03,official
2002-03,m17,Transportation services,運輸服務,0.01,official
2002-03,m18,Recreation services,休閒服務,0.02,official
2002-03,m19,Food services and accommodations,餐飲與住宿,0.0,official
2002-03,m20,Financial services and insurance,金融服務與保險,0.02,official
2002-03,m21,Other services,其他服務,0.02,official
2002-03,m22,Final consumption expenditures of nonprofit institutions serving households,服務家庭之非營利機構淨消費,0.0,official
2002-03,residual,Residual,差額,-0.00868524841842494,official
2002-04,m4,Motor vehicles and parts,汽車與零組件,0.0,official
2002-04,m5,Furnishings and durable household equipment,家具與耐久家用設備,0.0,official
2002-04,m6,Recreational goods and vehicles,休閒商品與交通工具,-0.01,official
2002-04,m7,Other durable goods,其他耐久財,0.0,official
2002-04,m9,Food and beverages purchased for off-premises consumption,食物與飲料（居家消費）,0.03,official
2002-04,m10,Clothing and footwear,服裝與鞋類,0.0,official
2002-04,m11,Gasoline and other energy goods,汽油與其他能源商品,0.15,official
2002-04,m12,Other nondurable goods,其他非耐久財,0.09,official
2002-04,m15,Housing and utilities,住宅與公用事業,0.05,official
2002-04,m16,Health care,醫療服務,0.04,official
2002-04,m17,Transportation services,運輸服務,0.02,official
2002-04,m18,Recreation services,休閒服務,0.02,official
2002-04,m19,Food services and accommodations,餐飲與住宿,0.01,official
2002-04,m20,Financial services and insurance,金融服務與保險,0.02,official
2002-04,m21,Other services,其他服務,0.01,official
2002-04,m22,Final consumption expenditures of nonprofit institutions serving households,服務家庭之非營利機構淨消費,0.0,official
2002-04,residual,Residual,差額,-0.011589958159000269,official
2002-05,m4,Motor vehicles and parts,汽車與零組件,0.0,official
2002-05,m5,Furnishings and durable household equipment,家具與耐久家用設備,0.0,official
2002-05,m6,Recreational goods and vehicles,休閒商品與交通工具,0.0,official
2002-05,m7,Other durable goods,其他耐久財,-0.01,official
2002-05,m9,Food and beverages purchased for off-premises consumption,食物與飲料（居家消費）,-0.05,official
2002-05,m10,Clothing and footwear,服裝與鞋類,-0.02,official
2002-05,m11,Gasoline and other energy goods,汽油與其他能源商品,0.01,official
2002-05,m12,Other nondurable goods,其他非耐久財,-0.04,official
2002-05,m15,Housing and utilities,住宅與公用事業,0.03,official
2002-05,m16,Health care,醫療服務,0.04,official
2002-05,m17,Transportation services,運輸服務,0.01,official
2002-05,m18,Recreation services,休閒服務,0.0,official
2002-05,m19,Food services and accommodations,餐飲與住宿,0.01,official
2002-05,m20,Financial services and insurance,金融服務與保險,0.03,official
2002-05,m21,Other services,其他服務,0.04,official
2002-05,m22,Final consumption expenditures of nonprofit institutions serving households,服務家庭之非營利機構淨消費,0.0,official
2002-05,residual,Residual,差額,0.015720294426907526,official
2002-06,m4,Motor vehicles and parts,汽車與零組件,0.0,official
2002-06,m5,Furnishings and durable household equipment,家具與耐久家用設備,0.0,official
2002-06,m6,Recreational goods and vehicles,休閒商品與交通工具,-0.03,official
2002-06,m7,Other durable goods,其他耐久財,0.0,official
2002-06,m9,Food and beverages purchased for off-premises consumption,食物與飲料（居家消費）,-0.01,official
2002-06,m10,Clothing and footwear,服裝與鞋類,-0.02,official
2002-06,m11,Gasoline and other energy goods,汽油與其他能源商品,0.01,official
2002-06,m12,Other nondurable goods,其他非耐久財,0.04,official
2002-06,m15,Housing and utilities,住宅與公用事業,0.03,official
2002-06,m16,Health care,醫療服務,0.02,official
2002-06,m17,Transportation services,運輸服務,0.0,official
2002-06,m18,Recreation services,休閒服務,0.01,official
2002-06,m19,Food services and accommodations,餐飲與住宿,0.01,official
2002-06,m20,Financial services and insurance,金融服務與保險,0.04,official
2002-06,m21,Other services,其他服務,0.04,official
2002-06,m22,Final consumption expenditures of nonprofit institutions serving households,服務家庭之非營利機構淨消費,0.01,official
2002-06,residual,Residual,差額,-0.025213450676469934,official
2002-07,m4,Motor vehicles and parts,汽車與零組件,0.02,official
2002-07,m5,Furnishings and durable household equipment,家具與耐久家用設備,-0.01,official
2002-07,m6,Recreational goods and vehicles,休閒商品與交通工具,-0.02,official
2002-07,m7,Other durable goods,其他耐久財,-0.01,official
2002-07,m9,Food and beverages purchased for off-premises consumption,食物與飲料（居家消費）,0.01,official
2002-07,m10,Clothing and footwear,服裝與鞋類,-0.01,official
2002-07,m11,Gasoline and other energy goods,汽油與其他能源商品,0.03,official
2002-07,m12,Other nondurable goods,其他非耐久財,0.0,official
2002-07,m15,Housing and utilities,住宅與公用事業,0.04,official
2002-07,m16,Health care,醫療服務,0.07,official
2002-07,m17,Transportation services,運輸服務,-0.02,official
2002-07,m18,Recreation services,休閒服務,0.01,official
2002-07,m19,Food services and accommodations,餐飲與住宿,0.01,official
2002-07,m20,Financial services and insurance,金融服務與保險,0.04,official
2002-07,m21,Other services,其他服務,0.07,official
2002-07,m22,Final consumption expenditures of nonprofit institutions serving households,服務家庭之非營利機構淨消費,-0.02,official
2002-07,residual,Residual,差額,0.010400131190556772,official
2002-08,m4,Motor vehicles and parts,汽車與零組件,0.0,official
2002-08,m5,Furnishings and durable household equipment,家具與耐久家用設備,-0.02,official
2002-08,m6,Recreational goods and vehicles,休閒商品與交通工具,0.0,official
2002-08,m7,Other durable goods,其他耐久財,-0.01,official
2002-08,m9,Food and beverages purchased for off-premises consumption,食物與飲料（居家消費）,0.0,official
2002-08,m10,Clothing and footwear,服裝與鞋類,0.03,official
2002-08,m11,Gasoline and other energy goods,汽油與其他能源商品,0.02,official
2002-08,m12,Other nondurable goods,其他非耐久財,0.01,official
2002-08,m15,Housing and utilities,住宅與公用事業,0.03,official
2002-08,m16,Health care,醫療服務,0.05,official
2002-08,m17,Transportation services,運輸服務,0.0,official
2002-08,m18,Recreation services,休閒服務,0.01,official
2002-08,m19,Food services and accommodations,餐飲與住宿,0.02,official
2002-08,m20,Financial services and insurance,金融服務與保險,0.02,official
2002-08,m21,Other services,其他服務,0.04,official
2002-08,m22,Final consumption expenditures of nonprofit institutions serving households,服務家庭之非營利機構淨消費,-0.01,official
2002-08,residual,Residual,差額,0.006353068998478262,official
2002-09,m4,Motor vehicles and parts,汽車與零組件,0.0,official
2002-09,m5,Furnishings and durable household equipment,家具與耐久家用設備,0.01,official
2002-09,m6,Recreational goods and vehicles,休閒商品與交通工具,-0.03,official
2002-09,m7,Other durable goods,其他耐久財,0.0,official
2002-09,m9,Food and beverages purchased for off-premises consumption,食物與飲料（居家消費）,0.01,official
2002-09,m10,Clothing and footwear,服裝與鞋類,-0.04,official
2002-09,m11,Gasoline and other energy goods,汽油與其他能源商品,0.02,official
2002-09,m12,Other nondurable goods,其他非耐久財,0.01,official
2002-09,m15,Housing and utilities,住宅與公用事業,0.05,official
2002-09,m16,Health care,醫療服務,0.05,official
2002-09,m17,Transportation services,運輸服務,0.02,official
2002-09,m18,Recreation services,休閒服務,0.0,official
2002-09,m19,Food services and accommodations,餐飲與住宿,0.01,official
2002-09,m20,Financial services and insurance,金融服務與保險,0.04,official
2002-09,m21,Other services,其他服務,0.02,official
2002-09,m22,Final consumption expenditures of nonprofit institutions serving households,服務家庭之非營利機構淨消費,-0.01,official
2002-09,residual,Residual,差額,0.02029081692643167,official
2002-10,m4,Motor vehicles and parts,汽車與零組件,-0.01,official
2002-10,m5,Furnishings and durable household equipment,家具與耐久家用設備,0.0,official
2002-10,m6,Recreational goods and vehicles,休閒商品與交通工具,-0.01,official
2002-10,m7,Other durable goods,其他耐久財,0.0,official
2002-10,m9,Food and beverages purchased for off-premises consumption,食物與飲料（居家消費）,-0.01,official
2002-10,m10,Clothing and footwear,服裝與鞋類,-0.01,official
2002-10,m11,Gasoline and other energy goods,汽油與其他能源商品,0.1,official
2002-10,m12,Other nondurable goods,其他非耐久財,-0.03,official
2002-10,m15,Housing and utilities,住宅與公用事業,0.05,official
2002-10,m16,Health care,醫療服務,0.02,official
2002-10,m17,Transportation services,運輸服務,0.01,official
2002-10,m18,Recreation services,休閒服務,0.02,official
2002-10,m19,Food services and accommodations,餐飲與住宿,0.01,official
2002-10,m20,Financial services and insurance,金融服務與保險,0.04,official
2002-10,m21,Other services,其他服務,0.01,official
2002-10,m22,Final consumption expenditures of nonprofit institutions serving households,服務家庭之非營利機構淨消費,0.0,official
2002-10,residual,Residual,差額,-0.0074254378529246545,official
2002-11,m4,Motor vehicles and parts,汽車與零組件,-0.02,official
2002-11,m5,Furnishings and durable household equipment,家具與耐久家用設備,-0.01,official
2002-11,m6,Recreational goods and vehicles,休閒商品與交通工具,-0.01,official
2002-11,m7,Other durable goods,其他耐久財,-0.01,official
2002-11,m9,Food and beverages purchased for off-premises consumption,食物與飲料（居家消費）,0.02,official
2002-11,m10,Clothing and footwear,服裝與鞋類,0.0,official
2002-11,m11,Gasoline and other energy goods,汽油與其他能源商品,-0.01,official
2002-11,m12,Other nondurable goods,其他非耐久財,0.0,official
2002-11,m15,Housing and utilities,住宅與公用事業,0.04,official
2002-11,m16,Health care,醫療服務,0.06,official
2002-11,m17,Transportation services,運輸服務,-0.02,official
2002-11,m18,Recreation services,休閒服務,0.01,official
2002-11,m19,Food services and accommodations,餐飲與住宿,0.02,official
2002-11,m20,Financial services and insurance,金融服務與保險,0.03,official
2002-11,m21,Other services,其他服務,0.02,official
2002-11,m22,Final consumption expenditures of nonprofit institutions serving households,服務家庭之非營利機構淨消費,-0.01,official
2002-11,residual,Residual,差額,-0.011068718189023344,official
2002-12,m4,Motor vehicles and parts,汽車與零組件,-0.02,official
2002-12,m5,Furnishings and durable household equipment,家具與耐久家用設備,-0.02,official
2002-12,m6,Recreational goods and vehicles,休閒商品與交通工具,-0.02,official
2002-12,m7,Other durable goods,其他耐久財,0.0,official
2002-12,m9,Food and beverages purchased for off-premises consumption,食物與飲料（居家消費）,0.0,official
2002-12,m10,Clothing and footwear,服裝與鞋類,-0.01,official
2002-12,m11,Gasoline and other energy goods,汽油與其他能源商品,0.0,official
2002-12,m12,Other nondurable goods,其他非耐久財,0.0,official
2002-12,m15,Housing and utilities,住宅與公用事業,0.05,official
2002-12,m16,Health care,醫療服務,0.07,official
2002-12,m17,Transportation services,運輸服務,0.01,official
2002-12,m18,Recreation services,休閒服務,0.01,official
2002-12,m19,Food services and accommodations,餐飲與住宿,0.01,official
2002-12,m20,Financial services and insurance,金融服務與保險,0.01,official
2002-12,m21,Other services,其他服務,0.02,official
2002-12,m22,Final consumption expenditures of nonprofit institutions serving households,服務家庭之非營利機構淨消費,-0.01,official
2002-12,residual,Residual,差額,-0.003767377140861866,official
2003-01,m4,Motor vehicles and parts,汽車與零組件,-0.06,official
2003-01,m5,Furnishings and durable household equipment,家具與耐久家用設備,0.0,official
2003-01,m6,Recreational goods and vehicles,休閒商品與交通工具,-0.02,official
2003-01,m7,Other durable goods,其他耐久財,-0.01,official
2003-01,m9,Food and beverages purchased for off-premises consumption,食物與飲料（居家消費）,0.01,official
2003-01,m10,Clothing and footwear,服裝與鞋類,-0.01,official
2003-01,m11,Gasoline and other energy goods,汽油與其他能源商品,0.23,official
2003-01,m12,Other nondurable goods,其他非耐久財,0.0,official
2003-01,m15,Housing and utilities,住宅與公用事業,0.05,official
2003-01,m16,Health care,醫療服務,0.02,official
2003-01,m17,Transportation services,運輸服務,0.01,official
2003-01,m18,Recreation services,休閒服務,0.01,official
2003-01,m19,Food services and accommodations,餐飲與住宿,0.0,official
2003-01,m20,Financial services and insurance,金融服務與保險,0.02,official
2003-01,m21,Other services,其他服務,0.05,official
2003-01,m22,Final consumption expenditures of nonprofit institutions serving households,服務家庭之非營利機構淨消費,0.0,official
2003-01,residual,Residual,差額,-0.001186161021704324,official
2003-02,m4,Motor vehicles and parts,汽車與零組件,-0.02,official
2003-02,m5,Furnishings and durable household equipment,家具與耐久家用設備,0.0,official
2003-02,m6,Recreational goods and vehicles,休閒商品與交通工具,-0.02,official
2003-02,m7,Other durable goods,其他耐久財,0.0,official
2003-02,m9,Food and beverages purchased for off-premises consumption,食物與飲料（居家消費）,0.03,official
2003-02,m10,Clothing and footwear,服裝與鞋類,-0.01,official
2003-02,m11,Gasoline and other energy goods,汽油與其他能源商品,0.23,official
2003-02,m12,Other nondurable goods,其他非耐久財,-0.01,official
2003-02,m15,Housing and utilities,住宅與公用事業,0.06,official
2003-02,m16,Health care,醫療服務,0.03,official
2003-02,m17,Transportation services,運輸服務,0.01,official
2003-02,m18,Recreation services,休閒服務,0.02,official
2003-02,m19,Food services and accommodations,餐飲與住宿,0.01,official
2003-02,m20,Financial services and insurance,金融服務與保險,0.06,official
2003-02,m21,Other services,其他服務,0.04,official
2003-02,m22,Final consumption expenditures of nonprofit institutions serving households,服務家庭之非營利機構淨消費,-0.01,official
2003-02,residual,Residual,差額,0.0009790028626647795,official
2003-03,m4,Motor vehicles and parts,汽車與零組件,0.01,official
2003-03,m5,Furnishings and durable household equipment,家具與耐久家用設備,-0.01,official
2003-03,m6,Recreational goods and vehicles,休閒商品與交通工具,-0.02,official
2003-03,m7,Other durable goods,其他耐久財,-0.01,official
2003-03,m9,Food and beverages purchased for off-premises consumption,食物與飲料（居家消費）,0.02,official
2003-03,m10,Clothing and footwear,服裝與鞋類,-0.03,official
2003-03,m11,Gasoline and other energy goods,汽油與其他能源商品,0.0,official
2003-03,m12,Other nondurable goods,其他非耐久財,0.0,official
2003-03,m15,Housing and utilities,住宅與公用事業,0.13,official
2003-03,m16,Health care,醫療服務,0.06,official
2003-03,m17,Transportation services,運輸服務,0.02,official
2003-03,m18,Recreation services,休閒服務,0.01,official
2003-03,m19,Food services and accommodations,餐飲與住宿,0.0,official
2003-03,m20,Financial services and insurance,金融服務與保險,0.05,official
2003-03,m21,Other services,其他服務,0.04,official
2003-03,m22,Final consumption expenditures of nonprofit institutions serving households,服務家庭之非營利機構淨消費,0.0,official
2003-03,residual,Residual,差額,-0.0133119211619257,official
2003-04,m4,Motor vehicles and parts,汽車與零組件,-0.02,official
2003-04,m5,Furnishings and durable household equipment,家具與耐久家用設備,0.0,official
2003-04,m6,Recreational goods and vehicles,休閒商品與交通工具,-0.02,official
2003-04,m7,Other durable goods,其他耐久財,0.0,official
2003-04,m9,Food and beverages purchased for off-premises consumption,食物與飲料（居家消費）,0.0,official
2003-04,m10,Clothing and footwear,服裝與鞋類,-0.01,official
2003-04,m11,Gasoline and other energy goods,汽油與其他能源商品,-0.26,official
2003-04,m12,Other nondurable goods,其他非耐久財,0.02,official
2003-04,m15,Housing and utilities,住宅與公用事業,0.01,official
2003-04,m16,Health care,醫療服務,0.05,official
2003-04,m17,Transportation services,運輸服務,0.0,official
2003-04,m18,Recreation services,休閒服務,0.0,official
2003-04,m19,Food services and accommodations,餐飲與住宿,0.0,official
2003-04,m20,Financial services and insurance,金融服務與保險,0.07,official
2003-04,m21,Other services,其他服務,0.03,official
2003-04,m22,Final consumption expenditures of nonprofit institutions serving households,服務家庭之非營利機構淨消費,-0.03,official
2003-04,residual,Residual,差額,-0.009829527179143899,official
2003-05,m4,Motor vehicles and parts,汽車與零組件,-0.01,official
2003-05,m5,Furnishings and durable household equipment,家具與耐久家用設備,-0.03,official
2003-05,m6,Recreational goods and vehicles,休閒商品與交通工具,-0.03,official
2003-05,m7,Other durable goods,其他耐久財,0.0,official
2003-05,m9,Food and beverages purchased for off-premises consumption,食物與飲料（居家消費）,0.01,official
2003-05,m10,Clothing and footwear,服裝與鞋類,-0.01,official
2003-05,m11,Gasoline and other energy goods,汽油與其他能源商品,-0.25,official
2003-05,m12,Other nondurable goods,其他非耐久財,-0.02,official
2003-05,m15,Housing and utilities,住宅與公用事業,0.03,official
2003-05,m16,Health care,醫療服務,0.1,official
2003-05,m17,Transportation services,運輸服務,0.02,official
2003-05,m18,Recreation services,休閒服務,0.02,official
2003-05,m19,Food services and accommodations,餐飲與住宿,0.04,official
2003-05,m20,Financial services and insurance,金融服務與保險,0.06,official
2003-05,m21,Other services,其他服務,0.02,official
2003-05,m22,Final consumption expenditures of nonprofit institutions serving households,服務家庭之非營利機構淨消費,-0.03,official
2003-05,residual,Residual,差額,-0.03470106839533979,official
2003-06,m4,Motor vehicles and parts,汽車與零組件,-0.02,official
2003-06,m5,Furnishings and durable household equipment,家具與耐久家用設備,-0.01,official
2003-06,m6,Recreational goods and vehicles,休閒商品與交通工具,-0.02,official
2003-06,m7,Other durable goods,其他耐久財,0.0,official
2003-06,m9,Food and beverages purchased for off-premises consumption,食物與飲料（居家消費）,0.05,official
2003-06,m10,Clothing and footwear,服裝與鞋類,0.01,official
2003-06,m11,Gasoline and other energy goods,汽油與其他能源商品,0.01,official
2003-06,m12,Other nondurable goods,其他非耐久財,0.0,official
2003-06,m15,Housing and utilities,住宅與公用事業,0.01,official
2003-06,m16,Health care,醫療服務,0.03,official
2003-06,m17,Transportation services,運輸服務,0.01,official
2003-06,m18,Recreation services,休閒服務,0.01,official
2003-06,m19,Food services and accommodations,餐飲與住宿,0.01,official
2003-06,m20,Financial services and insurance,金融服務與保險,0.03,official
2003-06,m21,Other services,其他服務,0.0,official
2003-06,m22,Final consumption expenditures of nonprofit institutions serving households,服務家庭之非營利機構淨消費,0.0,official
2003-06,residual,Residual,差額,-0.011618497109835313,official
2003-07,m4,Motor vehicles and parts,汽車與零組件,0.0,official
2003-07,m5,Furnishings and durable household equipment,家具與耐久家用設備,0.0,official
2003-07,m6,Recreational goods and vehicles,休閒商品與交通工具,-0.02,official
2003-07,m7,Other durable goods,其他耐久財,0.0,official
2003-07,m9,Food and beverages purchased for off-premises consumption,食物與飲料（居家消費）,-0.01,official
2003-07,m10,Clothing and footwear,服裝與鞋類,0.02,official
2003-07,m11,Gasoline and other energy goods,汽油與其他能源商品,0.08,official
2003-07,m12,Other nondurable goods,其他非耐久財,0.04,official
2003-07,m15,Housing and utilities,住宅與公用事業,0.04,official
2003-07,m16,Health care,醫療服務,0.06,official
2003-07,m17,Transportation services,運輸服務,0.02,official
2003-07,m18,Recreation services,休閒服務,0.01,official
2003-07,m19,Food services and accommodations,餐飲與住宿,0.02,official
2003-07,m20,Financial services and insurance,金融服務與保險,0.03,official
2003-07,m21,Other services,其他服務,0.02,official
2003-07,m22,Final consumption expenditures of nonprofit institutions serving households,服務家庭之非營利機構淨消費,-0.01,official
2003-07,residual,Residual,差額,-0.006140124761555288,official
2003-08,m4,Motor vehicles and parts,汽車與零組件,-0.03,official
2003-08,m5,Furnishings and durable household equipment,家具與耐久家用設備,-0.01,official
2003-08,m6,Recreational goods and vehicles,休閒商品與交通工具,-0.02,official
2003-08,m7,Other durable goods,其他耐久財,0.0,official
2003-08,m9,Food and beverages purchased for off-premises consumption,食物與飲料（居家消費）,0.04,official
2003-08,m10,Clothing and footwear,服裝與鞋類,-0.01,official
2003-08,m11,Gasoline and other energy goods,汽油與其他能源商品,0.19,official
2003-08,m12,Other nondurable goods,其他非耐久財,0.0,official
2003-08,m15,Housing and utilities,住宅與公用事業,0.04,official
2003-08,m16,Health care,醫療服務,0.03,official
2003-08,m17,Transportation services,運輸服務,0.0,official
2003-08,m18,Recreation services,休閒服務,0.01,official
2003-08,m19,Food services and accommodations,餐飲與住宿,0.01,official
2003-08,m20,Financial services and insurance,金融服務與保險,0.04,official
2003-08,m21,Other services,其他服務,0.04,official
2003-08,m22,Final consumption expenditures of nonprofit institutions serving households,服務家庭之非營利機構淨消費,0.01,official
2003-08,residual,Residual,差額,-0.002023234296293086,official
2003-09,m4,Motor vehicles and parts,汽車與零組件,-0.01,official
2003-09,m5,Furnishings and durable household equipment,家具與耐久家用設備,0.0,official
2003-09,m6,Recreational goods and vehicles,休閒商品與交通工具,-0.02,official
2003-09,m7,Other durable goods,其他耐久財,0.0,official
2003-09,m9,Food and beverages purchased for off-premises consumption,食物與飲料（居家消費）,0.02,official
2003-09,m10,Clothing and footwear,服裝與鞋類,0.0,official
2003-09,m11,Gasoline and other energy goods,汽油與其他能源商品,0.16,official
2003-09,m12,Other nondurable goods,其他非耐久財,-0.01,official
2003-09,m15,Housing and utilities,住宅與公用事業,0.06,official
2003-09,m16,Health care,醫療服務,0.02,official
2003-09,m17,Transportation services,運輸服務,0.0,official
2003-09,m18,Recreation services,休閒服務,0.01,official
2003-09,m19,Food services and accommodations,餐飲與住宿,0.01,official
2003-09,m20,Financial services and insurance,金融服務與保險,0.04,official
2003-09,m21,Other services,其他服務,0.04,official
2003-09,m22,Final consumption expenditures of nonprofit institutions serving households,服務家庭之非營利機構淨消費,0.01,official
2003-09,residual,Residual,差額,-0.017495997643416084,official
2003-10,m4,Motor vehicles and parts,汽車與零組件,-0.04,official
2003-10,m5,Furnishings and durable household equipment,家具與耐久家用設備,0.0,official
2003-10,m6,Recreational goods and vehicles,休閒商品與交通工具,-0.01,official
2003-10,m7,Other durable goods,其他耐久財,-0.01,official
2003-10,m9,Food and beverages purchased for off-premises consumption,食物與飲料（居家消費）,0.03,official
2003-10,m10,Clothing and footwear,服裝與鞋類,0.01,official
2003-10,m11,Gasoline and other energy goods,汽油與其他能源商品,-0.16,official
2003-10,m12,Other nondurable goods,其他非耐久財,-0.01,official
2003-10,m15,Housing and utilities,住宅與公用事業,0.02,official
2003-10,m16,Health care,醫療服務,0.08,official
2003-10,m17,Transportation services,運輸服務,0.01,official
2003-10,m18,Recreation services,休閒服務,0.0,official
2003-10,m19,Food services and accommodations,餐飲與住宿,0.02,official
2003-10,m20,Financial services and insurance,金融服務與保險,0.04,official
2003-10,m21,Other services,其他服務,0.02,official
2003-10,m22,Final consumption expenditures of nonprofit institutions serving households,服務家庭之非營利機構淨消費,-0.01,official
2003-10,residual,Residual,差額,0.022767641688915534,official
2003-11,m4,Motor vehicles and parts,汽車與零組件,-0.01,official
2003-11,m5,Furnishings and durable household equipment,家具與耐久家用設備,-0.01,official
2003-11,m6,Recreational goods and vehicles,休閒商品與交通工具,-0.01,official
2003-11,m7,Other durable goods,其他耐久財,-0.01,official
2003-11,m9,Food and beverages purchased for off-premises consumption,食物與飲料（居家消費）,0.03,official
2003-11,m10,Clothing and footwear,服裝與鞋類,-0.01,official
2003-11,m11,Gasoline and other energy goods,汽油與其他能源商品,-0.01,official
2003-11,m12,Other nondurable goods,其他非耐久財,-0.01,official
2003-11,m15,Housing and utilities,住宅與公用事業,0.02,official
2003-11,m16,Health care,醫療服務,0.04,official
2003-11,m17,Transportation services,運輸服務,0.0,official
2003-11,m18,Recreation services,休閒服務,0.0,official
2003-11,m19,Food services and accommodations,餐飲與住宿,0.01,official
2003-11,m20,Financial services and insurance,金融服務與保險,0.03,official
2003-11,m21,Other services,其他服務,0.03,official
2003-11,m22,Final consumption expenditures of nonprofit institutions serving households,服務家庭之非營利機構淨消費,0.01,official
2003-11,residual,Residual,差額,0.02638351652560776,official
2003-12,m4,Motor vehicles and parts,汽車與零組件,0.0,official
2003-12,m5,Furnishings and durable household equipment,家具與耐久家用設備,-0.01,official
2003-12,m6,Recreational goods and vehicles,休閒商品與交通工具,-0.01,official
2003-12,m7,Other durable goods,其他耐久財,0.0,official
2003-12,m9,Food and beverages purchased for off-premises consumption,食物與飲料（居家消費）,0.04,official
2003-12,m10,Clothing and footwear,服裝與鞋類,-0.02,official
2003-12,m11,Gasoline and other energy goods,汽油與其他能源商品,0.06,official
2003-12,m12,Other nondurable goods,其他非耐久財,0.02,official
2003-12,m15,Housing and utilities,住宅與公用事業,0.03,official
2003-12,m16,Health care,醫療服務,0.02,official
2003-12,m17,Transportation services,運輸服務,0.02,official
2003-12,m18,Recreation services,休閒服務,0.01,official
2003-12,m19,Food services and accommodations,餐飲與住宿,0.02,official
2003-12,m20,Financial services and insurance,金融服務與保險,0.01,official
2003-12,m21,Other services,其他服務,0.02,official
2003-12,m22,Final consumption expenditures of nonprofit institutions serving households,服務家庭之非營利機構淨消費,0.01,official
2003-12,residual,Residual,差額,0.000573235414112111,official
2004-01,m4,Motor vehicles and parts,汽車與零組件,0.0,official
2004-01,m5,Furnishings and durable household equipment,家具與耐久家用設備,0.01,official
2004-01,m6,Recreational goods and vehicles,休閒商品與交通工具,-0.01,official
2004-01,m7,Other durable goods,其他耐久財,0.01,official
2004-01,m9,Food and beverages purchased for off-premises consumption,食物與飲料（居家消費）,-0.02,official
2004-01,m10,Clothing and footwear,服裝與鞋類,0.0,official
2004-01,m11,Gasoline and other energy goods,汽油與其他能源商品,0.17,official
2004-01,m12,Other nondurable goods,其他非耐久財,0.01,official
2004-01,m15,Housing and utilities,住宅與公用事業,0.05,official
2004-01,m16,Health care,醫療服務,0.11,official
2004-01,m17,Transportation services,運輸服務,-0.01,official
2004-01,m18,Recreation services,休閒服務,0.02,official
2004-01,m19,Food services and accommodations,餐飲與住宿,0.01,official
2004-01,m20,Financial services and insurance,金融服務與保險,0.03,official
2004-01,m21,Other services,其他服務,0.04,official
2004-01,m22,Final consumption expenditures of nonprofit institutions serving households,服務家庭之非營利機構淨消費,-0.03,official
2004-01,residual,Residual,差額,-0.003256154188656324,official
2004-02,m4,Motor vehicles and parts,汽車與零組件,0.01,official
2004-02,m5,Furnishings and durable household equipment,家具與耐久家用設備,0.01,official
2004-02,m6,Recreational goods and vehicles,休閒商品與交通工具,-0.01,official
2004-02,m7,Other durable goods,其他耐久財,0.0,official
2004-02,m9,Food and beverages purchased for off-premises consumption,食物與飲料（居家消費）,0.01,official
2004-02,m10,Clothing and footwear,服裝與鞋類,0.0,official
2004-02,m11,Gasoline and other energy goods,汽油與其他能源商品,0.04,official
2004-02,m12,Other nondurable goods,其他非耐久財,0.03,official
2004-02,m15,Housing and utilities,住宅與公用事業,0.06,official
2004-02,m16,Health care,醫療服務,0.05,official
2004-02,m17,Transportation services,運輸服務,0.0,official
2004-02,m18,Recreation services,休閒服務,0.01,official
2004-02,m19,Food services and accommodations,餐飲與住宿,0.0,official
2004-02,m20,Financial services and insurance,金融服務與保險,-0.01,official
2004-02,m21,Other services,其他服務,0.03,official
2004-02,m22,Final consumption expenditures of nonprofit institutions serving households,服務家庭之非營利機構淨消費,-0.01,official
2004-02,residual,Residual,差額,-0.007096528913066252,official
2004-03,m4,Motor vehicles and parts,汽車與零組件,0.01,official
2004-03,m5,Furnishings and durable household equipment,家具與耐久家用設備,-0.01,official
2004-03,m6,Recreational goods and vehicles,休閒商品與交通工具,-0.01,official
2004-03,m7,Other durable goods,其他耐久財,0.0,official
2004-03,m9,Food and beverages purchased for off-premises consumption,食物與飲料（居家消費）,0.03,official
2004-03,m10,Clothing and footwear,服裝與鞋類,0.01,official
2004-03,m11,Gasoline and other energy goods,汽油與其他能源商品,0.0,official
2004-03,m12,Other nondurable goods,其他非耐久財,0.02,official
2004-03,m15,Housing and utilities,住宅與公用事業,0.02,official
2004-03,m16,Health care,醫療服務,0.04,official
2004-03,m17,Transportation services,運輸服務,0.0,official
2004-03,m18,Recreation services,休閒服務,0.01,official
2004-03,m19,Food services and accommodations,餐飲與住宿,0.03,official
2004-03,m20,Financial services and insurance,金融服務與保險,-0.01,official
2004-03,m21,Other services,其他服務,0.01,official
2004-03,m22,Final consumption expenditures of nonprofit institutions serving households,服務家庭之非營利機構淨消費,0.0,official
2004-03,residual,Residual,差額,0.004280005564189088,official
2004-04,m4,Motor vehicles and parts,汽車與零組件,0.01,official
2004-04,m5,Furnishings and durable household equipment,家具與耐久家用設備,0.0,official
2004-04,m6,Recreational goods and vehicles,休閒商品與交通工具,-0.01,official
2004-04,m7,Other durable goods,其他耐久財,0.01,official
2004-04,m9,Food and beverages purchased for off-premises consumption,食物與飲料（居家消費）,0.02,official
2004-04,m10,Clothing and footwear,服裝與鞋類,0.0,official
2004-04,m11,Gasoline and other energy goods,汽油與其他能源商品,-0.07,official
2004-04,m12,Other nondurable goods,其他非耐久財,0.01,official
2004-04,m15,Housing and utilities,住宅與公用事業,0.06,official
2004-04,m16,Health care,醫療服務,0.04,official
2004-04,m17,Transportation services,運輸服務,-0.01,official
2004-04,m18,Recreation services,休閒服務,0.01,official
2004-04,m19,Food services and accommodations,餐飲與住宿,0.02,official
2004-04,m20,Financial services and insurance,金融服務與保險,0.06,official
2004-04,m21,Other services,其他服務,0.01,official
2004-04,m22,Final consumption expenditures of nonprofit institutions serving households,服務家庭之非營利機構淨消費,0.02,official
2004-04,residual,Residual,差額,0.00560840414652003,official
2004-05,m4,Motor vehicles and parts,汽車與零組件,0.01,official
2004-05,m5,Furnishings and durable household equipment,家具與耐久家用設備,-0.01,official
2004-05,m6,Recreational goods and vehicles,休閒商品與交通工具,-0.02,official
2004-05,m7,Other durable goods,其他耐久財,0.0,official
2004-05,m9,Food and beverages purchased for off-premises consumption,食物與飲料（居家消費）,0.06,official
2004-05,m10,Clothing and footwear,服裝與鞋類,0.01,official
2004-05,m11,Gasoline and other energy goods,汽油與其他能源商品,0.13,official
2004-05,m12,Other nondurable goods,其他非耐久財,0.01,official
2004-05,m15,Housing and utilities,住宅與公用事業,0.05,official
2004-05,m16,Health care,醫療服務,0.04,official
2004-05,m17,Transportation services,運輸服務,-0.01,official
2004-05,m18,Recreation services,休閒服務,0.01,official
2004-05,m19,Food services and accommodations,餐飲與住宿,0.02,official
2004-05,m20,Financial services and insurance,金融服務與保險,0.02,official
2004-05,m21,Other services,其他服務,0.0,official
2004-05,m22,Final consumption expenditures of nonprofit institutions serving households,服務家庭之非營利機構淨消費,0.0,official
2004-05,residual,Residual,差額,0.005158168023587095,official
2004-06,m4,Motor vehicles and parts,汽車與零組件,0.0,official
2004-06,m5,Furnishings and durable household equipment,家具與耐久家用設備,0.01,official
2004-06,m6,Recreational goods and vehicles,休閒商品與交通工具,-0.01,official
2004-06,m7,Other durable goods,其他耐久財,0.0,official
2004-06,m9,Food and beverages purchased for off-premises consumption,食物與飲料（居家消費）,0.02,official
2004-06,m10,Clothing and footwear,服裝與鞋類,0.01,official
2004-06,m11,Gasoline and other energy goods,汽油與其他能源商品,0.1,official
2004-06,m12,Other nondurable goods,其他非耐久財,0.0,official
2004-06,m15,Housing and utilities,住宅與公用事業,0.07,official
2004-06,m16,Health care,醫療服務,0.03,official
2004-06,m17,Transportation services,運輸服務,0.01,official
2004-06,m18,Recreation services,休閒服務,0.01,official
2004-06,m19,Food services and accommodations,餐飲與住宿,0.01,official
2004-06,m20,Financial services and insurance,金融服務與保險,0.02,official
2004-06,m21,Other services,其他服務,0.02,official
2004-06,m22,Final consumption expenditures of nonprofit institutions serving households,服務家庭之非營利機構淨消費,-0.01,official
2004-06,residual,Residual,差額,-0.004838450329135213,official
2004-07,m4,Motor vehicles and parts,汽車與零組件,-0.01,official
2004-07,m5,Furnishings and durable household equipment,家具與耐久家用設備,-0.01,official
2004-07,m6,Recreational goods and vehicles,休閒商品與交通工具,-0.03,official
2004-07,m7,Other durable goods,其他耐久財,0.0,official
2004-07,m9,Food and beverages purchased for off-premises consumption,食物與飲料（居家消費）,0.01,official
2004-07,m10,Clothing and footwear,服裝與鞋類,-0.01,official
2004-07,m11,Gasoline and other energy goods,汽油與其他能源商品,-0.03,official
2004-07,m12,Other nondurable goods,其他非耐久財,-0.01,official
2004-07,m15,Housing and utilities,住宅與公用事業,0.05,official
2004-07,m16,Health care,醫療服務,0.03,official
2004-07,m17,Transportation services,運輸服務,0.03,official
2004-07,m18,Recreation services,休閒服務,0.01,official
2004-07,m19,Food services and accommodations,餐飲與住宿,0.03,official
2004-07,m20,Financial services and insurance,金融服務與保險,0.02,official
2004-07,m21,Other services,其他服務,0.02,official
2004-07,m22,Final consumption expenditures of nonprofit institutions serving households,服務家庭之非營利機構淨消費,-0.01,official
2004-07,residual,Residual,差額,0.0026958199195748767,official
2004-08,m4,Motor vehicles and parts,汽車與零組件,-0.02,official
2004-08,m5,Furnishings and durable household equipment,家具與耐久家用設備,-0.02,official
2004-08,m6,Recreational goods and vehicles,休閒商品與交通工具,-0.02,official
2004-08,m7,Other durable goods,其他耐久財,-0.01,official
2004-08,m9,Food and beverages purchased for off-premises consumption,食物與飲料（居家消費）,0.0,official
2004-08,m10,Clothing and footwear,服裝與鞋類,-0.02,official
2004-08,m11,Gasoline and other energy goods,汽油與其他能源商品,0.0,official
2004-08,m12,Other nondurable goods,其他非耐久財,0.0,official
2004-08,m15,Housing and utilities,住宅與公用事業,0.06,official
2004-08,m16,Health care,醫療服務,0.03,official
2004-08,m17,Transportation services,運輸服務,0.0,official
2004-08,m18,Recreation services,休閒服務,0.01,official
2004-08,m19,Food services and accommodations,餐飲與住宿,0.01,official
2004-08,m20,Financial services and insurance,金融服務與保險,0.01,official
2004-08,m21,Other services,其他服務,0.03,official
2004-08,m22,Final consumption expenditures of nonprofit institutions serving households,服務家庭之非營利機構淨消費,-0.02,official
2004-08,residual,Residual,差額,0.01131093173142976,official
2004-09,m4,Motor vehicles and parts,汽車與零組件,0.02,official
2004-09,m5,Furnishings and durable household equipment,家具與耐久家用設備,0.0,official
2004-09,m6,Recreational goods and vehicles,休閒商品與交通工具,-0.01,official
2004-09,m7,Other durable goods,其他耐久財,-0.01,official
2004-09,m9,Food and beverages purchased for off-premises consumption,食物與飲料（居家消費）,-0.02,official
2004-09,m10,Clothing and footwear,服裝與鞋類,-0.01,official
2004-09,m11,Gasoline and other energy goods,汽油與其他能源商品,0.06,official
2004-09,m12,Other nondurable goods,其他非耐久財,0.02,official
2004-09,m15,Housing and utilities,住宅與公用事業,0.02,official
2004-09,m16,Health care,醫療服務,0.03,official
2004-09,m17,Transportation services,運輸服務,-0.01,official
2004-09,m18,Recreation services,休閒服務,0.01,official
2004-09,m19,Food services and accommodations,餐飲與住宿,0.03,official
2004-09,m20,Financial services and insurance,金融服務與保險,0.02,official
2004-09,m21,Other services,其他服務,0.04,official
2004-09,m22,Final consumption expenditures of nonprofit institutions serving households,服務家庭之非營利機構淨消費,0.01,official
2004-09,residual,Residual,差額,-0.0023665974532736667,official
2004-10,m4,Motor vehicles and parts,汽車與零組件,0.02,official
2004-10,m5,Furnishings and durable household equipment,家具與耐久家用設備,0.03,official
2004-10,m6,Recreational goods and vehicles,休閒商品與交通工具,-0.02,official
2004-10,m7,Other durable goods,其他耐久財,0.0,official
2004-10,m9,Food and beverages purchased for off-premises consumption,食物與飲料（居家消費）,0.05,official
2004-10,m10,Clothing and footwear,服裝與鞋類,0.01,official
2004-10,m11,Gasoline and other energy goods,汽油與其他能源商品,0.2,official
2004-10,m12,Other nondurable goods,其他非耐久財,0.03,official
2004-10,m15,Housing and utilities,住宅與公用事業,0.02,official
2004-10,m16,Health care,醫療服務,0.03,official
2004-10,m17,Transportation services,運輸服務,0.01,official
2004-10,m18,Recreation services,休閒服務,0.01,official
2004-10,m19,Food services and accommodations,餐飲與住宿,0.01,official
2004-10,m20,Financial services and insurance,金融服務與保險,0.01,official
2004-10,m21,Other services,其他服務,0.02,official
2004-10,m22,Final consumption expenditures of nonprofit institutions serving households,服務家庭之非營利機構淨消費,0.0,official
2004-10,residual,Residual,差額,-0.0005582742434813714,official
2004-11,m4,Motor vehicles and parts,汽車與零組件,0.04,official
2004-11,m5,Furnishings and durable household equipment,家具與耐久家用設備,-0.01,official
2004-11,m6,Recreational goods and vehicles,休閒商品與交通工具,-0.02,official
2004-11,m7,Other durable goods,其他耐久財,0.0,official
2004-11,m9,Food and beverages purchased for off-premises consumption,食物與飲料（居家消費）,0.03,official
2004-11,m10,Clothing and footwear,服裝與鞋類,0.01,official
2004-11,m11,Gasoline and other energy goods,汽油與其他能源商品,0.12,official
2004-11,m12,Other nondurable goods,其他非耐久財,0.0,official
2004-11,m15,Housing and utilities,住宅與公用事業,0.08,official
2004-11,m16,Health care,醫療服務,0.03,official
2004-11,m17,Transportation services,運輸服務,0.03,official
2004-11,m18,Recreation services,休閒服務,0.01,official
2004-11,m19,Food services and accommodations,餐飲與住宿,0.01,official
2004-11,m20,Financial services and insurance,金融服務與保險,0.02,official
2004-11,m21,Other services,其他服務,0.04,official
2004-11,m22,Final consumption expenditures of nonprofit institutions serving households,服務家庭之非營利機構淨消費,0.01,official
2004-11,residual,Residual,差額,-0.014657915672233401,official
2004-12,m4,Motor vehicles and parts,汽車與零組件,0.02,official
2004-12,m5,Furnishings and durable household equipment,家具與耐久家用設備,-0.01,official
2004-12,m6,Recreational goods and vehicles,休閒商品與交通工具,-0.02,official
2004-12,m7,Other durable goods,其他耐久財,0.02,official
2004-12,m9,Food and beverages purchased for off-premises consumption,食物與飲料（居家消費）,-0.01,official
2004-12,m10,Clothing and footwear,服裝與鞋類,-0.03,official
2004-12,m11,Gasoline and other energy goods,汽油與其他能源商品,-0.05,official
2004-12,m12,Other nondurable goods,其他非耐久財,-0.01,official
2004-12,m15,Housing and utilities,住宅與公用事業,0.03,official
2004-12,m16,Health care,醫療服務,0.03,official
2004-12,m17,Transportation services,運輸服務,-0.01,official
2004-12,m18,Recreation services,休閒服務,0.01,official
2004-12,m19,Food services and accommodations,餐飲與住宿,0.01,official
2004-12,m20,Financial services and insurance,金融服務與保險,0.01,official
2004-12,m21,Other services,其他服務,0.04,official
2004-12,m22,Final consumption expenditures of nonprofit institutions serving households,服務家庭之非營利機構淨消費,0.02,official
2004-12,residual,Residual,差額,0.0032454988979580476,official
2005-01,m4,Motor vehicles and parts,汽車與零組件,0.0,official
2005-01,m5,Furnishings and durable household equipment,家具與耐久家用設備,0.01,official
2005-01,m6,Recreational goods and vehicles,休閒商品與交通工具,-0.01,official
2005-01,m7,Other durable goods,其他耐久財,-0.02,official
2005-01,m9,Food and beverages purchased for off-premises consumption,食物與飲料（居家消費）,-0.02,official
2005-01,m10,Clothing and footwear,服裝與鞋類,0.02,official
2005-01,m11,Gasoline and other energy goods,汽油與其他能源商品,-0.16,official
2005-01,m12,Other nondurable goods,其他非耐久財,0.02,official
2005-01,m15,Housing and utilities,住宅與公用事業,0.04,official
2005-01,m16,Health care,醫療服務,0.08,official
2005-01,m17,Transportation services,運輸服務,0.01,official
2005-01,m18,Recreation services,休閒服務,0.01,official
2005-01,m19,Food services and accommodations,餐飲與住宿,0.02,official
2005-01,m20,Financial services and insurance,金融服務與保險,0.06,official
2005-01,m21,Other services,其他服務,0.04,official
2005-01,m22,Final consumption expenditures of nonprofit institutions serving households,服務家庭之非營利機構淨消費,0.03,official
2005-01,residual,Residual,差額,0.0011864952166397158,official
2005-02,m4,Motor vehicles and parts,汽車與零組件,0.01,official
2005-02,m5,Furnishings and durable household equipment,家具與耐久家用設備,0.0,official
2005-02,m6,Recreational goods and vehicles,休閒商品與交通工具,-0.03,official
2005-02,m7,Other durable goods,其他耐久財,0.0,official
2005-02,m9,Food and beverages purchased for off-premises consumption,食物與飲料（居家消費）,-0.02,official
2005-02,m10,Clothing and footwear,服裝與鞋類,-0.01,official
2005-02,m11,Gasoline and other energy goods,汽油與其他能源商品,0.14,official
2005-02,m12,Other nondurable goods,其他非耐久財,0.01,official
2005-02,m15,Housing and utilities,住宅與公用事業,0.06,official
2005-02,m16,Health care,醫療服務,0.07,official
2005-02,m17,Transportation services,運輸服務,0.01,official
2005-02,m18,Recreation services,休閒服務,0.0,official
2005-02,m19,Food services and accommodations,餐飲與住宿,0.02,official
2005-02,m20,Financial services and insurance,金融服務與保險,0.02,official
2005-02,m21,Other services,其他服務,0.01,official
2005-02,m22,Final consumption expenditures of nonprofit institutions serving households,服務家庭之非營利機構淨消費,-0.01,official
2005-02,residual,Residual,差額,-0.0019029255812073043,official
2005-03,m4,Motor vehicles and parts,汽車與零組件,0.0,official
2005-03,m5,Furnishings and durable household equipment,家具與耐久家用設備,0.01,official
2005-03,m6,Recreational goods and vehicles,休閒商品與交通工具,-0.02,official
2005-03,m7,Other durable goods,其他耐久財,0.0,official
2005-03,m9,Food and beverages purchased for off-premises consumption,食物與飲料（居家消費）,0.02,official
2005-03,m10,Clothing and footwear,服裝與鞋類,0.02,official
2005-03,m11,Gasoline and other energy goods,汽油與其他能源商品,0.05,official
2005-03,m12,Other nondurable goods,其他非耐久財,0.0,official
2005-03,m15,Housing and utilities,住宅與公用事業,0.04,official
2005-03,m16,Health care,醫療服務,0.03,official
2005-03,m17,Transportation services,運輸服務,0.03,official
2005-03,m18,Recreation services,休閒服務,0.01,official
2005-03,m19,Food services and accommodations,餐飲與住宿,0.04,official
2005-03,m20,Financial services and insurance,金融服務與保險,0.02,official
2005-03,m21,Other services,其他服務,0.02,official
2005-03,m22,Final consumption expenditures of nonprofit institutions serving households,服務家庭之非營利機構淨消費,0.03,official
2005-03,residual,Residual,差額,-0.0004880934773129897,official
2005-04,m4,Motor vehicles and parts,汽車與零組件,0.01,official
2005-04,m5,Furnishings and durable household equipment,家具與耐久家用設備,0.0,official
2005-04,m6,Recreational goods and vehicles,休閒商品與交通工具,-0.01,official
2005-04,m7,Other durable goods,其他耐久財,-0.01,official
2005-04,m9,Food and beverages purchased for off-premises consumption,食物與飲料（居家消費）,0.08,official
2005-04,m10,Clothing and footwear,服裝與鞋類,-0.02,official
2005-04,m11,Gasoline and other energy goods,汽油與其他能源商品,0.06,official
2005-04,m12,Other nondurable goods,其他非耐久財,0.0,official
2005-04,m15,Housing and utilities,住宅與公用事業,0.07,official
2005-04,m16,Health care,醫療服務,0.04,official
2005-04,m17,Transportation services,運輸服務,0.0,official
2005-04,m18,Recreation services,休閒服務,0.01,official
2005-04,m19,Food services and accommodations,餐飲與住宿,0.0,official
2005-04,m20,Financial services and insurance,金融服務與保險,0.03,official
2005-04,m21,Other services,其他服務,0.03,official
2005-04,m22,Final consumption expenditures of nonprofit institutions serving households,服務家庭之非營利機構淨消費,-0.01,official
2005-04,residual,Residual,差額,0.00018433179721744075,official
2005-05,m4,Motor vehicles and parts,汽車與零組件,0.02,official
2005-05,m5,Furnishings and durable household equipment,家具與耐久家用設備,0.01,official
2005-05,m6,Recreational goods and vehicles,休閒商品與交通工具,-0.01,official
2005-05,m7,Other durable goods,其他耐久財,0.01,official
2005-05,m9,Food and beverages purchased for off-premises consumption,食物與飲料（居家消費）,-0.01,official
2005-05,m10,Clothing and footwear,服裝與鞋類,0.0,official
2005-05,m11,Gasoline and other energy goods,汽油與其他能源商品,-0.13,official
2005-05,m12,Other nondurable goods,其他非耐久財,0.03,official
2005-05,m15,Housing and utilities,住宅與公用事業,0.05,official
2005-05,m16,Health care,醫療服務,0.03,official
2005-05,m17,Transportation services,運輸服務,0.0,official
2005-05,m18,Recreation services,休閒服務,0.01,official
2005-05,m19,Food services and accommodations,餐飲與住宿,0.0,official
2005-05,m20,Financial services and insurance,金融服務與保險,0.01,official
2005-05,m21,Other services,其他服務,0.03,official
2005-05,m22,Final consumption expenditures of nonprofit institutions serving households,服務家庭之非營利機構淨消費,0.0,official
2005-05,residual,Residual,差額,0.006370476575628996,official
2005-06,m4,Motor vehicles and parts,汽車與零組件,-0.01,official
2005-06,m5,Furnishings and durable household equipment,家具與耐久家用設備,-0.02,official
2005-06,m6,Recreational goods and vehicles,休閒商品與交通工具,-0.01,official
2005-06,m7,Other durable goods,其他耐久財,-0.01,official
2005-06,m9,Food and beverages purchased for off-premises consumption,食物與飲料（居家消費）,-0.01,official
2005-06,m10,Clothing and footwear,服裝與鞋類,-0.01,official
2005-06,m11,Gasoline and other energy goods,汽油與其他能源商品,0.02,official
2005-06,m12,Other nondurable goods,其他非耐久財,0.0,official
2005-06,m15,Housing and utilities,住宅與公用事業,0.02,official
2005-06,m16,Health care,醫療服務,0.03,official
2005-06,m17,Transportation services,運輸服務,0.01,official
2005-06,m18,Recreation services,休閒服務,0.0,official
2005-06,m19,Food services and accommodations,餐飲與住宿,0.02,official
2005-06,m20,Financial services and insurance,金融服務與保險,0.03,official
2005-06,m21,Other services,其他服務,0.02,official
2005-06,m22,Final consumption expenditures of nonprofit institutions serving households,服務家庭之非營利機構淨消費,-0.02,official
2005-06,residual,Residual,差額,0.002462491885995066,official
2005-07,m4,Motor vehicles and parts,汽車與零組件,-0.03,official
2005-07,m5,Furnishings and durable household equipment,家具與耐久家用設備,0.0,official
2005-07,m6,Recreational goods and vehicles,休閒商品與交通工具,-0.01,official
2005-07,m7,Other durable goods,其他耐久財,0.0,official
2005-07,m9,Food and beverages purchased for off-premises consumption,食物與飲料（居家消費）,0.01,official
2005-07,m10,Clothing and footwear,服裝與鞋類,-0.01,official
2005-07,m11,Gasoline and other energy goods,汽油與其他能源商品,0.26,official
2005-07,m12,Other nondurable goods,其他非耐久財,0.02,official
2005-07,m15,Housing and utilities,住宅與公用事業,0.07,official
2005-07,m16,Health care,醫療服務,0.03,official
2005-07,m17,Transportation services,運輸服務,0.01,official
2005-07,m18,Recreation services,休閒服務,0.01,official
2005-07,m19,Food services and accommodations,餐飲與住宿,0.01,official
2005-07,m20,Financial services and insurance,金融服務與保險,0.04,official
2005-07,m21,Other services,其他服務,0.02,official
2005-07,m22,Final consumption expenditures of nonprofit institutions serving households,服務家庭之非營利機構淨消費,0.01,official
2005-07,residual,Residual,差額,-0.016499388004902082,official
2005-08,m4,Motor vehicles and parts,汽車與零組件,-0.03,official
2005-08,m5,Furnishings and durable household equipment,家具與耐久家用設備,-0.01,official
2005-08,m6,Recreational goods and vehicles,休閒商品與交通工具,-0.02,official
2005-08,m7,Other durable goods,其他耐久財,0.01,official
2005-08,m9,Food and beverages purchased for off-premises consumption,食物與飲料（居家消費）,0.0,official
2005-08,m10,Clothing and footwear,服裝與鞋類,0.01,official
2005-08,m11,Gasoline and other energy goods,汽油與其他能源商品,0.3,official
2005-08,m12,Other nondurable goods,其他非耐久財,0.01,official
2005-08,m15,Housing and utilities,住宅與公用事業,0.06,official
2005-08,m16,Health care,醫療服務,0.03,official
2005-08,m17,Transportation services,運輸服務,0.0,official
2005-08,m18,Recreation services,休閒服務,0.02,official
2005-08,m19,Food services and accommodations,餐飲與住宿,0.01,official
2005-08,m20,Financial services and insurance,金融服務與保險,0.01,official
2005-08,m21,Other services,其他服務,-0.01,official
2005-08,m22,Final consumption expenditures of nonprofit institutions serving households,服務家庭之非營利機構淨消費,0.01,official
2005-08,residual,Residual,差額,0.0034322209492069766,official
2005-09,m4,Motor vehicles and parts,汽車與零組件,0.01,official
2005-09,m5,Furnishings and durable household equipment,家具與耐久家用設備,-0.01,official
2005-09,m6,Recreational goods and vehicles,休閒商品與交通工具,-0.01,official
2005-09,m7,Other durable goods,其他耐久財,0.01,official
2005-09,m9,Food and beverages purchased for off-premises consumption,食物與飲料（居家消費）,0.02,official
2005-09,m10,Clothing and footwear,服裝與鞋類,-0.02,official
2005-09,m11,Gasoline and other energy goods,汽油與其他能源商品,0.66,official
2005-09,m12,Other nondurable goods,其他非耐久財,0.01,official
2005-09,m15,Housing and utilities,住宅與公用事業,0.13,official
2005-09,m16,Health care,醫療服務,0.05,official
2005-09,m17,Transportation services,運輸服務,0.05,official
2005-09,m18,Recreation services,休閒服務,0.03,official
2005-09,m19,Food services and accommodations,餐飲與住宿,-0.01,official
2005-09,m20,Financial services and insurance,金融服務與保險,0.02,official
2005-09,m21,Other services,其他服務,0.02,official
2005-09,m22,Final consumption expenditures of nonprofit institutions serving households,服務家庭之非營利機構淨消費,0.0,official
2005-09,residual,Residual,差額,0.005075203029974662,official
2005-10,m4,Motor vehicles and parts,汽車與零組件,0.02,official
2005-10,m5,Furnishings and durable household equipment,家具與耐久家用設備,0.0,official
2005-10,m6,Recreational goods and vehicles,休閒商品與交通工具,-0.02,official
2005-10,m7,Other durable goods,其他耐久財,-0.01,official
2005-10,m9,Food and beverages purchased for off-premises consumption,食物與飲料（居家消費）,0.01,official
2005-10,m10,Clothing and footwear,服裝與鞋類,0.0,official
2005-10,m11,Gasoline and other energy goods,汽油與其他能源商品,-0.21,official
2005-10,m12,Other nondurable goods,其他非耐久財,0.02,official
2005-10,m15,Housing and utilities,住宅與公用事業,0.14,official
2005-10,m16,Health care,醫療服務,0.07,official
2005-10,m17,Transportation services,運輸服務,0.01,official
2005-10,m18,Recreation services,休閒服務,0.01,official
2005-10,m19,Food services and accommodations,餐飲與住宿,0.05,official
2005-10,m20,Financial services and insurance,金融服務與保險,0.05,official
2005-10,m21,Other services,其他服務,0.02,official
2005-10,m22,Final consumption expenditures of nonprofit institutions serving households,服務家庭之非營利機構淨消費,0.0,official
2005-10,residual,Residual,差額,-9.041504351425811e-05,official
2005-11,m4,Motor vehicles and parts,汽車與零組件,0.01,official
2005-11,m5,Furnishings and durable household equipment,家具與耐久家用設備,0.0,official
2005-11,m6,Recreational goods and vehicles,休閒商品與交通工具,-0.03,official
2005-11,m7,Other durable goods,其他耐久財,0.0,official
2005-11,m9,Food and beverages purchased for off-premises consumption,食物與飲料（居家消費）,0.03,official
2005-11,m10,Clothing and footwear,服裝與鞋類,0.01,official
2005-11,m11,Gasoline and other energy goods,汽油與其他能源商品,-0.51,official
2005-11,m12,Other nondurable goods,其他非耐久財,0.02,official
2005-11,m15,Housing and utilities,住宅與公用事業,0.09,official
2005-11,m16,Health care,醫療服務,0.04,official
2005-11,m17,Transportation services,運輸服務,0.05,official
2005-11,m18,Recreation services,休閒服務,0.0,official
2005-11,m19,Food services and accommodations,餐飲與住宿,0.02,official
2005-11,m20,Financial services and insurance,金融服務與保險,0.02,official
2005-11,m21,Other services,其他服務,0.03,official
2005-11,m22,Final consumption expenditures of nonprofit institutions serving households,服務家庭之非營利機構淨消費,0.0,official
2005-11,residual,Residual,差額,0.011128983854504587,official
2005-12,m4,Motor vehicles and parts,汽車與零組件,0.0,official
2005-12,m5,Furnishings and durable household equipment,家具與耐久家用設備,0.01,official
2005-12,m6,Recreational goods and vehicles,休閒商品與交通工具,-0.03,official
2005-12,m7,Other durable goods,其他耐久財,0.0,official
2005-12,m9,Food and beverages purchased for off-premises consumption,食物與飲料（居家消費）,0.01,official
2005-12,m10,Clothing and footwear,服裝與鞋類,-0.02,official
2005-12,m11,Gasoline and other energy goods,汽油與其他能源商品,-0.05,official
2005-12,m12,Other nondurable goods,其他非耐久財,0.02,official
2005-12,m15,Housing and utilities,住宅與公用事業,-0.01,official
2005-12,m16,Health care,醫療服務,0.02,official
2005-12,m17,Transportation services,運輸服務,-0.02,official
2005-12,m18,Recreation services,休閒服務,0.01,official
2005-12,m19,Food services and accommodations,餐飲與住宿,0.01,official
2005-12,m20,Financial services and insurance,金融服務與保險,0.0,official
2005-12,m21,Other services,其他服務,0.03,official
2005-12,m22,Final consumption expenditures of nonprofit institutions serving households,服務家庭之非營利機構淨消費,0.02,official
2005-12,residual,Residual,差額,1.734723475976807e-18,official
2006-01,m4,Motor vehicles and parts,汽車與零組件,0.01,official
2006-01,m5,Furnishings and durable household equipment,家具與耐久家用設備,0.0,official
2006-01,m6,Recreational goods and vehicles,休閒商品與交通工具,-0.02,official
2006-01,m7,Other durable goods,其他耐久財,0.0,official
2006-01,m9,Food and beverages purchased for off-premises consumption,食物與飲料（居家消費）,0.03,official
2006-01,m10,Clothing and footwear,服裝與鞋類,0.0,official
2006-01,m11,Gasoline and other energy goods,汽油與其他能源商品,0.19,official
2006-01,m12,Other nondurable goods,其他非耐久財,0.01,official
2006-01,m15,Housing and utilities,住宅與公用事業,0.12,official
2006-01,m16,Health care,醫療服務,0.03,official
2006-01,m17,Transportation services,運輸服務,0.01,official
2006-01,m18,Recreation services,休閒服務,0.01,official
2006-01,m19,Food services and accommodations,餐飲與住宿,0.02,official
2006-01,m20,Financial services and insurance,金融服務與保險,0.03,official
2006-01,m21,Other services,其他服務,0.03,official
2006-01,m22,Final consumption expenditures of nonprofit institutions serving households,服務家庭之非營利機構淨消費,0.01,official
2006-01,residual,Residual,差額,0.004777038649841803,official
2006-02,m4,Motor vehicles and parts,汽車與零組件,0.0,official
2006-02,m5,Furnishings and durable household equipment,家具與耐久家用設備,-0.01,official
2006-02,m6,Recreational goods and vehicles,休閒商品與交通工具,-0.01,official
2006-02,m7,Other durable goods,其他耐久財,-0.01,official
2006-02,m9,Food and beverages purchased for off-premises consumption,食物與飲料（居家消費）,-0.01,official
2006-02,m10,Clothing and footwear,服裝與鞋類,-0.03,official
2006-02,m11,Gasoline and other energy goods,汽油與其他能源商品,-0.04,official
2006-02,m12,Other nondurable goods,其他非耐久財,0.01,official
2006-02,m15,Housing and utilities,住宅與公用事業,0.02,official
2006-02,m16,Health care,醫療服務,0.04,official
2006-02,m17,Transportation services,運輸服務,0.02,official
2006-02,m18,Recreation services,休閒服務,0.01,official
2006-02,m19,Food services and accommodations,餐飲與住宿,0.02,official
2006-02,m20,Financial services and insurance,金融服務與保險,0.01,official
2006-02,m21,Other services,其他服務,0.03,official
2006-02,m22,Final consumption expenditures of nonprofit institutions serving households,服務家庭之非營利機構淨消費,0.01,official
2006-02,residual,Residual,差額,-0.00014413292791054522,official
2006-03,m4,Motor vehicles and parts,汽車與零組件,0.0,official
2006-03,m5,Furnishings and durable household equipment,家具與耐久家用設備,-0.01,official
2006-03,m6,Recreational goods and vehicles,休閒商品與交通工具,-0.02,official
2006-03,m7,Other durable goods,其他耐久財,-0.01,official
2006-03,m9,Food and beverages purchased for off-premises consumption,食物與飲料（居家消費）,0.01,official
2006-03,m10,Clothing and footwear,服裝與鞋類,0.04,official
2006-03,m11,Gasoline and other energy goods,汽油與其他能源商品,-0.03,official
2006-03,m12,Other nondurable goods,其他非耐久財,0.03,official
2006-03,m15,Housing and utilities,住宅與公用事業,0.02,official
2006-03,m16,Health care,醫療服務,0.04,official
2006-03,m17,Transportation services,運輸服務,0.0,official
2006-03,m18,Recreation services,休閒服務,0.01,official
2006-03,m19,Food services and accommodations,餐飲與住宿,0.03,official
2006-03,m20,Financial services and insurance,金融服務與保險,0.05,official
2006-03,m21,Other services,其他服務,0.03,official
2006-03,m22,Final consumption expenditures of nonprofit institutions serving households,服務家庭之非營利機構淨消費,0.0,official
2006-03,residual,Residual,差額,0.0038169984685877956,official
2006-04,m4,Motor vehicles and parts,汽車與零組件,0.0,official
2006-04,m5,Furnishings and durable household equipment,家具與耐久家用設備,0.01,official
2006-04,m6,Recreational goods and vehicles,休閒商品與交通工具,-0.01,official
2006-04,m7,Other durable goods,其他耐久財,0.01,official
2006-04,m9,Food and beverages purchased for off-premises consumption,食物與飲料（居家消費）,-0.01,official
2006-04,m10,Clothing and footwear,服裝與鞋類,0.01,official
2006-04,m11,Gasoline and other energy goods,汽油與其他能源商品,0.23,official
2006-04,m12,Other nondurable goods,其他非耐久財,0.01,official
2006-04,m15,Housing and utilities,住宅與公用事業,0.03,official
2006-04,m16,Health care,醫療服務,0.04,official
2006-04,m17,Transportation services,運輸服務,0.01,official
2006-04,m18,Recreation services,休閒服務,0.01,official
2006-04,m19,Food services and accommodations,餐飲與住宿,0.01,official
2006-04,m20,Financial services and insurance,金融服務與保險,0.07,official
2006-04,m21,Other services,其他服務,0.03,official
2006-04,m22,Final consumption expenditures of nonprofit institutions serving households,服務家庭之非營利機構淨消費,0.01,official
2006-04,residual,Residual,差額,0.004499797005246664,official
2006-05,m4,Motor vehicles and parts,汽車與零組件,0.0,official
2006-05,m5,Furnishings and durable household equipment,家具與耐久家用設備,0.0,official
2006-05,m6,Recreational goods and vehicles,休閒商品與交通工具,-0.03,official
2006-05,m7,Other durable goods,其他耐久財,0.01,official
2006-05,m9,Food and beverages purchased for off-premises consumption,食物與飲料（居家消費）,0.0,official
2006-05,m10,Clothing and footwear,服裝與鞋類,0.0,official
2006-05,m11,Gasoline and other energy goods,汽油與其他能源商品,0.06,official
2006-05,m12,Other nondurable goods,其他非耐久財,0.01,official
2006-05,m15,Housing and utilities,住宅與公用事業,0.06,official
2006-05,m16,Health care,醫療服務,0.04,official
2006-05,m17,Transportation services,運輸服務,0.01,official
2006-05,m18,Recreation services,休閒服務,0.02,official
2006-05,m19,Food services and accommodations,餐飲與住宿,0.02,official
2006-05,m20,Financial services and insurance,金融服務與保險,0.05,official
2006-05,m21,Other services,其他服務,0.02,official
2006-05,m22,Final consumption expenditures of nonprofit institutions serving households,服務家庭之非營利機構淨消費,-0.02,official
2006-05,residual,Residual,差額,0.018615914898684416,official
2006-06,m4,Motor vehicles and parts,汽車與零組件,-0.01,official
2006-06,m5,Furnishings and durable household equipment,家具與耐久家用設備,0.0,official
2006-06,m6,Recreational goods and vehicles,休閒商品與交通工具,-0.03,official
2006-06,m7,Other durable goods,其他耐久財,0.0,official
2006-06,m9,Food and beverages purchased for off-premises consumption,食物與飲料（居家消費）,0.02,official
2006-06,m10,Clothing and footwear,服裝與鞋類,0.01,official
2006-06,m11,Gasoline and other energy goods,汽油與其他能源商品,0.01,official
2006-06,m12,Other nondurable goods,其他非耐久財,0.02,official
2006-06,m15,Housing and utilities,住宅與公用事業,0.06,official
2006-06,m16,Health care,醫療服務,0.04,official
2006-06,m17,Transportation services,運輸服務,0.01,official
2006-06,m18,Recreation services,休閒服務,0.01,official
2006-06,m19,Food services and accommodations,餐飲與住宿,0.01,official
2006-06,m20,Financial services and insurance,金融服務與保險,0.04,official
2006-06,m21,Other services,其他服務,0.03,official
2006-06,m22,Final consumption expenditures of nonprofit institutions serving households,服務家庭之非營利機構淨消費,0.01,official
2006-06,residual,Residual,差額,0.01655942912008565,official
2006-07,m4,Motor vehicles and parts,汽車與零組件,0.0,official
2006-07,m5,Furnishings and durable household equipment,家具與耐久家用設備,0.0,official
2006-07,m6,Recreational goods and vehicles,休閒商品與交通工具,0.0,official
2006-07,m7,Other durable goods,其他耐久財,0.0,official
2006-07,m9,Food and beverages purchased for off-premises consumption,食物與飲料（居家消費）,0.01,official
2006-07,m10,Clothing and footwear,服裝與鞋類,-0.04,official
2006-07,m11,Gasoline and other energy goods,汽油與其他能源商品,0.25,official
2006-07,m12,Other nondurable goods,其他非耐久財,0.0,official
2006-07,m15,Housing and utilities,住宅與公用事業,0.06,official
2006-07,m16,Health care,醫療服務,0.05,official
2006-07,m17,Transportation services,運輸服務,0.0,official
2006-07,m18,Recreation services,休閒服務,0.01,official
2006-07,m19,Food services and accommodations,餐飲與住宿,0.02,official
2006-07,m20,Financial services and insurance,金融服務與保險,-0.05,official
2006-07,m21,Other services,其他服務,0.03,official
2006-07,m22,Final consumption expenditures of nonprofit institutions serving households,服務家庭之非營利機構淨消費,0.0,official
2006-07,residual,Residual,差額,0.001732786245563278,official
2006-08,m4,Motor vehicles and parts,汽車與零組件,0.0,official
2006-08,m5,Furnishings and durable household equipment,家具與耐久家用設備,0.0,official
2006-08,m6,Recreational goods and vehicles,休閒商品與交通工具,-0.01,official
2006-08,m7,Other durable goods,其他耐久財,0.01,official
2006-08,m9,Food and beverages purchased for off-premises consumption,食物與飲料（居家消費）,0.02,official
2006-08,m10,Clothing and footwear,服裝與鞋類,0.02,official
2006-08,m11,Gasoline and other energy goods,汽油與其他能源商品,0.11,official
2006-08,m12,Other nondurable goods,其他非耐久財,0.01,official
2006-08,m15,Housing and utilities,住宅與公用事業,0.07,official
2006-08,m16,Health care,醫療服務,0.04,official
2006-08,m17,Transportation services,運輸服務,0.0,official
2006-08,m18,Recreation services,休閒服務,0.01,official
2006-08,m19,Food services and accommodations,餐飲與住宿,0.02,official
2006-08,m20,Financial services and insurance,金融服務與保險,0.01,official
2006-08,m21,Other services,其他服務,0.02,official
2006-08,m22,Final consumption expenditures of nonprofit institutions serving households,服務家庭之非營利機構淨消費,0.0,official
2006-08,residual,Residual,差額,-0.01535671356855145,official
2006-09,m4,Motor vehicles and parts,汽車與零組件,0.0,official
2006-09,m5,Furnishings and durable household equipment,家具與耐久家用設備,-0.01,official
2006-09,m6,Recreational goods and vehicles,休閒商品與交通工具,-0.04,official
2006-09,m7,Other durable goods,其他耐久財,0.0,official
2006-09,m9,Food and beverages purchased for off-premises consumption,食物與飲料（居家消費）,0.02,official
2006-09,m10,Clothing and footwear,服裝與鞋類,0.02,official
2006-09,m11,Gasoline and other energy goods,汽油與其他能源商品,-0.45,official
2006-09,m12,Other nondurable goods,其他非耐久財,0.03,official
2006-09,m15,Housing and utilities,住宅與公用事業,0.08,official
2006-09,m16,Health care,醫療服務,0.03,official
2006-09,m17,Transportation services,運輸服務,-0.01,official
2006-09,m18,Recreation services,休閒服務,0.0,official
2006-09,m19,Food services and accommodations,餐飲與住宿,0.01,official
2006-09,m20,Financial services and insurance,金融服務與保險,0.04,official
2006-09,m21,Other services,其他服務,0.03,official
2006-09,m22,Final consumption expenditures of nonprofit institutions serving households,服務家庭之非營利機構淨消費,0.0,official
2006-09,residual,Residual,差額,-0.01196769456681146,official
2006-10,m4,Motor vehicles and parts,汽車與零組件,-0.01,official
2006-10,m5,Furnishings and durable household equipment,家具與耐久家用設備,0.01,official
2006-10,m6,Recreational goods and vehicles,休閒商品與交通工具,-0.02,official
2006-10,m7,Other durable goods,其他耐久財,0.0,official
2006-10,m9,Food and beverages purchased for off-premises consumption,食物與飲料（居家消費）,0.02,official
2006-10,m10,Clothing and footwear,服裝與鞋類,-0.01,official
2006-10,m11,Gasoline and other energy goods,汽油與其他能源商品,-0.35,official
2006-10,m12,Other nondurable goods,其他非耐久財,0.0,official
2006-10,m15,Housing and utilities,住宅與公用事業,0.0,official
2006-10,m16,Health care,醫療服務,0.03,official
2006-10,m17,Transportation services,運輸服務,0.0,official
2006-10,m18,Recreation services,休閒服務,0.0,official
2006-10,m19,Food services and accommodations,餐飲與住宿,0.02,official
2006-10,m20,Financial services and insurance,金融服務與保險,0.05,official
2006-10,m21,Other services,其他服務,0.03,official
2006-10,m22,Final consumption expenditures of nonprofit institutions serving households,服務家庭之非營利機構淨消費,-0.01,official
2006-10,residual,Residual,差額,0.004434288944903164,official
2006-11,m4,Motor vehicles and parts,汽車與零組件,-0.01,official
2006-11,m5,Furnishings and durable household equipment,家具與耐久家用設備,0.0,official
2006-11,m6,Recreational goods and vehicles,休閒商品與交通工具,-0.02,official
2006-11,m7,Other durable goods,其他耐久財,0.01,official
2006-11,m9,Food and beverages purchased for off-premises consumption,食物與飲料（居家消費）,0.0,official
2006-11,m10,Clothing and footwear,服裝與鞋類,-0.02,official
2006-11,m11,Gasoline and other energy goods,汽油與其他能源商品,-0.03,official
2006-11,m12,Other nondurable goods,其他非耐久財,-0.03,official
2006-11,m15,Housing and utilities,住宅與公用事業,0.07,official
2006-11,m16,Health care,醫療服務,0.02,official
2006-11,m17,Transportation services,運輸服務,0.02,official
2006-11,m18,Recreation services,休閒服務,0.01,official
2006-11,m19,Food services and accommodations,餐飲與住宿,0.02,official
2006-11,m20,Financial services and insurance,金融服務與保險,0.0,official
2006-11,m21,Other services,其他服務,0.01,official
2006-11,m22,Final consumption expenditures of nonprofit institutions serving households,服務家庭之非營利機構淨消費,-0.01,official
2006-11,residual,Residual,差額,-0.005762319661877208,official
2006-12,m4,Motor vehicles and parts,汽車與零組件,-0.01,official
2006-12,m5,Furnishings and durable household equipment,家具與耐久家用設備,-0.01,official
2006-12,m6,Recreational goods and vehicles,休閒商品與交通工具,-0.02,official
2006-12,m7,Other durable goods,其他耐久財,0.0,official
2006-12,m9,Food and beverages purchased for off-premises consumption,食物與飲料（居家消費）,-0.02,official
2006-12,m10,Clothing and footwear,服裝與鞋類,0.01,official
2006-12,m11,Gasoline and other energy goods,汽油與其他能源商品,0.24,official
2006-12,m12,Other nondurable goods,其他非耐久財,0.01,official
2006-12,m15,Housing and utilities,住宅與公用事業,0.07,official
2006-12,m16,Health care,醫療服務,0.04,official
2006-12,m17,Transportation services,運輸服務,-0.03,official
2006-12,m18,Recreation services,休閒服務,0.01,official
2006-12,m19,Food services and accommodations,餐飲與住宿,0.02,official
2006-12,m20,Financial services and insurance,金融服務與保險,0.02,official
2006-12,m21,Other services,其他服務,0.01,official
2006-12,m22,Final consumption expenditures of nonprofit institutions serving households,服務家庭之非營利機構淨消費,0.01,official
2006-12,residual,Residual,差額,0.005241883136048231,official
2007-01,m4,Motor vehicles and parts,汽車與零組件,0.0,official
2007-01,m5,Furnishings and durable household equipment,家具與耐久家用設備,-0.01,official
2007-01,m6,Recreational goods and vehicles,休閒商品與交通工具,-0.03,official
2007-01,m7,Other durable goods,其他耐久財,0.01,official
2007-01,m9,Food and beverages purchased for off-premises consumption,食物與飲料（居家消費）,0.06,official
2007-01,m10,Clothing and footwear,服裝與鞋類,0.0,official
2007-01,m11,Gasoline and other energy goods,汽油與其他能源商品,-0.09,official
2007-01,m12,Other nondurable goods,其他非耐久財,0.05,official
2007-01,m15,Housing and utilities,住宅與公用事業,0.06,official
2007-01,m16,Health care,醫療服務,0.16,official
2007-01,m17,Transportation services,運輸服務,0.02,official
2007-01,m18,Recreation services,休閒服務,0.01,official
2007-01,m19,Food services and accommodations,餐飲與住宿,0.03,official
2007-01,m20,Financial services and insurance,金融服務與保險,0.03,official
2007-01,m21,Other services,其他服務,0.01,official
2007-01,m22,Final consumption expenditures of nonprofit institutions serving households,服務家庭之非營利機構淨消費,0.02,official
2007-01,residual,Residual,差額,0.00399190892842155,official
2007-02,m4,Motor vehicles and parts,汽車與零組件,-0.01,official
2007-02,m5,Furnishings and durable household equipment,家具與耐久家用設備,0.01,official
2007-02,m6,Recreational goods and vehicles,休閒商品與交通工具,-0.02,official
2007-02,m7,Other durable goods,其他耐久財,0.01,official
2007-02,m9,Food and beverages purchased for off-premises consumption,食物與飲料（居家消費）,0.06,official
2007-02,m10,Clothing and footwear,服裝與鞋類,0.01,official
2007-02,m11,Gasoline and other energy goods,汽油與其他能源商品,0.05,official
2007-02,m12,Other nondurable goods,其他非耐久財,0.0,official
2007-02,m15,Housing and utilities,住宅與公用事業,0.06,official
2007-02,m16,Health care,醫療服務,0.05,official
2007-02,m17,Transportation services,運輸服務,0.02,official
2007-02,m18,Recreation services,休閒服務,0.01,official
2007-02,m19,Food services and accommodations,餐飲與住宿,0.03,official
2007-02,m20,Financial services and insurance,金融服務與保險,0.0,official
2007-02,m21,Other services,其他服務,0.03,official
2007-02,m22,Final consumption expenditures of nonprofit institutions serving households,服務家庭之非營利機構淨消費,0.01,official
2007-02,residual,Residual,差額,-0.009390032350311273,official
2007-03,m4,Motor vehicles and parts,汽車與零組件,0.01,official
2007-03,m5,Furnishings and durable household equipment,家具與耐久家用設備,0.0,official
2007-03,m6,Recreational goods and vehicles,休閒商品與交通工具,-0.02,official
2007-03,m7,Other durable goods,其他耐久財,-0.02,official
2007-03,m9,Food and beverages purchased for off-premises consumption,食物與飲料（居家消費）,0.05,official
2007-03,m10,Clothing and footwear,服裝與鞋類,0.0,official
2007-03,m11,Gasoline and other energy goods,汽油與其他能源商品,0.2,official
2007-03,m12,Other nondurable goods,其他非耐久財,-0.01,official
2007-03,m15,Housing and utilities,住宅與公用事業,0.07,official
2007-03,m16,Health care,醫療服務,0.02,official
2007-03,m17,Transportation services,運輸服務,0.01,official
2007-03,m18,Recreation services,休閒服務,0.01,official
2007-03,m19,Food services and accommodations,餐飲與住宿,0.0,official
2007-03,m20,Financial services and insurance,金融服務與保險,0.01,official
2007-03,m21,Other services,其他服務,0.04,official
2007-03,m22,Final consumption expenditures of nonprofit institutions serving households,服務家庭之非營利機構淨消費,0.0,official
2007-03,residual,Residual,差額,-0.004264614809353584,official
2007-04,m4,Motor vehicles and parts,汽車與零組件,0.0,official
2007-04,m5,Furnishings and durable household equipment,家具與耐久家用設備,0.0,official
2007-04,m6,Recreational goods and vehicles,休閒商品與交通工具,-0.02,official
2007-04,m7,Other durable goods,其他耐久財,-0.01,official
2007-04,m9,Food and beverages purchased for off-premises consumption,食物與飲料（居家消費）,0.02,official
2007-04,m10,Clothing and footwear,服裝與鞋類,-0.01,official
2007-04,m11,Gasoline and other energy goods,汽油與其他能源商品,0.1,official
2007-04,m12,Other nondurable goods,其他非耐久財,0.01,official
2007-04,m15,Housing and utilities,住宅與公用事業,0.03,official
2007-04,m16,Health care,醫療服務,0.02,official
2007-04,m17,Transportation services,運輸服務,0.0,official
2007-04,m18,Recreation services,休閒服務,0.02,official
2007-04,m19,Food services and accommodations,餐飲與住宿,0.03,official
2007-04,m20,Financial services and insurance,金融服務與保險,0.04,official
2007-04,m21,Other services,其他服務,0.03,official
2007-04,m22,Final consumption expenditures of nonprofit institutions serving households,服務家庭之非營利機構淨消費,0.0,official
2007-04,residual,Residual,差額,-0.024826413952079074,official
2007-05,m4,Motor vehicles and parts,汽車與零組件,0.0,official
2007-05,m5,Furnishings and durable household equipment,家具與耐久家用設備,0.0,official
2007-05,m6,Recreational goods and vehicles,休閒商品與交通工具,-0.01,official
2007-05,m7,Other durable goods,其他耐久財,0.01,official
2007-05,m9,Food and beverages purchased for off-premises consumption,食物與飲料（居家消費）,0.03,official
2007-05,m10,Clothing and footwear,服裝與鞋類,-0.01,official
2007-05,m11,Gasoline and other energy goods,汽油與其他能源商品,0.15,official
2007-05,m12,Other nondurable goods,其他非耐久財,0.01,official
2007-05,m15,Housing and utilities,住宅與公用事業,0.03,official
2007-05,m16,Health care,醫療服務,0.02,official
2007-05,m17,Transportation services,運輸服務,-0.01,official
2007-05,m18,Recreation services,休閒服務,0.01,official
2007-05,m19,Food services and accommodations,餐飲與住宿,0.02,official
2007-05,m20,Financial services and insurance,金融服務與保險,0.02,official
2007-05,m21,Other services,其他服務,0.02,official
2007-05,m22,Final consumption expenditures of nonprofit institutions serving households,服務家庭之非營利機構淨消費,0.0,official
2007-05,residual,Residual,差額,0.0003735365173743177,official
2007-06,m4,Motor vehicles and parts,汽車與零組件,0.0,official
2007-06,m5,Furnishings and durable household equipment,家具與耐久家用設備,0.01,official
2007-06,m6,Recreational goods and vehicles,休閒商品與交通工具,-0.02,official
2007-06,m7,Other durable goods,其他耐久財,0.02,official
2007-06,m9,Food and beverages purchased for off-premises consumption,食物與飲料（居家消費）,0.04,official
2007-06,m10,Clothing and footwear,服裝與鞋類,-0.03,official
2007-06,m11,Gasoline and other energy goods,汽油與其他能源商品,0.01,official
2007-06,m12,Other nondurable goods,其他非耐久財,0.01,official
2007-06,m15,Housing and utilities,住宅與公用事業,0.05,official
2007-06,m16,Health care,醫療服務,0.04,official
2007-06,m17,Transportation services,運輸服務,0.02,official
2007-06,m18,Recreation services,休閒服務,0.0,official
2007-06,m19,Food services and accommodations,餐飲與住宿,0.03,official
2007-06,m20,Financial services and insurance,金融服務與保險,0.02,official
2007-06,m21,Other services,其他服務,0.01,official
2007-06,m22,Final consumption expenditures of nonprofit institutions serving households,服務家庭之非營利機構淨消費,0.01,official
2007-06,residual,Residual,差額,-0.008061983183951044,official
2007-07,m4,Motor vehicles and parts,汽車與零組件,0.0,official
2007-07,m5,Furnishings and durable household equipment,家具與耐久家用設備,-0.01,official
2007-07,m6,Recreational goods and vehicles,休閒商品與交通工具,-0.02,official
2007-07,m7,Other durable goods,其他耐久財,-0.01,official
2007-07,m9,Food and beverages purchased for off-premises consumption,食物與飲料（居家消費）,0.02,official
2007-07,m10,Clothing and footwear,服裝與鞋類,0.0,official
2007-07,m11,Gasoline and other energy goods,汽油與其他能源商品,0.02,official
2007-07,m12,Other nondurable goods,其他非耐久財,0.02,official
2007-07,m15,Housing and utilities,住宅與公用事業,0.02,official
2007-07,m16,Health care,醫療服務,0.02,official
2007-07,m17,Transportation services,運輸服務,0.02,official
2007-07,m18,Recreation services,休閒服務,0.0,official
2007-07,m19,Food services and accommodations,餐飲與住宿,0.03,official
2007-07,m20,Financial services and insurance,金融服務與保險,0.02,official
2007-07,m21,Other services,其他服務,0.02,official
2007-07,m22,Final consumption expenditures of nonprofit institutions serving households,服務家庭之非營利機構淨消費,0.01,official
2007-07,residual,Residual,差額,-0.007449987865344315,official
2007-08,m4,Motor vehicles and parts,汽車與零組件,0.0,official
2007-08,m5,Furnishings and durable household equipment,家具與耐久家用設備,-0.01,official
2007-08,m6,Recreational goods and vehicles,休閒商品與交通工具,-0.04,official
2007-08,m7,Other durable goods,其他耐久財,-0.01,official
2007-08,m9,Food and beverages purchased for off-premises consumption,食物與飲料（居家消費）,0.03,official
2007-08,m10,Clothing and footwear,服裝與鞋類,-0.01,official
2007-08,m11,Gasoline and other energy goods,汽油與其他能源商品,-0.08,official
2007-08,m12,Other nondurable goods,其他非耐久財,0.01,official
2007-08,m15,Housing and utilities,住宅與公用事業,0.03,official
2007-08,m16,Health care,醫療服務,0.04,official
2007-08,m17,Transportation services,運輸服務,0.01,official
2007-08,m18,Recreation services,休閒服務,0.0,official
2007-08,m19,Food services and accommodations,餐飲與住宿,0.02,official
2007-08,m20,Financial services and insurance,金融服務與保險,0.03,official
2007-08,m21,Other services,其他服務,0.04,official
2007-08,m22,Final consumption expenditures of nonprofit institutions serving households,服務家庭之非營利機構淨消費,0.02,official
2007-08,residual,Residual,差額,-0.011918625448590278,official
2007-09,m4,Motor vehicles and parts,汽車與零組件,0.0,official
2007-09,m5,Furnishings and durable household equipment,家具與耐久家用設備,-0.01,official
2007-09,m6,Recreational goods and vehicles,休閒商品與交通工具,-0.01,official
2007-09,m7,Other durable goods,其他耐久財,0.01,official
2007-09,m9,Food and beverages purchased for off-premises consumption,食物與飲料（居家消費）,0.02,official
2007-09,m10,Clothing and footwear,服裝與鞋類,0.0,official
2007-09,m11,Gasoline and other energy goods,汽油與其他能源商品,0.12,official
2007-09,m12,Other nondurable goods,其他非耐久財,0.02,official
2007-09,m15,Housing and utilities,住宅與公用事業,0.05,official
2007-09,m16,Health care,醫療服務,0.05,official
2007-09,m17,Transportation services,運輸服務,0.0,official
2007-09,m18,Recreation services,休閒服務,0.02,official
2007-09,m19,Food services and accommodations,餐飲與住宿,0.02,official
2007-09,m20,Financial services and insurance,金融服務與保險,0.07,official
2007-09,m21,Other services,其他服務,0.03,official
2007-09,m22,Final consumption expenditures of nonprofit institutions serving households,服務家庭之非營利機構淨消費,0.0,official
2007-09,residual,Residual,差額,-0.004852398523989776,official
2007-10,m4,Motor vehicles and parts,汽車與零組件,0.0,official
2007-10,m5,Furnishings and durable household equipment,家具與耐久家用設備,0.0,official
2007-10,m6,Recreational goods and vehicles,休閒商品與交通工具,0.0,official
2007-10,m7,Other durable goods,其他耐久財,0.01,official
2007-10,m9,Food and beverages purchased for off-premises consumption,食物與飲料（居家消費）,0.03,official
2007-10,m10,Clothing and footwear,服裝與鞋類,0.01,official
2007-10,m11,Gasoline and other energy goods,汽油與其他能源商品,0.03,official
2007-10,m12,Other nondurable goods,其他非耐久財,0.02,official
2007-10,m15,Housing and utilities,住宅與公用事業,0.06,official
2007-10,m16,Health care,醫療服務,0.09,official
2007-10,m17,Transportation services,運輸服務,0.03,official
2007-10,m18,Recreation services,休閒服務,0.02,official
2007-10,m19,Food services and accommodations,餐飲與住宿,0.01,official
2007-10,m20,Financial services and insurance,金融服務與保險,0.02,official
2007-10,m21,Other services,其他服務,0.02,official
2007-10,m22,Final consumption expenditures of nonprofit institutions serving households,服務家庭之非營利機構淨消費,-0.04,official
2007-10,residual,Residual,差額,-0.006739954511004453,official
2007-11,m4,Motor vehicles and parts,汽車與零組件,0.01,official
2007-11,m5,Furnishings and durable household equipment,家具與耐久家用設備,0.0,official
2007-11,m6,Recreational goods and vehicles,休閒商品與交通工具,-0.02,official
2007-11,m7,Other durable goods,其他耐久財,0.0,official
2007-11,m9,Food and beverages purchased for off-premises consumption,食物與飲料（居家消費）,0.03,official
2007-11,m10,Clothing and footwear,服裝與鞋類,0.01,official
2007-11,m11,Gasoline and other energy goods,汽油與其他能源商品,0.32,official
2007-11,m12,Other nondurable goods,其他非耐久財,0.01,official
2007-11,m15,Housing and utilities,住宅與公用事業,0.06,official
2007-11,m16,Health care,醫療服務,0.01,official
2007-11,m17,Transportation services,運輸服務,0.02,official
2007-11,m18,Recreation services,休閒服務,0.02,official
2007-11,m19,Food services and accommodations,餐飲與住宿,0.01,official
2007-11,m20,Financial services and insurance,金融服務與保險,0.03,official
2007-11,m21,Other services,其他服務,0.02,official
2007-11,m22,Final consumption expenditures of nonprofit institutions serving households,服務家庭之非營利機構淨消費,0.0,official
2007-11,residual,Residual,差額,0.0002457683410199696,official
2007-12,m4,Motor vehicles and parts,汽車與零組件,0.0,official
2007-12,m5,Furnishings and durable household equipment,家具與耐久家用設備,-0.01,official
2007-12,m6,Recreational goods and vehicles,休閒商品與交通工具,-0.02,official
2007-12,m7,Other durable goods,其他耐久財,0.0,official
2007-12,m9,Food and beverages purchased for off-premises consumption,食物與飲料（居家消費）,0.01,official
2007-12,m10,Clothing and footwear,服裝與鞋類,0.02,official
2007-12,m11,Gasoline and other energy goods,汽油與其他能源商品,0.05,official
2007-12,m12,Other nondurable goods,其他非耐久財,0.02,official
2007-12,m15,Housing and utilities,住宅與公用事業,0.05,official
2007-12,m16,Health care,醫療服務,0.07,official
2007-12,m17,Transportation services,運輸服務,-0.01,official
2007-12,m18,Recreation services,休閒服務,0.0,official
2007-12,m19,Food services and accommodations,餐飲與住宿,0.01,official
2007-12,m20,Financial services and insurance,金融服務與保險,0.0,official
2007-12,m21,Other services,其他服務,0.04,official
2007-12,m22,Final consumption expenditures of nonprofit institutions serving households,服務家庭之非營利機構淨消費,0.01,official
2007-12,residual,Residual,差額,-0.008742666408472016,official
2008-01,m4,Motor vehicles and parts,汽車與零組件,-0.01,official
2008-01,m5,Furnishings and durable household equipment,家具與耐久家用設備,0.02,official
2008-01,m6,Recreational goods and vehicles,休閒商品與交通工具,0.0,official
2008-01,m7,Other durable goods,其他耐久財,0.0,official
2008-01,m9,Food and beverages purchased for off-premises consumption,食物與飲料（居家消費）,0.06,official
2008-01,m10,Clothing and footwear,服裝與鞋類,0.0,official
2008-01,m11,Gasoline and other energy goods,汽油與其他能源商品,0.03,official
2008-01,m12,Other nondurable goods,其他非耐久財,0.02,official
2008-01,m15,Housing and utilities,住宅與公用事業,0.03,official
2008-01,m16,Health care,醫療服務,0.01,official
2008-01,m17,Transportation services,運輸服務,0.02,official
2008-01,m18,Recreation services,休閒服務,0.02,official
2008-01,m19,Food services and accommodations,餐飲與住宿,0.03,official
2008-01,m20,Financial services and insurance,金融服務與保險,-0.01,official
2008-01,m21,Other services,其他服務,0.03,official
2008-01,m22,Final consumption expenditures of nonprofit institutions serving households,服務家庭之非營利機構淨消費,0.01,official
2008-01,residual,Residual,差額,-0.007681396617560177,official
2008-02,m4,Motor vehicles and parts,汽車與零組件,-0.02,official
2008-02,m5,Furnishings and durable household equipment,家具與耐久家用設備,0.0,official
2008-02,m6,Recreational goods and vehicles,休閒商品與交通工具,-0.01,official
2008-02,m7,Other durable goods,其他耐久財,0.02,official
2008-02,m9,Food and beverages purchased for off-premises consumption,食物與飲料（居家消費）,0.04,official
2008-02,m10,Clothing and footwear,服裝與鞋類,-0.02,official
2008-02,m11,Gasoline and other energy goods,汽油與其他能源商品,0.05,official
2008-02,m12,Other nondurable goods,其他非耐久財,0.01,official
2008-02,m15,Housing and utilities,住宅與公用事業,0.06,official
2008-02,m16,Health care,醫療服務,0.03,official
2008-02,m17,Transportation services,運輸服務,0.01,official
2008-02,m18,Recreation services,休閒服務,0.0,official
2008-02,m19,Food services and accommodations,餐飲與住宿,0.02,official
2008-02,m20,Financial services and insurance,金融服務與保險,-0.01,official
2008-02,m21,Other services,其他服務,0.03,official
2008-02,m22,Final consumption expenditures of nonprofit institutions serving households,服務家庭之非營利機構淨消費,0.0,official
2008-02,residual,Residual,差額,-0.010467088406685782,official
2008-03,m4,Motor vehicles and parts,汽車與零組件,0.0,official
2008-03,m5,Furnishings and durable household equipment,家具與耐久家用設備,0.01,official
2008-03,m6,Recreational goods and vehicles,休閒商品與交通工具,-0.02,official
2008-03,m7,Other durable goods,其他耐久財,0.01,official
2008-03,m9,Food and beverages purchased for off-premises consumption,食物與飲料（居家消費）,0.01,official
2008-03,m10,Clothing and footwear,服裝與鞋類,-0.02,official
2008-03,m11,Gasoline and other energy goods,汽油與其他能源商品,0.07,official
2008-03,m12,Other nondurable goods,其他非耐久財,0.03,official
2008-03,m15,Housing and utilities,住宅與公用事業,0.07,official
2008-03,m16,Health care,醫療服務,0.02,official
2008-03,m17,Transportation services,運輸服務,0.03,official
2008-03,m18,Recreation services,休閒服務,0.01,official
2008-03,m19,Food services and accommodations,餐飲與住宿,0.03,official
2008-03,m20,Financial services and insurance,金融服務與保險,-0.03,official
2008-03,m21,Other services,其他服務,0.04,official
2008-03,m22,Final consumption expenditures of nonprofit institutions serving households,服務家庭之非營利機構淨消費,0.03,official
2008-03,residual,Residual,差額,-0.0037426172750141262,official
2008-04,m4,Motor vehicles and parts,汽車與零組件,-0.02,official
2008-04,m5,Furnishings and durable household equipment,家具與耐久家用設備,-0.02,official
2008-04,m6,Recreational goods and vehicles,休閒商品與交通工具,-0.02,official
2008-04,m7,Other durable goods,其他耐久財,0.01,official
2008-04,m9,Food and beverages purchased for off-premises consumption,食物與飲料（居家消費）,0.1,official
2008-04,m10,Clothing and footwear,服裝與鞋類,0.01,official
2008-04,m11,Gasoline and other energy goods,汽油與其他能源商品,-0.02,official
2008-04,m12,Other nondurable goods,其他非耐久財,0.01,official
2008-04,m15,Housing and utilities,住宅與公用事業,0.09,official
2008-04,m16,Health care,醫療服務,0.03,official
2008-04,m17,Transportation services,運輸服務,0.0,official
2008-04,m18,Recreation services,休閒服務,0.01,official
2008-04,m19,Food services and accommodations,餐飲與住宿,0.0,official
2008-04,m20,Financial services and insurance,金融服務與保險,-0.05,official
2008-04,m21,Other services,其他服務,0.06,official
2008-04,m22,Final consumption expenditures of nonprofit institutions serving households,服務家庭之非營利機構淨消費,-0.02,official
2008-04,residual,Residual,差額,0.015028487617766595,official
2008-05,m4,Motor vehicles and parts,汽車與零組件,-0.01,official
2008-05,m5,Furnishings and durable household equipment,家具與耐久家用設備,0.0,official
2008-05,m6,Recreational goods and vehicles,休閒商品與交通工具,-0.01,official
2008-05,m7,Other durable goods,其他耐久財,0.0,official
2008-05,m9,Food and beverages purchased for off-premises consumption,食物與飲料（居家消費）,0.03,official
2008-05,m10,Clothing and footwear,服裝與鞋類,0.0,official
2008-05,m11,Gasoline and other energy goods,汽油與其他能源商品,0.19,official
2008-05,m12,Other nondurable goods,其他非耐久財,0.0,official
2008-05,m15,Housing and utilities,住宅與公用事業,0.08,official
2008-05,m16,Health care,醫療服務,0.02,official
2008-05,m17,Transportation services,運輸服務,0.05,official
2008-05,m18,Recreation services,休閒服務,0.01,official
2008-05,m19,Food services and accommodations,餐飲與住宿,0.02,official
2008-05,m20,Financial services and insurance,金融服務與保險,-0.01,official
2008-05,m21,Other services,其他服務,0.04,official
2008-05,m22,Final consumption expenditures of nonprofit institutions serving households,服務家庭之非營利機構淨消費,0.03,official
2008-05,residual,Residual,差額,-0.010941114201727553,official
2008-06,m4,Motor vehicles and parts,汽車與零組件,-0.01,official
2008-06,m5,Furnishings and durable household equipment,家具與耐久家用設備,0.0,official
2008-06,m6,Recreational goods and vehicles,休閒商品與交通工具,0.0,official
2008-06,m7,Other durable goods,其他耐久財,0.0,official
2008-06,m9,Food and beverages purchased for off-premises consumption,食物與飲料（居家消費）,0.05,official
2008-06,m10,Clothing and footwear,服裝與鞋類,-0.01,official
2008-06,m11,Gasoline and other energy goods,汽油與其他能源商品,0.43,official
2008-06,m12,Other nondurable goods,其他非耐久財,0.02,official
2008-06,m15,Housing and utilities,住宅與公用事業,0.09,official
2008-06,m16,Health care,醫療服務,0.02,official
2008-06,m17,Transportation services,運輸服務,0.03,official
2008-06,m18,Recreation services,休閒服務,0.01,official
2008-06,m19,Food services and accommodations,餐飲與住宿,0.02,official
2008-06,m20,Financial services and insurance,金融服務與保險,0.03,official
2008-06,m21,Other services,其他服務,0.03,official
2008-06,m22,Final consumption expenditures of nonprofit institutions serving households,服務家庭之非營利機構淨消費,0.01,official
2008-06,residual,Residual,差額,0.005498990805095749,official
2008-07,m4,Motor vehicles and parts,汽車與零組件,0.0,official
2008-07,m5,Furnishings and durable household equipment,家具與耐久家用設備,0.01,official
2008-07,m6,Recreational goods and vehicles,休閒商品與交通工具,-0.01,official
2008-07,m7,Other durable goods,其他耐久財,0.01,official
2008-07,m9,Food and beverages purchased for off-premises consumption,食物與飲料（居家消費）,0.09,official
2008-07,m10,Clothing and footwear,服裝與鞋類,0.01,official
2008-07,m11,Gasoline and other energy goods,汽油與其他能源商品,0.15,official
2008-07,m12,Other nondurable goods,其他非耐久財,0.01,official
2008-07,m15,Housing and utilities,住宅與公用事業,0.1,official
2008-07,m16,Health care,醫療服務,0.04,official
2008-07,m17,Transportation services,運輸服務,0.0,official
2008-07,m18,Recreation services,休閒服務,0.01,official
2008-07,m19,Food services and accommodations,餐飲與住宿,0.03,official
2008-07,m20,Financial services and insurance,金融服務與保險,-0.03,official
2008-07,m21,Other services,其他服務,0.03,official
2008-07,m22,Final consumption expenditures of nonprofit institutions serving households,服務家庭之非營利機構淨消費,0.0,official
2008-07,residual,Residual,差額,0.01533892927516084,official
2008-08,m4,Motor vehicles and parts,汽車與零組件,-0.01,official
2008-08,m5,Furnishings and durable household equipment,家具與耐久家用設備,0.01,official
2008-08,m6,Recreational goods and vehicles,休閒商品與交通工具,-0.02,official
2008-08,m7,Other durable goods,其他耐久財,0.0,official
2008-08,m9,Food and beverages purchased for off-premises consumption,食物與飲料（居家消費）,0.04,official
2008-08,m10,Clothing and footwear,服裝與鞋類,0.02,official
2008-08,m11,Gasoline and other energy goods,汽油與其他能源商品,-0.21,official
2008-08,m12,Other nondurable goods,其他非耐久財,0.02,official
2008-08,m15,Housing and utilities,住宅與公用事業,0.02,official
2008-08,m16,Health care,醫療服務,0.03,official
2008-08,m17,Transportation services,運輸服務,0.0,official
2008-08,m18,Recreation services,休閒服務,0.02,official
2008-08,m19,Food services and accommodations,餐飲與住宿,0.02,official
2008-08,m20,Financial services and insurance,金融服務與保險,-0.03,official
2008-08,m21,Other services,其他服務,0.02,official
2008-08,m22,Final consumption expenditures of nonprofit institutions serving households,服務家庭之非營利機構淨消費,0.0,official
2008-08,residual,Residual,差額,-0.010890908083564035,official
2008-09,m4,Motor vehicles and parts,汽車與零組件,-0.02,official
2008-09,m5,Furnishings and durable household equipment,家具與耐久家用設備,0.01,official
2008-09,m6,Recreational goods and vehicles,休閒商品與交通工具,-0.01,official
2008-09,m7,Other durable goods,其他耐久財,-0.01,official
2008-09,m9,Food and beverages purchased for off-premises consumption,食物與飲料（居家消費）,0.05,official
2008-09,m10,Clothing and footwear,服裝與鞋類,0.0,official
2008-09,m11,Gasoline and other energy goods,汽油與其他能源商品,0.0,official
2008-09,m12,Other nondurable goods,其他非耐久財,0.02,official
2008-09,m15,Housing and utilities,住宅與公用事業,-0.02,official
2008-09,m16,Health care,醫療服務,0.01,official
2008-09,m17,Transportation services,運輸服務,0.04,official
2008-09,m18,Recreation services,休閒服務,0.01,official
2008-09,m19,Food services and accommodations,餐飲與住宿,0.02,official
2008-09,m20,Financial services and insurance,金融服務與保險,-0.04,official
2008-09,m21,Other services,其他服務,0.01,official
2008-09,m22,Final consumption expenditures of nonprofit institutions serving households,服務家庭之非營利機構淨消費,0.01,official
2008-09,residual,Residual,差額,0.0031743778556548446,official
2008-10,m4,Motor vehicles and parts,汽車與零組件,-0.02,official
2008-10,m5,Furnishings and durable household equipment,家具與耐久家用設備,0.0,official
2008-10,m6,Recreational goods and vehicles,休閒商品與交通工具,0.0,official
2008-10,m7,Other durable goods,其他耐久財,0.01,official
2008-10,m9,Food and beverages purchased for off-premises consumption,食物與飲料（居家消費）,0.03,official
2008-10,m10,Clothing and footwear,服裝與鞋類,-0.02,official
2008-10,m11,Gasoline and other energy goods,汽油與其他能源商品,-0.55,official
2008-10,m12,Other nondurable goods,其他非耐久財,0.01,official
2008-10,m15,Housing and utilities,住宅與公用事業,0.01,official
2008-10,m16,Health care,醫療服務,0.04,official
2008-10,m17,Transportation services,運輸服務,0.01,official
2008-10,m18,Recreation services,休閒服務,-0.01,official
2008-10,m19,Food services and accommodations,餐飲與住宿,0.02,official
2008-10,m20,Financial services and insurance,金融服務與保險,-0.17,official
2008-10,m21,Other services,其他服務,0.02,official
2008-10,m22,Final consumption expenditures of nonprofit institutions serving households,服務家庭之非營利機構淨消費,-0.05,official
2008-10,residual,Residual,差額,0.009590235686503523,official
2008-11,m4,Motor vehicles and parts,汽車與零組件,-0.01,official
2008-11,m5,Furnishings and durable household equipment,家具與耐久家用設備,-0.01,official
2008-11,m6,Recreational goods and vehicles,休閒商品與交通工具,-0.02,official
2008-11,m7,Other durable goods,其他耐久財,-0.01,official
2008-11,m9,Food and beverages purchased for off-premises consumption,食物與飲料（居家消費）,0.02,official
2008-11,m10,Clothing and footwear,服裝與鞋類,0.0,official
2008-11,m11,Gasoline and other energy goods,汽油與其他能源商品,-1.13,official
2008-11,m12,Other nondurable goods,其他非耐久財,0.01,official
2008-11,m15,Housing and utilities,住宅與公用事業,0.02,official
2008-11,m16,Health care,醫療服務,0.03,official
2008-11,m17,Transportation services,運輸服務,-0.01,official
2008-11,m18,Recreation services,休閒服務,-0.02,official
2008-11,m19,Food services and accommodations,餐飲與住宿,0.02,official
2008-11,m20,Financial services and insurance,金融服務與保險,-0.11,official
2008-11,m21,Other services,其他服務,0.03,official
2008-11,m22,Final consumption expenditures of nonprofit institutions serving households,服務家庭之非營利機構淨消費,0.0,official
2008-11,residual,Residual,差額,0.009868155402623646,official
2008-12,m4,Motor vehicles and parts,汽車與零組件,-0.01,official
2008-12,m5,Furnishings and durable household equipment,家具與耐久家用設備,-0.01,official
2008-12,m6,Recreational goods and vehicles,休閒商品與交通工具,-0.02,official
2008-12,m7,Other durable goods,其他耐久財,0.0,official
2008-12,m9,Food and beverages purchased for off-premises consumption,食物與飲料（居家消費）,0.0,official
2008-12,m10,Clothing and footwear,服裝與鞋類,-0.02,official
2008-12,m11,Gasoline and other energy goods,汽油與其他能源商品,-0.51,official
2008-12,m12,Other nondurable goods,其他非耐久財,0.02,official
2008-12,m15,Housing and utilities,住宅與公用事業,0.01,official
2008-12,m16,Health care,醫療服務,0.03,official
2008-12,m17,Transportation services,運輸服務,0.0,official
2008-12,m18,Recreation services,休閒服務,-0.01,official
2008-12,m19,Food services and accommodations,餐飲與住宿,0.01,official
2008-12,m20,Financial services and insurance,金融服務與保險,-0.07,official
2008-12,m21,Other services,其他服務,0.02,official
2008-12,m22,Final consumption expenditures of nonprofit institutions serving households,服務家庭之非營利機構淨消費,0.01,official
2008-12,residual,Residual,差額,-0.00873488876096995,official
2009-01,m4,Motor vehicles and parts,汽車與零組件,0.0,official
2009-01,m5,Furnishings and durable household equipment,家具與耐久家用設備,0.01,official
2009-01,m6,Recreational goods and vehicles,休閒商品與交通工具,-0.02,official
2009-01,m7,Other durable goods,其他耐久財,0.0,official
2009-01,m9,Food and beverages purchased for off-premises consumption,食物與飲料（居家消費）,-0.01,official
2009-01,m10,Clothing and footwear,服裝與鞋類,0.0,official
2009-01,m11,Gasoline and other energy goods,汽油與其他能源商品,0.06,official
2009-01,m12,Other nondurable goods,其他非耐久財,0.03,official
2009-01,m15,Housing and utilities,住宅與公用事業,0.03,official
2009-01,m16,Health care,醫療服務,0.07,official
2009-01,m17,Transportation services,運輸服務,0.01,official
2009-01,m18,Recreation services,休閒服務,0.01,official
2009-01,m19,Food services and accommodations,餐飲與住宿,0.02,official
2009-01,m20,Financial services and insurance,金融服務與保險,-0.15,official
2009-01,m21,Other services,其他服務,0.0,official
2009-01,m22,Final consumption expenditures of nonprofit institutions serving households,服務家庭之非營利機構淨消費,-0.04,official
2009-01,residual,Residual,差額,-0.008649004517693449,official
2009-02,m4,Motor vehicles and parts,汽車與零組件,0.0,official
2009-02,m5,Furnishings and durable household equipment,家具與耐久家用設備,0.01,official
2009-02,m6,Recreational goods and vehicles,休閒商品與交通工具,-0.01,official
2009-02,m7,Other durable goods,其他耐久財,0.0,official
2009-02,m9,Food and beverages purchased for off-premises consumption,食物與飲料（居家消費）,-0.02,official
2009-02,m10,Clothing and footwear,服裝與鞋類,0.05,official
2009-02,m11,Gasoline and other energy goods,汽油與其他能源商品,0.15,official
2009-02,m12,Other nondurable goods,其他非耐久財,0.03,official
2009-02,m15,Housing and utilities,住宅與公用事業,0.0,official
2009-02,m16,Health care,醫療服務,0.03,official
2009-02,m17,Transportation services,運輸服務,-0.01,official
2009-02,m18,Recreation services,休閒服務,0.02,official
2009-02,m19,Food services and accommodations,餐飲與住宿,0.01,official
2009-02,m20,Financial services and insurance,金融服務與保險,-0.07,official
2009-02,m21,Other services,其他服務,0.0,official
2009-02,m22,Final consumption expenditures of nonprofit institutions serving households,服務家庭之非營利機構淨消費,0.0,official
2009-02,residual,Residual,差額,-0.010674626594629866,official
2009-03,m4,Motor vehicles and parts,汽車與零組件,-0.01,official
2009-03,m5,Furnishings and durable household equipment,家具與耐久家用設備,0.01,official
2009-03,m6,Recreational goods and vehicles,休閒商品與交通工具,-0.03,official
2009-03,m7,Other durable goods,其他耐久財,0.0,official
2009-03,m9,Food and beverages purchased for off-premises consumption,食物與飲料（居家消費）,-0.02,official
2009-03,m10,Clothing and footwear,服裝與鞋類,0.01,official
2009-03,m11,Gasoline and other energy goods,汽油與其他能源商品,-0.12,official
2009-03,m12,Other nondurable goods,其他非耐久財,0.11,official
2009-03,m15,Housing and utilities,住宅與公用事業,0.0,official
2009-03,m16,Health care,醫療服務,0.03,official
2009-03,m17,Transportation services,運輸服務,-0.01,official
2009-03,m18,Recreation services,休閒服務,0.0,official
2009-03,m19,Food services and accommodations,餐飲與住宿,0.0,official
2009-03,m20,Financial services and insurance,金融服務與保險,-0.07,official
2009-03,m21,Other services,其他服務,0.01,official
2009-03,m22,Final consumption expenditures of nonprofit institutions serving households,服務家庭之非營利機構淨消費,-0.03,official
2009-03,residual,Residual,差額,0.01010491015791748,official
2009-04,m4,Motor vehicles and parts,汽車與零組件,0.01,official
2009-04,m5,Furnishings and durable household equipment,家具與耐久家用設備,0.0,official
2009-04,m6,Recreational goods and vehicles,休閒商品與交通工具,-0.01,official
2009-04,m7,Other durable goods,其他耐久財,0.0,official
2009-04,m9,Food and beverages purchased for off-premises consumption,食物與飲料（居家消費）,-0.03,official
2009-04,m10,Clothing and footwear,服裝與鞋類,0.0,official
2009-04,m11,Gasoline and other energy goods,汽油與其他能源商品,0.02,official
2009-04,m12,Other nondurable goods,其他非耐久財,0.12,official
2009-04,m15,Housing and utilities,住宅與公用事業,-0.01,official
2009-04,m16,Health care,醫療服務,0.02,official
2009-04,m17,Transportation services,運輸服務,0.01,official
2009-04,m18,Recreation services,休閒服務,-0.02,official
2009-04,m19,Food services and accommodations,餐飲與住宿,0.01,official
2009-04,m20,Financial services and insurance,金融服務與保險,0.01,official
2009-04,m21,Other services,其他服務,0.01,official
2009-04,m22,Final consumption expenditures of nonprofit institutions serving households,服務家庭之非營利機構淨消費,0.02,official
2009-04,residual,Residual,差額,-0.01709262892852323,official
2009-05,m4,Motor vehicles and parts,汽車與零組件,0.01,official
2009-05,m5,Furnishings and durable household equipment,家具與耐久家用設備,0.0,official
2009-05,m6,Recreational goods and vehicles,休閒商品與交通工具,-0.02,official
2009-05,m7,Other durable goods,其他耐久財,0.0,official
2009-05,m9,Food and beverages purchased for off-premises consumption,食物與飲料（居家消費）,-0.03,official
2009-05,m10,Clothing and footwear,服裝與鞋類,0.0,official
2009-05,m11,Gasoline and other energy goods,汽油與其他能源商品,0.11,official
2009-05,m12,Other nondurable goods,其他非耐久財,0.02,official
2009-05,m15,Housing and utilities,住宅與公用事業,-0.01,official
2009-05,m16,Health care,醫療服務,0.05,official
2009-05,m17,Transportation services,運輸服務,-0.02,official
2009-05,m18,Recreation services,休閒服務,0.01,official
2009-05,m19,Food services and accommodations,餐飲與住宿,-0.01,official
2009-05,m20,Financial services and insurance,金融服務與保險,0.02,official
2009-05,m21,Other services,其他服務,0.01,official
2009-05,m22,Final consumption expenditures of nonprofit institutions serving households,服務家庭之非營利機構淨消費,-0.02,official
2009-05,residual,Residual,差額,-0.015803839401997602,official
2009-06,m4,Motor vehicles and parts,汽車與零組件,0.02,official
2009-06,m5,Furnishings and durable household equipment,家具與耐久家用設備,0.0,official
2009-06,m6,Recreational goods and vehicles,休閒商品與交通工具,-0.02,official
2009-06,m7,Other durable goods,其他耐久財,-0.01,official
2009-06,m9,Food and beverages purchased for off-premises consumption,食物與飲料（居家消費）,0.01,official
2009-06,m10,Clothing and footwear,服裝與鞋類,0.01,official
2009-06,m11,Gasoline and other energy goods,汽油與其他能源商品,0.47,official
2009-06,m12,Other nondurable goods,其他非耐久財,0.01,official
2009-06,m15,Housing and utilities,住宅與公用事業,0.01,official
2009-06,m16,Health care,醫療服務,0.03,official
2009-06,m17,Transportation services,運輸服務,-0.01,official
2009-06,m18,Recreation services,休閒服務,0.03,official
2009-06,m19,Food services and accommodations,餐飲與住宿,0.0,official
2009-06,m20,Financial services and insurance,金融服務與保險,0.03,official
2009-06,m21,Other services,其他服務,0.01,official
2009-06,m22,Final consumption expenditures of nonprofit institutions serving households,服務家庭之非營利機構淨消費,0.0,official
2009-06,residual,Residual,差額,0.003978752531487717,official
2009-07,m4,Motor vehicles and parts,汽車與零組件,0.0,official
2009-07,m5,Furnishings and durable household equipment,家具與耐久家用設備,-0.01,official
2009-07,m6,Recreational goods and vehicles,休閒商品與交通工具,-0.03,official
2009-07,m7,Other durable goods,其他耐久財,0.0,official
2009-07,m9,Food and beverages purchased for off-premises consumption,食物與飲料（居家消費）,-0.03,official
2009-07,m10,Clothing and footwear,服裝與鞋類,-0.01,official
2009-07,m11,Gasoline and other energy goods,汽油與其他能源商品,-0.02,official
2009-07,m12,Other nondurable goods,其他非耐久財,0.03,official
2009-07,m15,Housing and utilities,住宅與公用事業,-0.01,official
2009-07,m16,Health care,醫療服務,0.02,official
2009-07,m17,Transportation services,運輸服務,0.02,official
2009-07,m18,Recreation services,休閒服務,0.0,official
2009-07,m19,Food services and accommodations,餐飲與住宿,-0.01,official
2009-07,m20,Financial services and insurance,金融服務與保險,0.03,official
2009-07,m21,Other services,其他服務,0.02,official
2009-07,m22,Final consumption expenditures of nonprofit institutions serving households,服務家庭之非營利機構淨消費,0.01,official
2009-07,residual,Residual,差額,0.0012470757603011504,official
2009-08,m4,Motor vehicles and parts,汽車與零組件,0.01,official
2009-08,m5,Furnishings and durable household equipment,家具與耐久家用設備,-0.03,official
2009-08,m6,Recreational goods and vehicles,休閒商品與交通工具,-0.02,official
2009-08,m7,Other durable goods,其他耐久財,-0.01,official
2009-08,m9,Food and beverages purchased for off-premises consumption,食物與飲料（居家消費）,0.0,official
2009-08,m10,Clothing and footwear,服裝與鞋類,0.01,official
2009-08,m11,Gasoline and other energy goods,汽油與其他能源商品,0.16,official
2009-08,m12,Other nondurable goods,其他非耐久財,0.01,official
2009-08,m15,Housing and utilities,住宅與公用事業,0.01,official
2009-08,m16,Health care,醫療服務,0.06,official
2009-08,m17,Transportation services,運輸服務,0.03,official
2009-08,m18,Recreation services,休閒服務,0.02,official
2009-08,m19,Food services and accommodations,餐飲與住宿,0.01,official
2009-08,m20,Financial services and insurance,金融服務與保險,0.02,official
2009-08,m21,Other services,其他服務,0.02,official
2009-08,m22,Final consumption expenditures of nonprofit institutions serving households,服務家庭之非營利機構淨消費,-0.02,official
2009-08,residual,Residual,差額,0.010141922134012882,official
2009-09,m4,Motor vehicles and parts,汽車與零組件,0.04,official
2009-09,m5,Furnishings and durable household equipment,家具與耐久家用設備,0.01,official
2009-09,m6,Recreational goods and vehicles,休閒商品與交通工具,-0.03,official
2009-09,m7,Other durable goods,其他耐久財,0.01,official
2009-09,m9,Food and beverages purchased for off-premises consumption,食物與飲料（居家消費）,-0.02,official
2009-09,m10,Clothing and footwear,服裝與鞋類,0.01,official
2009-09,m11,Gasoline and other energy goods,汽油與其他能源商品,0.03,official
2009-09,m12,Other nondurable goods,其他非耐久財,0.03,official
2009-09,m15,Housing and utilities,住宅與公用事業,-0.01,official
2009-09,m16,Health care,醫療服務,0.0,official
2009-09,m17,Transportation services,運輸服務,0.01,official
2009-09,m18,Recreation services,休閒服務,0.0,official
2009-09,m19,Food services and accommodations,餐飲與住宿,0.01,official
2009-09,m20,Financial services and insurance,金融服務與保險,0.02,official
2009-09,m21,Other services,其他服務,0.03,official
2009-09,m22,Final consumption expenditures of nonprofit institutions serving households,服務家庭之非營利機構淨消費,0.02,official
2009-09,residual,Residual,差額,0.001471181879324629,official
2009-10,m4,Motor vehicles and parts,汽車與零組件,0.04,official
2009-10,m5,Furnishings and durable household equipment,家具與耐久家用設備,-0.01,official
2009-10,m6,Recreational goods and vehicles,休閒商品與交通工具,-0.01,official
2009-10,m7,Other durable goods,其他耐久財,0.01,official
2009-10,m9,Food and beverages purchased for off-premises consumption,食物與飲料（居家消費）,0.01,official
2009-10,m10,Clothing and footwear,服裝與鞋類,-0.01,official
2009-10,m11,Gasoline and other energy goods,汽油與其他能源商品,0.04,official
2009-10,m12,Other nondurable goods,其他非耐久財,0.01,official
2009-10,m15,Housing and utilities,住宅與公用事業,0.01,official
2009-10,m16,Health care,醫療服務,0.1,official
2009-10,m17,Transportation services,運輸服務,0.01,official
2009-10,m18,Recreation services,休閒服務,0.0,official
2009-10,m19,Food services and accommodations,餐飲與住宿,0.02,official
2009-10,m20,Financial services and insurance,金融服務與保險,0.16,official
2009-10,m21,Other services,其他服務,0.04,official
2009-10,m22,Final consumption expenditures of nonprofit institutions serving households,服務家庭之非營利機構淨消費,-0.03,official
2009-10,residual,Residual,差額,-0.010482737002369347,official
2009-11,m4,Motor vehicles and parts,汽車與零組件,0.03,official
2009-11,m5,Furnishings and durable household equipment,家具與耐久家用設備,-0.01,official
2009-11,m6,Recreational goods and vehicles,休閒商品與交通工具,-0.01,official
2009-11,m7,Other durable goods,其他耐久財,0.0,official
2009-11,m9,Food and beverages purchased for off-premises consumption,食物與飲料（居家消費）,0.0,official
2009-11,m10,Clothing and footwear,服裝與鞋類,-0.02,official
2009-11,m11,Gasoline and other energy goods,汽油與其他能源商品,0.14,official
2009-11,m12,Other nondurable goods,其他非耐久財,0.0,official
2009-11,m15,Housing and utilities,住宅與公用事業,0.01,official
2009-11,m16,Health care,醫療服務,0.04,official
2009-11,m17,Transportation services,運輸服務,0.02,official
2009-11,m18,Recreation services,休閒服務,0.01,official
2009-11,m19,Food services and accommodations,餐飲與住宿,0.0,official
2009-11,m20,Financial services and insurance,金融服務與保險,0.04,official
2009-11,m21,Other services,其他服務,0.02,official
2009-11,m22,Final consumption expenditures of nonprofit institutions serving households,服務家庭之非營利機構淨消費,-0.01,official
2009-11,residual,Residual,差額,-0.010175657740647326,official
2009-12,m4,Motor vehicles and parts,汽車與零組件,0.02,official
2009-12,m5,Furnishings and durable household equipment,家具與耐久家用設備,0.0,official
2009-12,m6,Recreational goods and vehicles,休閒商品與交通工具,-0.02,official
2009-12,m7,Other durable goods,其他耐久財,-0.01,official
2009-12,m9,Food and beverages purchased for off-premises consumption,食物與飲料（居家消費）,0.01,official
2009-12,m10,Clothing and footwear,服裝與鞋類,0.01,official
2009-12,m11,Gasoline and other energy goods,汽油與其他能源商品,-0.02,official
2009-12,m12,Other nondurable goods,其他非耐久財,0.0,official
2009-12,m15,Housing and utilities,住宅與公用事業,-0.01,official
2009-12,m16,Health care,醫療服務,0.03,official
2009-12,m17,Transportation services,運輸服務,0.01,official
2009-12,m18,Recreation services,休閒服務,-0.01,official
2009-12,m19,Food services and accommodations,餐飲與住宿,0.01,official
2009-12,m20,Financial services and insurance,金融服務與保險,0.03,official
2009-12,m21,Other services,其他服務,0.02,official
2009-12,m22,Final consumption expenditures of nonprofit institutions serving households,服務家庭之非營利機構淨消費,0.0,official
2009-12,residual,Residual,差額,-0.012149587815820581,official
2010-01,m4,Motor vehicles and parts,汽車與零組件,0.01,official
2010-01,m5,Furnishings and durable household equipment,家具與耐久家用設備,0.0,official
2010-01,m6,Recreational goods and vehicles,休閒商品與交通工具,-0.01,official
2010-01,m7,Other durable goods,其他耐久財,-0.01,official
2010-01,m9,Food and beverages purchased for off-premises consumption,食物與飲料（居家消費）,0.01,official
2010-01,m10,Clothing and footwear,服裝與鞋類,-0.01,official
2010-01,m11,Gasoline and other energy goods,汽油與其他能源商品,0.08,official
2010-01,m12,Other nondurable goods,其他非耐久財,0.01,official
2010-01,m15,Housing and utilities,住宅與公用事業,0.0,official
2010-01,m16,Health care,醫療服務,0.03,official
2010-01,m17,Transportation services,運輸服務,0.0,official
2010-01,m18,Recreation services,休閒服務,0.0,official
2010-01,m19,Food services and accommodations,餐飲與住宿,0.01,official
2010-01,m20,Financial services and insurance,金融服務與保險,0.08,official
2010-01,m21,Other services,其他服務,0.01,official
2010-01,m22,Final consumption expenditures of nonprofit institutions serving households,服務家庭之非營利機構淨消費,0.01,official
2010-01,residual,Residual,差額,-0.0009626524644555101,official
2010-02,m4,Motor vehicles and parts,汽車與零組件,0.0,official
2010-02,m5,Furnishings and durable household equipment,家具與耐久家用設備,-0.02,official
2010-02,m6,Recreational goods and vehicles,休閒商品與交通工具,-0.02,official
2010-02,m7,Other durable goods,其他耐久財,-0.01,official
2010-02,m9,Food and beverages purchased for off-premises consumption,食物與飲料（居家消費）,0.01,official
2010-02,m10,Clothing and footwear,服裝與鞋類,0.01,official
2010-02,m11,Gasoline and other energy goods,汽油與其他能源商品,-0.08,official
2010-02,m12,Other nondurable goods,其他非耐久財,0.01,official
2010-02,m15,Housing and utilities,住宅與公用事業,0.0,official
2010-02,m16,Health care,醫療服務,0.03,official
2010-02,m17,Transportation services,運輸服務,0.0,official
2010-02,m18,Recreation services,休閒服務,0.0,official
2010-02,m19,Food services and accommodations,餐飲與住宿,0.0,official
2010-02,m20,Financial services and insurance,金融服務與保險,0.05,official
2010-02,m21,Other services,其他服務,0.01,official
2010-02,m22,Final consumption expenditures of nonprofit institutions serving households,服務家庭之非營利機構淨消費,0.0,official
2010-02,residual,Residual,差額,0.00778113073578556,official
2010-03,m4,Motor vehicles and parts,汽車與零組件,-0.01,official
2010-03,m5,Furnishings and durable household equipment,家具與耐久家用設備,-0.01,official
2010-03,m6,Recreational goods and vehicles,休閒商品與交通工具,-0.01,official
2010-03,m7,Other durable goods,其他耐久財,0.0,official
2010-03,m9,Food and beverages purchased for off-premises consumption,食物與飲料（居家消費）,0.02,official
2010-03,m10,Clothing and footwear,服裝與鞋類,0.0,official
2010-03,m11,Gasoline and other energy goods,汽油與其他能源商品,-0.03,official
2010-03,m12,Other nondurable goods,其他非耐久財,0.01,official
2010-03,m15,Housing and utilities,住宅與公用事業,0.02,official
2010-03,m16,Health care,醫療服務,0.04,official
2010-03,m17,Transportation services,運輸服務,0.01,official
2010-03,m18,Recreation services,休閒服務,-0.01,official
2010-03,m19,Food services and accommodations,餐飲與住宿,0.01,official
2010-03,m20,Financial services and insurance,金融服務與保險,0.07,official
2010-03,m21,Other services,其他服務,0.04,official
2010-03,m22,Final consumption expenditures of nonprofit institutions serving households,服務家庭之非營利機構淨消費,-0.01,official
2010-03,residual,Residual,差額,0.0009013246943313513,official
2010-04,m4,Motor vehicles and parts,汽車與零組件,-0.01,official
2010-04,m5,Furnishings and durable household equipment,家具與耐久家用設備,-0.01,official
2010-04,m6,Recreational goods and vehicles,休閒商品與交通工具,-0.02,official
2010-04,m7,Other durable goods,其他耐久財,0.0,official
2010-04,m9,Food and beverages purchased for off-premises consumption,食物與飲料（居家消費）,0.01,official
2010-04,m10,Clothing and footwear,服裝與鞋類,-0.02,official
2010-04,m11,Gasoline and other energy goods,汽油與其他能源商品,0.0,official
2010-04,m12,Other nondurable goods,其他非耐久財,-0.01,official
2010-04,m15,Housing and utilities,住宅與公用事業,0.0,official
2010-04,m16,Health care,醫療服務,0.03,official
2010-04,m17,Transportation services,運輸服務,0.0,official
2010-04,m18,Recreation services,休閒服務,0.02,official
2010-04,m19,Food services and accommodations,餐飲與住宿,0.01,official
2010-04,m20,Financial services and insurance,金融服務與保險,0.03,official
2010-04,m21,Other services,其他服務,0.02,official
2010-04,m22,Final consumption expenditures of nonprofit institutions serving households,服務家庭之非營利機構淨消費,-0.01,official
2010-04,residual,Residual,差額,0.014287012109344174,official
2010-05,m4,Motor vehicles and parts,汽車與零組件,0.0,official
2010-05,m5,Furnishings and durable household equipment,家具與耐久家用設備,0.0,official
2010-05,m6,Recreational goods and vehicles,休閒商品與交通工具,-0.03,official
2010-05,m7,Other durable goods,其他耐久財,0.01,official
2010-05,m9,Food and beverages purchased for off-premises consumption,食物與飲料（居家消費）,0.0,official
2010-05,m10,Clothing and footwear,服裝與鞋類,0.0,official
2010-05,m11,Gasoline and other energy goods,汽油與其他能源商品,-0.06,official
2010-05,m12,Other nondurable goods,其他非耐久財,0.0,official
2010-05,m15,Housing and utilities,住宅與公用事業,0.01,official
2010-05,m16,Health care,醫療服務,0.01,official
2010-05,m17,Transportation services,運輸服務,0.01,official
2010-05,m18,Recreation services,休閒服務,0.01,official
2010-05,m19,Food services and accommodations,餐飲與住宿,0.01,official
2010-05,m20,Financial services and insurance,金融服務與保險,0.06,official
2010-05,m21,Other services,其他服務,0.01,official
2010-05,m22,Final consumption expenditures of nonprofit institutions serving households,服務家庭之非營利機構淨消費,0.0,official
2010-05,residual,Residual,差額,-0.007888384453562623,official
2010-06,m4,Motor vehicles and parts,汽車與零組件,0.01,official
2010-06,m5,Furnishings and durable household equipment,家具與耐久家用設備,-0.02,official
2010-06,m6,Recreational goods and vehicles,休閒商品與交通工具,-0.03,official
2010-06,m7,Other durable goods,其他耐久財,0.0,official
2010-06,m9,Food and beverages purchased for off-premises consumption,食物與飲料（居家消費）,-0.01,official
2010-06,m10,Clothing and footwear,服裝與鞋類,0.0,official
2010-06,m11,Gasoline and other energy goods,汽油與其他能源商品,-0.07,official
2010-06,m12,Other nondurable goods,其他非耐久財,0.01,official
2010-06,m15,Housing and utilities,住宅與公用事業,0.0,official
2010-06,m16,Health care,醫療服務,0.04,official
2010-06,m17,Transportation services,運輸服務,0.0,official
2010-06,m18,Recreation services,休閒服務,0.01,official
2010-06,m19,Food services and accommodations,餐飲與住宿,0.01,official
2010-06,m20,Financial services and insurance,金融服務與保險,0.0,official
2010-06,m21,Other services,其他服務,0.01,official
2010-06,m22,Final consumption expenditures of nonprofit institutions serving households,服務家庭之非營利機構淨消費,-0.01,official
2010-06,residual,Residual,差額,0.007936218023224487,official
2010-07,m4,Motor vehicles and parts,汽車與零組件,-0.01,official
2010-07,m5,Furnishings and durable household equipment,家具與耐久家用設備,-0.01,official
2010-07,m6,Recreational goods and vehicles,休閒商品與交通工具,-0.02,official
2010-07,m7,Other durable goods,其他耐久財,-0.01,official
2010-07,m9,Food and beverages purchased for off-premises consumption,食物與飲料（居家消費）,0.0,official
2010-07,m10,Clothing and footwear,服裝與鞋類,0.0,official
2010-07,m11,Gasoline and other energy goods,汽油與其他能源商品,0.07,official
2010-07,m12,Other nondurable goods,其他非耐久財,0.0,official
2010-07,m15,Housing and utilities,住宅與公用事業,0.02,official
2010-07,m16,Health care,醫療服務,0.01,official
2010-07,m17,Transportation services,運輸服務,0.01,official
2010-07,m18,Recreation services,休閒服務,0.01,official
2010-07,m19,Food services and accommodations,餐飲與住宿,0.0,official
2010-07,m20,Financial services and insurance,金融服務與保險,-0.02,official
2010-07,m21,Other services,其他服務,0.02,official
2010-07,m22,Final consumption expenditures of nonprofit institutions serving households,服務家庭之非營利機構淨消費,0.02,official
2010-07,residual,Residual,差額,-0.0047296264714768305,official
2010-08,m4,Motor vehicles and parts,汽車與零組件,0.01,official
2010-08,m5,Furnishings and durable household equipment,家具與耐久家用設備,-0.01,official
2010-08,m6,Recreational goods and vehicles,休閒商品與交通工具,0.0,official
2010-08,m7,Other durable goods,其他耐久財,0.01,official
2010-08,m9,Food and beverages purchased for off-premises consumption,食物與飲料（居家消費）,0.0,official
2010-08,m10,Clothing and footwear,服裝與鞋類,-0.02,official
2010-08,m11,Gasoline and other energy goods,汽油與其他能源商品,0.05,official
2010-08,m12,Other nondurable goods,其他非耐久財,0.02,official
2010-08,m15,Housing and utilities,住宅與公用事業,0.01,official
2010-08,m16,Health care,醫療服務,0.03,official
2010-08,m17,Transportation services,運輸服務,-0.01,official
2010-08,m18,Recreation services,休閒服務,0.0,official
2010-08,m19,Food services and accommodations,餐飲與住宿,0.01,official
2010-08,m20,Financial services and insurance,金融服務與保險,0.03,official
2010-08,m21,Other services,其他服務,0.01,official
2010-08,m22,Final consumption expenditures of nonprofit institutions serving households,服務家庭之非營利機構淨消費,-0.01,official
2010-08,residual,Residual,差額,0.007201531346109458,official
2010-09,m4,Motor vehicles and parts,汽車與零組件,0.01,official
2010-09,m5,Furnishings and durable household equipment,家具與耐久家用設備,-0.01,official
2010-09,m6,Recreational goods and vehicles,休閒商品與交通工具,-0.01,official
2010-09,m7,Other durable goods,其他耐久財,0.0,official
2010-09,m9,Food and beverages purchased for off-premises consumption,食物與飲料（居家消費）,0.02,official
2010-09,m10,Clothing and footwear,服裝與鞋類,0.01,official
2010-09,m11,Gasoline and other energy goods,汽油與其他能源商品,0.04,official
2010-09,m12,Other nondurable goods,其他非耐久財,0.01,official
2010-09,m15,Housing and utilities,住宅與公用事業,0.0,official
2010-09,m16,Health care,醫療服務,0.03,official
2010-09,m17,Transportation services,運輸服務,-0.01,official
2010-09,m18,Recreation services,休閒服務,-0.01,official
2010-09,m19,Food services and accommodations,餐飲與住宿,0.02,official
2010-09,m20,Financial services and insurance,金融服務與保險,-0.01,official
2010-09,m21,Other services,其他服務,0.02,official
2010-09,m22,Final consumption expenditures of nonprofit institutions serving households,服務家庭之非營利機構淨消費,0.0,official
2010-09,residual,Residual,差額,-0.010554683874376317,official
2010-10,m4,Motor vehicles and parts,汽車與零組件,0.0,official
2010-10,m5,Furnishings and durable household equipment,家具與耐久家用設備,0.0,official
2010-10,m6,Recreational goods and vehicles,休閒商品與交通工具,-0.01,official
2010-10,m7,Other durable goods,其他耐久財,0.0,official
2010-10,m9,Food and beverages purchased for off-premises consumption,食物與飲料（居家消費）,0.0,official
2010-10,m10,Clothing and footwear,服裝與鞋類,-0.01,official
2010-10,m11,Gasoline and other energy goods,汽油與其他能源商品,0.18,official
2010-10,m12,Other nondurable goods,其他非耐久財,0.0,official
2010-10,m15,Housing and utilities,住宅與公用事業,0.01,official
2010-10,m16,Health care,醫療服務,0.02,official
2010-10,m17,Transportation services,運輸服務,0.01,official
2010-10,m18,Recreation services,休閒服務,0.0,official
2010-10,m19,Food services and accommodations,餐飲與住宿,0.01,official
2010-10,m20,Financial services and insurance,金融服務與保險,0.09,official
2010-10,m21,Other services,其他服務,0.0,official
2010-10,m22,Final consumption expenditures of nonprofit institutions serving households,服務家庭之非營利機構淨消費,0.01,official
2010-10,residual,Residual,差額,0.009012716354638572,official
2010-11,m4,Motor vehicles and parts,汽車與零組件,0.01,official
2010-11,m5,Furnishings and durable household equipment,家具與耐久家用設備,-0.02,official
2010-11,m6,Recreational goods and vehicles,休閒商品與交通工具,-0.01,official
2010-11,m7,Other durable goods,其他耐久財,0.02,official
2010-11,m9,Food and beverages purchased for off-premises consumption,食物與飲料（居家消費）,0.01,official
2010-11,m10,Clothing and footwear,服裝與鞋類,0.0,official
2010-11,m11,Gasoline and other energy goods,汽油與其他能源商品,0.09,official
2010-11,m12,Other nondurable goods,其他非耐久財,0.02,official
2010-11,m15,Housing and utilities,住宅與公用事業,0.01,official
2010-11,m16,Health care,醫療服務,0.02,official
2010-11,m17,Transportation services,運輸服務,0.02,official
2010-11,m18,Recreation services,休閒服務,0.01,official
2010-11,m19,Food services and accommodations,餐飲與住宿,0.01,official
2010-11,m20,Financial services and insurance,金融服務與保險,0.01,official
2010-11,m21,Other services,其他服務,0.01,official
2010-11,m22,Final consumption expenditures of nonprofit institutions serving households,服務家庭之非營利機構淨消費,0.0,official
2010-11,residual,Residual,差額,-0.010838459083851532,official
2010-12,m4,Motor vehicles and parts,汽車與零組件,0.01,official
2010-12,m5,Furnishings and durable household equipment,家具與耐久家用設備,0.0,official
2010-12,m6,Recreational goods and vehicles,休閒商品與交通工具,-0.04,official
2010-12,m7,Other durable goods,其他耐久財,0.01,official
2010-12,m9,Food and beverages purchased for off-premises consumption,食物與飲料（居家消費）,0.01,official
2010-12,m10,Clothing and footwear,服裝與鞋類,0.0,official
2010-12,m11,Gasoline and other energy goods,汽油與其他能源商品,0.19,official
2010-12,m12,Other nondurable goods,其他非耐久財,0.0,official
2010-12,m15,Housing and utilities,住宅與公用事業,0.03,official
2010-12,m16,Health care,醫療服務,0.01,official
2010-12,m17,Transportation services,運輸服務,0.01,official
2010-12,m18,Recreation services,休閒服務,0.0,official
2010-12,m19,Food services and accommodations,餐飲與住宿,0.01,official
2010-12,m20,Financial services and insurance,金融服務與保險,-0.04,official
2010-12,m21,Other services,其他服務,0.0,official
2010-12,m22,Final consumption expenditures of nonprofit institutions serving households,服務家庭之非營利機構淨消費,0.03,official
2010-12,residual,Residual,差額,-0.0037805011969847258,official
2011-01,m4,Motor vehicles and parts,汽車與零組件,0.02,official
2011-01,m5,Furnishings and durable household equipment,家具與耐久家用設備,0.01,official
2011-01,m6,Recreational goods and vehicles,休閒商品與交通工具,-0.01,official
2011-01,m7,Other durable goods,其他耐久財,0.01,official
2011-01,m9,Food and beverages purchased for off-premises consumption,食物與飲料（居家消費）,0.05,official
2011-01,m10,Clothing and footwear,服裝與鞋類,0.01,official
2011-01,m11,Gasoline and other energy goods,汽油與其他能源商品,0.07,official
2011-01,m12,Other nondurable goods,其他非耐久財,0.01,official
2011-01,m15,Housing and utilities,住宅與公用事業,0.02,official
2011-01,m16,Health care,醫療服務,0.0,official
2011-01,m17,Transportation services,運輸服務,0.02,official
2011-01,m18,Recreation services,休閒服務,0.01,official
2011-01,m19,Food services and accommodations,餐飲與住宿,0.02,official
2011-01,m20,Financial services and insurance,金融服務與保險,0.05,official
2011-01,m21,Other services,其他服務,0.01,official
2011-01,m22,Final consumption expenditures of nonprofit institutions serving households,服務家庭之非營利機構淨消費,0.01,official
2011-01,residual,Residual,差額,-0.009785247841510303,official
2011-02,m4,Motor vehicles and parts,汽車與零組件,0.01,official
2011-02,m5,Furnishings and durable household equipment,家具與耐久家用設備,0.0,official
2011-02,m6,Recreational goods and vehicles,休閒商品與交通工具,0.0,official
2011-02,m7,Other durable goods,其他耐久財,0.01,official
2011-02,m9,Food and beverages purchased for off-premises consumption,食物與飲料（居家消費）,0.05,official
2011-02,m10,Clothing and footwear,服裝與鞋類,0.0,official
2011-02,m11,Gasoline and other energy goods,汽油與其他能源商品,0.07,official
2011-02,m12,Other nondurable goods,其他非耐久財,0.02,official
2011-02,m15,Housing and utilities,住宅與公用事業,0.04,official
2011-02,m16,Health care,醫療服務,0.05,official
2011-02,m17,Transportation services,運輸服務,0.02,official
2011-02,m18,Recreation services,休閒服務,0.01,official
2011-02,m19,Food services and accommodations,餐飲與住宿,0.0,official
2011-02,m20,Financial services and insurance,金融服務與保險,0.0,official
2011-02,m21,Other services,其他服務,0.02,official
2011-02,m22,Final consumption expenditures of nonprofit institutions serving households,服務家庭之非營利機構淨消費,0.0,official
2011-02,residual,Residual,差額,-0.021439339319650752,official
2011-03,m4,Motor vehicles and parts,汽車與零組件,0.0,official
2011-03,m5,Furnishings and durable household equipment,家具與耐久家用設備,-0.01,official
2011-03,m6,Recreational goods and vehicles,休閒商品與交通工具,-0.02,official
2011-03,m7,Other durable goods,其他耐久財,0.0,official
2011-03,m9,Food and beverages purchased for off-premises consumption,食物與飲料（居家消費）,0.07,official
2011-03,m10,Clothing and footwear,服裝與鞋類,-0.01,official
2011-03,m11,Gasoline and other energy goods,汽油與其他能源商品,0.2,official
2011-03,m12,Other nondurable goods,其他非耐久財,0.02,official
2011-03,m15,Housing and utilities,住宅與公用事業,0.03,official
2011-03,m16,Health care,醫療服務,0.03,official
2011-03,m17,Transportation services,運輸服務,0.03,official
2011-03,m18,Recreation services,休閒服務,0.01,official
2011-03,m19,Food services and accommodations,餐飲與住宿,0.02,official
2011-03,m20,Financial services and insurance,金融服務與保險,0.03,official
2011-03,m21,Other services,其他服務,0.01,official
2011-03,m22,Final consumption expenditures of nonprofit institutions serving households,服務家庭之非營利機構淨消費,0.0,official
2011-03,residual,Residual,差額,-0.008026079283630305,official
2011-04,m4,Motor vehicles and parts,汽車與零組件,0.02,official
2011-04,m5,Furnishings and durable household equipment,家具與耐久家用設備,0.01,official
2011-04,m6,Recreational goods and vehicles,休閒商品與交通工具,-0.01,official
2011-04,m7,Other durable goods,其他耐久財,0.01,official
2011-04,m9,Food and beverages purchased for off-premises consumption,食物與飲料（居家消費）,0.03,official
2011-04,m10,Clothing and footwear,服裝與鞋類,0.0,official
2011-04,m11,Gasoline and other energy goods,汽油與其他能源商品,0.19,official
2011-04,m12,Other nondurable goods,其他非耐久財,0.03,official
2011-04,m15,Housing and utilities,住宅與公用事業,0.03,official
2011-04,m16,Health care,醫療服務,0.03,official
2011-04,m17,Transportation services,運輸服務,-0.01,official
2011-04,m18,Recreation services,休閒服務,0.01,official
2011-04,m19,Food services and accommodations,餐飲與住宿,0.02,official
2011-04,m20,Financial services and insurance,金融服務與保險,0.06,official
2011-04,m21,Other services,其他服務,0.02,official
2011-04,m22,Final consumption expenditures of nonprofit institutions serving households,服務家庭之非營利機構淨消費,0.0,official
2011-04,residual,Residual,差額,-0.015765466657983895,official
2011-05,m4,Motor vehicles and parts,汽車與零組件,0.02,official
2011-05,m5,Furnishings and durable household equipment,家具與耐久家用設備,0.01,official
2011-05,m6,Recreational goods and vehicles,休閒商品與交通工具,-0.02,official
2011-05,m7,Other durable goods,其他耐久財,0.0,official
2011-05,m9,Food and beverages purchased for off-premises consumption,食物與飲料（居家消費）,0.03,official
2011-05,m10,Clothing and footwear,服裝與鞋類,0.03,official
2011-05,m11,Gasoline and other energy goods,汽油與其他能源商品,0.05,official
2011-05,m12,Other nondurable goods,其他非耐久財,0.01,official
2011-05,m15,Housing and utilities,住宅與公用事業,0.03,official
2011-05,m16,Health care,醫療服務,0.03,official
2011-05,m17,Transportation services,運輸服務,0.02,official
2011-05,m18,Recreation services,休閒服務,0.02,official
2011-05,m19,Food services and accommodations,餐飲與住宿,0.01,official
2011-05,m20,Financial services and insurance,金融服務與保險,0.01,official
2011-05,m21,Other services,其他服務,0.03,official
2011-05,m22,Final consumption expenditures of nonprofit institutions serving households,服務家庭之非營利機構淨消費,0.02,official
2011-05,residual,Residual,差額,0.0035967025724506496,official
2011-06,m4,Motor vehicles and parts,汽車與零組件,0.02,official
2011-06,m5,Furnishings and durable household equipment,家具與耐久家用設備,0.01,official
2011-06,m6,Recreational goods and vehicles,休閒商品與交通工具,-0.02,official
2011-06,m7,Other durable goods,其他耐久財,0.0,official
2011-06,m9,Food and beverages purchased for off-premises consumption,食物與飲料（居家消費）,0.02,official
2011-06,m10,Clothing and footwear,服裝與鞋類,0.02,official
2011-06,m11,Gasoline and other energy goods,汽油與其他能源商品,-0.12,official
2011-06,m12,Other nondurable goods,其他非耐久財,0.0,official
2011-06,m15,Housing and utilities,住宅與公用事業,0.02,official
2011-06,m16,Health care,醫療服務,0.03,official
2011-06,m17,Transportation services,運輸服務,-0.01,official
2011-06,m18,Recreation services,休閒服務,0.0,official
2011-06,m19,Food services and accommodations,餐飲與住宿,0.04,official
2011-06,m20,Financial services and insurance,金融服務與保險,0.0,official
2011-06,m21,Other services,其他服務,0.01,official
2011-06,m22,Final consumption expenditures of nonprofit institutions serving households,服務家庭之非營利機構淨消費,-0.02,official
2011-06,residual,Residual,差額,-0.020465757556165094,official
2011-07,m4,Motor vehicles and parts,汽車與零組件,0.0,official
2011-07,m5,Furnishings and durable household equipment,家具與耐久家用設備,0.0,official
2011-07,m6,Recreational goods and vehicles,休閒商品與交通工具,-0.01,official
2011-07,m7,Other durable goods,其他耐久財,0.0,official
2011-07,m9,Food and beverages purchased for off-premises consumption,食物與飲料（居家消費）,0.03,official
2011-07,m10,Clothing and footwear,服裝與鞋類,0.02,official
2011-07,m11,Gasoline and other energy goods,汽油與其他能源商品,0.0,official
2011-07,m12,Other nondurable goods,其他非耐久財,0.0,official
2011-07,m15,Housing and utilities,住宅與公用事業,0.05,official
2011-07,m16,Health care,醫療服務,0.02,official
2011-07,m17,Transportation services,運輸服務,0.0,official
2011-07,m18,Recreation services,休閒服務,0.0,official
2011-07,m19,Food services and accommodations,餐飲與住宿,0.03,official
2011-07,m20,Financial services and insurance,金融服務與保險,0.01,official
2011-07,m21,Other services,其他服務,0.01,official
2011-07,m22,Final consumption expenditures of nonprofit institutions serving households,服務家庭之非營利機構淨消費,0.02,official
2011-07,residual,Residual,差額,-0.009776231159561555,official
2011-08,m4,Motor vehicles and parts,汽車與零組件,0.01,official
2011-08,m5,Furnishings and durable household equipment,家具與耐久家用設備,0.01,official
2011-08,m6,Recreational goods and vehicles,休閒商品與交通工具,-0.02,official
2011-08,m7,Other durable goods,其他耐久財,0.0,official
2011-08,m9,Food and beverages purchased for off-premises consumption,食物與飲料（居家消費）,0.04,official
2011-08,m10,Clothing and footwear,服裝與鞋類,0.02,official
2011-08,m11,Gasoline and other energy goods,汽油與其他能源商品,0.02,official
2011-08,m12,Other nondurable goods,其他非耐久財,0.01,official
2011-08,m15,Housing and utilities,住宅與公用事業,0.04,official
2011-08,m16,Health care,醫療服務,0.03,official
2011-08,m17,Transportation services,運輸服務,0.01,official
2011-08,m18,Recreation services,休閒服務,0.01,official
2011-08,m19,Food services and accommodations,餐飲與住宿,0.01,official
2011-08,m20,Financial services and insurance,金融服務與保險,0.02,official
2011-08,m21,Other services,其他服務,0.04,official
2011-08,m22,Final consumption expenditures of nonprofit institutions serving households,服務家庭之非營利機構淨消費,-0.01,official
2011-08,residual,Residual,差額,-0.004457876679180073,official
2011-09,m4,Motor vehicles and parts,汽車與零組件,0.0,official
2011-09,m5,Furnishings and durable household equipment,家具與耐久家用設備,-0.02,official
2011-09,m6,Recreational goods and vehicles,休閒商品與交通工具,-0.02,official
2011-09,m7,Other durable goods,其他耐久財,-0.01,official
2011-09,m9,Food and beverages purchased for off-premises consumption,食物與飲料（居家消費）,0.04,official
2011-09,m10,Clothing and footwear,服裝與鞋類,0.0,official
2011-09,m11,Gasoline and other energy goods,汽油與其他能源商品,0.03,official
2011-09,m12,Other nondurable goods,其他非耐久財,0.03,official
2011-09,m15,Housing and utilities,住宅與公用事業,0.04,official
2011-09,m16,Health care,醫療服務,0.03,official
2011-09,m17,Transportation services,運輸服務,0.02,official
2011-09,m18,Recreation services,休閒服務,0.01,official
2011-09,m19,Food services and accommodations,餐飲與住宿,0.01,official
2011-09,m20,Financial services and insurance,金融服務與保險,-0.01,official
2011-09,m21,Other services,其他服務,0.01,official
2011-09,m22,Final consumption expenditures of nonprofit institutions serving households,服務家庭之非營利機構淨消費,-0.01,official
2011-09,residual,Residual,差額,-0.009436027297299171,official
2011-10,m4,Motor vehicles and parts,汽車與零組件,0.0,official
2011-10,m5,Furnishings and durable household equipment,家具與耐久家用設備,0.0,official
2011-10,m6,Recreational goods and vehicles,休閒商品與交通工具,-0.02,official
2011-10,m7,Other durable goods,其他耐久財,0.02,official
2011-10,m9,Food and beverages purchased for off-premises consumption,食物與飲料（居家消費）,0.01,official
2011-10,m10,Clothing and footwear,服裝與鞋類,0.01,official
2011-10,m11,Gasoline and other energy goods,汽油與其他能源商品,-0.04,official
2011-10,m12,Other nondurable goods,其他非耐久財,0.01,official
2011-10,m15,Housing and utilities,住宅與公用事業,0.02,official
2011-10,m16,Health care,醫療服務,0.0,official
2011-10,m17,Transportation services,運輸服務,0.01,official
2011-10,m18,Recreation services,休閒服務,0.0,official
2011-10,m19,Food services and accommodations,餐飲與住宿,0.01,official
2011-10,m20,Financial services and insurance,金融服務與保險,-0.05,official
2011-10,m21,Other services,其他服務,0.01,official
2011-10,m22,Final consumption expenditures of nonprofit institutions serving households,服務家庭之非營利機構淨消費,0.01,official
2011-10,residual,Residual,差額,0.002143002560872633,official
2011-11,m4,Motor vehicles and parts,汽車與零組件,0.01,official
2011-11,m5,Furnishings and durable household equipment,家具與耐久家用設備,-0.01,official
2011-11,m6,Recreational goods and vehicles,休閒商品與交通工具,0.0,official
2011-11,m7,Other durable goods,其他耐久財,-0.01,official
2011-11,m9,Food and beverages purchased for off-premises consumption,食物與飲料（居家消費）,-0.01,official
2011-11,m10,Clothing and footwear,服裝與鞋類,0.03,official
2011-11,m11,Gasoline and other energy goods,汽油與其他能源商品,0.04,official
2011-11,m12,Other nondurable goods,其他非耐久財,0.02,official
2011-11,m15,Housing and utilities,住宅與公用事業,0.02,official
2011-11,m16,Health care,醫療服務,0.02,official
2011-11,m17,Transportation services,運輸服務,0.0,official
2011-11,m18,Recreation services,休閒服務,0.01,official
2011-11,m19,Food services and accommodations,餐飲與住宿,0.02,official
2011-11,m20,Financial services and insurance,金融服務與保險,0.04,official
2011-11,m21,Other services,其他服務,0.02,official
2011-11,m22,Final consumption expenditures of nonprofit institutions serving households,服務家庭之非營利機構淨消費,0.01,official
2011-11,residual,Residual,差額,-0.0053476411404860535,official
2011-12,m4,Motor vehicles and parts,汽車與零組件,0.0,official
2011-12,m5,Furnishings and durable household equipment,家具與耐久家用設備,0.0,official
2011-12,m6,Recreational goods and vehicles,休閒商品與交通工具,-0.01,official
2011-12,m7,Other durable goods,其他耐久財,0.0,official
2011-12,m9,Food and beverages purchased for off-premises consumption,食物與飲料（居家消費）,0.02,official
2011-12,m10,Clothing and footwear,服裝與鞋類,0.0,official
2011-12,m11,Gasoline and other energy goods,汽油與其他能源商品,-0.09,official
2011-12,m12,Other nondurable goods,其他非耐久財,0.01,official
2011-12,m15,Housing and utilities,住宅與公用事業,0.02,official
2011-12,m16,Health care,醫療服務,0.05,official
2011-12,m17,Transportation services,運輸服務,0.0,official
2011-12,m18,Recreation services,休閒服務,0.02,official
2011-12,m19,Food services and accommodations,餐飲與住宿,0.02,official
2011-12,m20,Financial services and insurance,金融服務與保險,0.04,official
2011-12,m21,Other services,其他服務,0.01,official
2011-12,m22,Final consumption expenditures of nonprofit institutions serving households,服務家庭之非營利機構淨消費,-0.03,official
2011-12,residual,Residual,差額,-0.0022583404619313657,official
2012-01,m4,Motor vehicles and parts,汽車與零組件,0.0,official
2012-01,m5,Furnishings and durable household equipment,家具與耐久家用設備,0.01,official
2012-01,m6,Recreational goods and vehicles,休閒商品與交通工具,-0.01,official
2012-01,m7,Other durable goods,其他耐久財,0.01,official
2012-01,m9,Food and beverages purchased for off-premises consumption,食物與飲料（居家消費）,0.03,official
2012-01,m10,Clothing and footwear,服裝與鞋類,0.01,official
2012-01,m11,Gasoline and other energy goods,汽油與其他能源商品,0.06,official
2012-01,m12,Other nondurable goods,其他非耐久財,0.01,official
2012-01,m15,Housing and utilities,住宅與公用事業,0.02,official
2012-01,m16,Health care,醫療服務,0.01,official
2012-01,m17,Transportation services,運輸服務,0.01,official
2012-01,m18,Recreation services,休閒服務,0.03,official
2012-01,m19,Food services and accommodations,餐飲與住宿,0.01,official
2012-01,m20,Financial services and insurance,金融服務與保險,0.07,official
2012-01,m21,Other services,其他服務,0.02,official
2012-01,m22,Final consumption expenditures of nonprofit institutions serving households,服務家庭之非營利機構淨消費,0.04,official
2012-01,residual,Residual,差額,0.011975335028976686,official
2012-02,m4,Motor vehicles and parts,汽車與零組件,-0.01,official
2012-02,m5,Furnishings and durable household equipment,家具與耐久家用設備,0.01,official
2012-02,m6,Recreational goods and vehicles,休閒商品與交通工具,-0.01,official
2012-02,m7,Other durable goods,其他耐久財,0.0,official
2012-02,m9,Food and beverages purchased for off-premises consumption,食物與飲料（居家消費）,-0.01,official
2012-02,m10,Clothing and footwear,服裝與鞋類,-0.01,official
2012-02,m11,Gasoline and other energy goods,汽油與其他能源商品,0.12,official
2012-02,m12,Other nondurable goods,其他非耐久財,0.01,official
2012-02,m15,Housing and utilities,住宅與公用事業,0.01,official
2012-02,m16,Health care,醫療服務,0.03,official
2012-02,m17,Transportation services,運輸服務,0.01,official
2012-02,m18,Recreation services,休閒服務,-0.01,official
2012-02,m19,Food services and accommodations,餐飲與住宿,0.02,official
2012-02,m20,Financial services and insurance,金融服務與保險,0.05,official
2012-02,m21,Other services,其他服務,0.01,official
2012-02,m22,Final consumption expenditures of nonprofit institutions serving households,服務家庭之非營利機構淨消費,-0.02,official
2012-02,residual,Residual,差額,0.023656463671795247,official
2012-03,m4,Motor vehicles and parts,汽車與零組件,0.01,official
2012-03,m5,Furnishings and durable household equipment,家具與耐久家用設備,-0.01,official
2012-03,m6,Recreational goods and vehicles,休閒商品與交通工具,-0.02,official
2012-03,m7,Other durable goods,其他耐久財,0.0,official
2012-03,m9,Food and beverages purchased for off-premises consumption,食物與飲料（居家消費）,0.02,official
2012-03,m10,Clothing and footwear,服裝與鞋類,0.02,official
2012-03,m11,Gasoline and other energy goods,汽油與其他能源商品,0.04,official
2012-03,m12,Other nondurable goods,其他非耐久財,0.03,official
2012-03,m15,Housing and utilities,住宅與公用事業,0.03,official
2012-03,m16,Health care,醫療服務,0.02,official
2012-03,m17,Transportation services,運輸服務,0.0,official
2012-03,m18,Recreation services,休閒服務,0.01,official
2012-03,m19,Food services and accommodations,餐飲與住宿,0.01,official
2012-03,m20,Financial services and insurance,金融服務與保險,0.02,official
2012-03,m21,Other services,其他服務,0.02,official
2012-03,m22,Final consumption expenditures of nonprofit institutions serving households,服務家庭之非營利機構淨消費,0.01,official
2012-03,residual,Residual,差額,-0.01872226472838892,official
2012-04,m4,Motor vehicles and parts,汽車與零組件,0.0,official
2012-04,m5,Furnishings and durable household equipment,家具與耐久家用設備,0.0,official
2012-04,m6,Recreational goods and vehicles,休閒商品與交通工具,-0.02,official
2012-04,m7,Other durable goods,其他耐久財,-0.01,official
2012-04,m9,Food and beverages purchased for off-premises consumption,食物與飲料（居家消費）,0.0,official
2012-04,m10,Clothing and footwear,服裝與鞋類,0.02,official
2012-04,m11,Gasoline and other energy goods,汽油與其他能源商品,0.0,official
2012-04,m12,Other nondurable goods,其他非耐久財,-0.01,official
2012-04,m15,Housing and utilities,住宅與公用事業,0.04,official
2012-04,m16,Health care,醫療服務,0.03,official
2012-04,m17,Transportation services,運輸服務,0.01,official
2012-04,m18,Recreation services,休閒服務,0.0,official
2012-04,m19,Food services and accommodations,餐飲與住宿,0.02,official
2012-04,m20,Financial services and insurance,金融服務與保險,0.03,official
2012-04,m21,Other services,其他服務,0.01,official
2012-04,m22,Final consumption expenditures of nonprofit institutions serving households,服務家庭之非營利機構淨消費,0.01,official
2012-04,residual,Residual,差額,0.0015175427431869393,official
2012-05,m4,Motor vehicles and parts,汽車與零組件,0.01,official
2012-05,m5,Furnishings and durable household equipment,家具與耐久家用設備,0.0,official
2012-05,m6,Recreational goods and vehicles,休閒商品與交通工具,-0.01,official
2012-05,m7,Other durable goods,其他耐久財,0.0,official
2012-05,m9,Food and beverages purchased for off-premises consumption,食物與飲料（居家消費）,-0.01,official
2012-05,m10,Clothing and footwear,服裝與鞋類,0.01,official
2012-05,m11,Gasoline and other energy goods,汽油與其他能源商品,-0.18,official
2012-05,m12,Other nondurable goods,其他非耐久財,-0.01,official
2012-05,m15,Housing and utilities,住宅與公用事業,0.01,official
2012-05,m16,Health care,醫療服務,0.03,official
2012-05,m17,Transportation services,運輸服務,0.0,official
2012-05,m18,Recreation services,休閒服務,0.0,official
2012-05,m19,Food services and accommodations,餐飲與住宿,0.02,official
2012-05,m20,Financial services and insurance,金融服務與保險,0.01,official
2012-05,m21,Other services,其他服務,0.02,official
2012-05,m22,Final consumption expenditures of nonprofit institutions serving households,服務家庭之非營利機構淨消費,-0.02,official
2012-05,residual,Residual,差額,0.007721379544114337,official
2012-06,m4,Motor vehicles and parts,汽車與零組件,0.0,official
2012-06,m5,Furnishings and durable household equipment,家具與耐久家用設備,0.0,official
2012-06,m6,Recreational goods and vehicles,休閒商品與交通工具,-0.02,official
2012-06,m7,Other durable goods,其他耐久財,0.0,official
2012-06,m9,Food and beverages purchased for off-premises consumption,食物與飲料（居家消費）,0.01,official
2012-06,m10,Clothing and footwear,服裝與鞋類,-0.01,official
2012-06,m11,Gasoline and other energy goods,汽油與其他能源商品,-0.16,official
2012-06,m12,Other nondurable goods,其他非耐久財,0.02,official
2012-06,m15,Housing and utilities,住宅與公用事業,0.03,official
2012-06,m16,Health care,醫療服務,0.02,official
2012-06,m17,Transportation services,運輸服務,0.0,official
2012-06,m18,Recreation services,休閒服務,0.02,official
2012-06,m19,Food services and accommodations,餐飲與住宿,0.03,official
2012-06,m20,Financial services and insurance,金融服務與保險,0.0,official
2012-06,m21,Other services,其他服務,0.01,official
2012-06,m22,Final consumption expenditures of nonprofit institutions serving households,服務家庭之非營利機構淨消費,0.01,official
2012-06,residual,Residual,差額,-0.010900299039258182,official
2012-07,m4,Motor vehicles and parts,汽車與零組件,0.01,official
2012-07,m5,Furnishings and durable household equipment,家具與耐久家用設備,0.01,official
2012-07,m6,Recreational goods and vehicles,休閒商品與交通工具,-0.01,official
2012-07,m7,Other durable goods,其他耐久財,-0.02,official
2012-07,m9,Food and beverages purchased for off-premises consumption,食物與飲料（居家消費）,0.0,official
2012-07,m10,Clothing and footwear,服裝與鞋類,0.0,official
2012-07,m11,Gasoline and other energy goods,汽油與其他能源商品,-0.05,official
2012-07,m12,Other nondurable goods,其他非耐久財,0.01,official
2012-07,m15,Housing and utilities,住宅與公用事業,0.02,official
2012-07,m16,Health care,醫療服務,0.04,official
2012-07,m17,Transportation services,運輸服務,-0.01,official
2012-07,m18,Recreation services,休閒服務,0.0,official
2012-07,m19,Food services and accommodations,餐飲與住宿,0.0,official
2012-07,m20,Financial services and insurance,金融服務與保險,0.04,official
2012-07,m21,Other services,其他服務,0.0,official
2012-07,m22,Final consumption expenditures of nonprofit institutions serving households,服務家庭之非營利機構淨消費,-0.01,official
2012-07,residual,Residual,差額,0.006072739618475681,official
2012-08,m4,Motor vehicles and parts,汽車與零組件,0.0,official
2012-08,m5,Furnishings and durable household equipment,家具與耐久家用設備,-0.01,official
2012-08,m6,Recreational goods and vehicles,休閒商品與交通工具,-0.02,official
2012-08,m7,Other durable goods,其他耐久財,0.01,official
2012-08,m9,Food and beverages purchased for off-premises consumption,食物與飲料（居家消費）,0.0,official
2012-08,m10,Clothing and footwear,服裝與鞋類,-0.02,official
2012-08,m11,Gasoline and other energy goods,汽油與其他能源商品,0.26,official
2012-08,m12,Other nondurable goods,其他非耐久財,0.0,official
2012-08,m15,Housing and utilities,住宅與公用事業,0.05,official
2012-08,m16,Health care,醫療服務,0.02,official
2012-08,m17,Transportation services,運輸服務,0.0,official
2012-08,m18,Recreation services,休閒服務,0.01,official
2012-08,m19,Food services and accommodations,餐飲與住宿,0.01,official
2012-08,m20,Financial services and insurance,金融服務與保險,0.02,official
2012-08,m21,Other services,其他服務,0.0,official
2012-08,m22,Final consumption expenditures of nonprofit institutions serving households,服務家庭之非營利機構淨消費,0.0,official
2012-08,residual,Residual,差額,0.006203970812842796,official
2012-09,m4,Motor vehicles and parts,汽車與零組件,0.0,official
2012-09,m5,Furnishings and durable household equipment,家具與耐久家用設備,-0.01,official
2012-09,m6,Recreational goods and vehicles,休閒商品與交通工具,-0.01,official
2012-09,m7,Other durable goods,其他耐久財,0.0,official
2012-09,m9,Food and beverages purchased for off-premises consumption,食物與飲料（居家消費）,0.0,official
2012-09,m10,Clothing and footwear,服裝與鞋類,0.03,official
2012-09,m11,Gasoline and other energy goods,汽油與其他能源商品,0.2,official
2012-09,m12,Other nondurable goods,其他非耐久財,0.01,official
2012-09,m15,Housing and utilities,住宅與公用事業,0.04,official
2012-09,m16,Health care,醫療服務,0.02,official
2012-09,m17,Transportation services,運輸服務,0.0,official
2012-09,m18,Recreation services,休閒服務,0.01,official
2012-09,m19,Food services and accommodations,餐飲與住宿,0.01,official
2012-09,m20,Financial services and insurance,金融服務與保險,0.01,official
2012-09,m21,Other services,其他服務,0.01,official
2012-09,m22,Final consumption expenditures of nonprofit institutions serving households,服務家庭之非營利機構淨消費,0.0,official
2012-09,residual,Residual,差額,-0.01557634374504041,official
2012-10,m4,Motor vehicles and parts,汽車與零組件,0.01,official
2012-10,m5,Furnishings and durable household equipment,家具與耐久家用設備,0.0,official
2012-10,m6,Recreational goods and vehicles,休閒商品與交通工具,-0.01,official
2012-10,m7,Other durable goods,其他耐久財,0.0,official
2012-10,m9,Food and beverages purchased for off-premises consumption,食物與飲料（居家消費）,0.02,official
2012-10,m10,Clothing and footwear,服裝與鞋類,0.02,official
2012-10,m11,Gasoline and other energy goods,汽油與其他能源商品,0.06,official
2012-10,m12,Other nondurable goods,其他非耐久財,0.0,official
2012-10,m15,Housing and utilities,住宅與公用事業,0.04,official
2012-10,m16,Health care,醫療服務,0.0,official
2012-10,m17,Transportation services,運輸服務,0.01,official
2012-10,m18,Recreation services,休閒服務,0.01,official
2012-10,m19,Food services and accommodations,餐飲與住宿,0.01,official
2012-10,m20,Financial services and insurance,金融服務與保險,0.07,official
2012-10,m21,Other services,其他服務,0.02,official
2012-10,m22,Final consumption expenditures of nonprofit institutions serving households,服務家庭之非營利機構淨消費,0.03,official
2012-10,residual,Residual,差額,0.006123001696657637,official
2012-11,m4,Motor vehicles and parts,汽車與零組件,0.01,official
2012-11,m5,Furnishings and durable household equipment,家具與耐久家用設備,0.01,official
2012-11,m6,Recreational goods and vehicles,休閒商品與交通工具,0.0,official
2012-11,m7,Other durable goods,其他耐久財,-0.01,official
2012-11,m9,Food and beverages purchased for off-premises consumption,食物與飲料（居家消費）,0.01,official
2012-11,m10,Clothing and footwear,服裝與鞋類,0.0,official
2012-11,m11,Gasoline and other energy goods,汽油與其他能源商品,-0.19,official
2012-11,m12,Other nondurable goods,其他非耐久財,0.0,official
2012-11,m15,Housing and utilities,住宅與公用事業,0.04,official
2012-11,m16,Health care,醫療服務,0.0,official
2012-11,m17,Transportation services,運輸服務,0.0,official
2012-11,m18,Recreation services,休閒服務,0.0,official
2012-11,m19,Food services and accommodations,餐飲與住宿,0.0,official
2012-11,m20,Financial services and insurance,金融服務與保險,0.03,official
2012-11,m21,Other services,其他服務,0.03,official
2012-11,m22,Final consumption expenditures of nonprofit institutions serving households,服務家庭之非營利機構淨消費,0.01,official
2012-11,residual,Residual,差額,-0.008295963183240267,official
2012-12,m4,Motor vehicles and parts,汽車與零組件,0.01,official
2012-12,m5,Furnishings and durable household equipment,家具與耐久家用設備,-0.01,official
2012-12,m6,Recreational goods and vehicles,休閒商品與交通工具,-0.01,official
2012-12,m7,Other durable goods,其他耐久財,0.0,official
2012-12,m9,Food and beverages purchased for off-premises consumption,食物與飲料（居家消費）,0.02,official
2012-12,m10,Clothing and footwear,服裝與鞋類,0.0,official
2012-12,m11,Gasoline and other energy goods,汽油與其他能源商品,-0.1,official
2012-12,m12,Other nondurable goods,其他非耐久財,-0.03,official
2012-12,m15,Housing and utilities,住宅與公用事業,0.03,official
2012-12,m16,Health care,醫療服務,0.05,official
2012-12,m17,Transportation services,運輸服務,0.0,official
2012-12,m18,Recreation services,休閒服務,0.0,official
2012-12,m19,Food services and accommodations,餐飲與住宿,0.01,official
2012-12,m20,Financial services and insurance,金融服務與保險,0.01,official
2012-12,m21,Other services,其他服務,0.01,official
2012-12,m22,Final consumption expenditures of nonprofit institutions serving households,服務家庭之非營利機構淨消費,-0.02,official
2012-12,residual,Residual,差額,0.014228621896975577,official
2013-01,m4,Motor vehicles and parts,汽車與零組件,0.01,official
2013-01,m5,Furnishings and durable household equipment,家具與耐久家用設備,0.0,official
2013-01,m6,Recreational goods and vehicles,休閒商品與交通工具,-0.01,official
2013-01,m7,Other durable goods,其他耐久財,0.0,official
2013-01,m9,Food and beverages purchased for off-premises consumption,食物與飲料（居家消費）,0.01,official
2013-01,m10,Clothing and footwear,服裝與鞋類,0.02,official
2013-01,m11,Gasoline and other energy goods,汽油與其他能源商品,0.0,official
2013-01,m12,Other nondurable goods,其他非耐久財,0.0,official
2013-01,m15,Housing and utilities,住宅與公用事業,0.03,official
2013-01,m16,Health care,醫療服務,0.03,official
2013-01,m17,Transportation services,運輸服務,0.01,official
2013-01,m18,Recreation services,休閒服務,0.01,official
2013-01,m19,Food services and accommodations,餐飲與住宿,0.01,official
2013-01,m20,Financial services and insurance,金融服務與保險,0.02,official
2013-01,m21,Other services,其他服務,0.03,official
2013-01,m22,Final consumption expenditures of nonprofit institutions serving households,服務家庭之非營利機構淨消費,0.0,official
2013-01,residual,Residual,差額,0.02033798136582904,official
2013-02,m4,Motor vehicles and parts,汽車與零組件,-0.01,official
2013-02,m5,Furnishings and durable household equipment,家具與耐久家用設備,0.0,official
2013-02,m6,Recreational goods and vehicles,休閒商品與交通工具,-0.01,official
2013-02,m7,Other durable goods,其他耐久財,0.0,official
2013-02,m9,Food and beverages purchased for off-premises consumption,食物與飲料（居家消費）,0.01,official
2013-02,m10,Clothing and footwear,服裝與鞋類,0.0,official
2013-02,m11,Gasoline and other energy goods,汽油與其他能源商品,0.25,official
2013-02,m12,Other nondurable goods,其他非耐久財,-0.02,official
2013-02,m15,Housing and utilities,住宅與公用事業,0.04,official
2013-02,m16,Health care,醫療服務,0.03,official
2013-02,m17,Transportation services,運輸服務,0.0,official
2013-02,m18,Recreation services,休閒服務,0.01,official
2013-02,m19,Food services and accommodations,餐飲與住宿,0.01,official
2013-02,m20,Financial services and insurance,金融服務與保險,0.03,official
2013-02,m21,Other services,其他服務,0.01,official
2013-02,m22,Final consumption expenditures of nonprofit institutions serving households,服務家庭之非營利機構淨消費,-0.02,official
2013-02,residual,Residual,差額,0.025812122802423565,official
2013-03,m4,Motor vehicles and parts,汽車與零組件,0.0,official
2013-03,m5,Furnishings and durable household equipment,家具與耐久家用設備,-0.01,official
2013-03,m6,Recreational goods and vehicles,休閒商品與交通工具,-0.02,official
2013-03,m7,Other durable goods,其他耐久財,0.0,official
2013-03,m9,Food and beverages purchased for off-premises consumption,食物與飲料（居家消費）,0.01,official
2013-03,m10,Clothing and footwear,服裝與鞋類,-0.03,official
2013-03,m11,Gasoline and other energy goods,汽油與其他能源商品,-0.21,official
2013-03,m12,Other nondurable goods,其他非耐久財,0.02,official
2013-03,m15,Housing and utilities,住宅與公用事業,0.03,official
2013-03,m16,Health care,醫療服務,0.03,official
2013-03,m17,Transportation services,運輸服務,0.0,official
2013-03,m18,Recreation services,休閒服務,-0.01,official
2013-03,m19,Food services and accommodations,餐飲與住宿,0.01,official
2013-03,m20,Financial services and insurance,金融服務與保險,0.03,official
2013-03,m21,Other services,其他服務,0.04,official
2013-03,m22,Final consumption expenditures of nonprofit institutions serving households,服務家庭之非營利機構淨消費,0.01,official
2013-03,residual,Residual,差額,-0.03177986487334926,official
2013-04,m4,Motor vehicles and parts,汽車與零組件,0.0,official
2013-04,m5,Furnishings and durable household equipment,家具與耐久家用設備,0.0,official
2013-04,m6,Recreational goods and vehicles,休閒商品與交通工具,-0.03,official
2013-04,m7,Other durable goods,其他耐久財,0.0,official
2013-04,m9,Food and beverages purchased for off-premises consumption,食物與飲料（居家消費）,0.01,official
2013-04,m10,Clothing and footwear,服裝與鞋類,0.0,official
2013-04,m11,Gasoline and other energy goods,汽油與其他能源商品,-0.18,official
2013-04,m12,Other nondurable goods,其他非耐久財,0.01,official
2013-04,m15,Housing and utilities,住宅與公用事業,0.06,official
2013-04,m16,Health care,醫療服務,-0.08,official
2013-04,m17,Transportation services,運輸服務,-0.02,official
2013-04,m18,Recreation services,休閒服務,-0.01,official
2013-04,m19,Food services and accommodations,餐飲與住宿,0.02,official
2013-04,m20,Financial services and insurance,金融服務與保險,0.07,official
2013-04,m21,Other services,其他服務,-0.01,official
2013-04,m22,Final consumption expenditures of nonprofit institutions serving households,服務家庭之非營利機構淨消費,0.04,official
2013-04,residual,Residual,差額,0.01841655495979022,official
2013-05,m4,Motor vehicles and parts,汽車與零組件,0.0,official
2013-05,m5,Furnishings and durable household equipment,家具與耐久家用設備,0.0,official
2013-05,m6,Recreational goods and vehicles,休閒商品與交通工具,0.0,official
2013-05,m7,Other durable goods,其他耐久財,0.0,official
2013-05,m9,Food and beverages purchased for off-premises consumption,食物與飲料（居家消費）,-0.02,official
2013-05,m10,Clothing and footwear,服裝與鞋類,0.0,official
2013-05,m11,Gasoline and other energy goods,汽油與其他能源商品,-0.03,official
2013-05,m12,Other nondurable goods,其他非耐久財,-0.01,official
2013-05,m15,Housing and utilities,住宅與公用事業,0.06,official
2013-05,m16,Health care,醫療服務,0.03,official
2013-05,m17,Transportation services,運輸服務,0.0,official
2013-05,m18,Recreation services,休閒服務,0.01,official
2013-05,m19,Food services and accommodations,餐飲與住宿,0.02,official
2013-05,m20,Financial services and insurance,金融服務與保險,0.03,official
2013-05,m21,Other services,其他服務,0.01,official
2013-05,m22,Final consumption expenditures of nonprofit institutions serving households,服務家庭之非營利機構淨消費,-0.01,official
2013-05,residual,Residual,差額,-0.016617815097862337,official
2013-06,m4,Motor vehicles and parts,汽車與零組件,0.01,official
2013-06,m5,Furnishings and durable household equipment,家具與耐久家用設備,0.0,official
2013-06,m6,Recreational goods and vehicles,休閒商品與交通工具,-0.01,official
2013-06,m7,Other durable goods,其他耐久財,0.0,official
2013-06,m9,Food and beverages purchased for off-premises consumption,食物與飲料（居家消費）,0.02,official
2013-06,m10,Clothing and footwear,服裝與鞋類,0.0,official
2013-06,m11,Gasoline and other energy goods,汽油與其他能源商品,0.06,official
2013-06,m12,Other nondurable goods,其他非耐久財,0.01,official
2013-06,m15,Housing and utilities,住宅與公用事業,0.03,official
2013-06,m16,Health care,醫療服務,0.04,official
2013-06,m17,Transportation services,運輸服務,0.01,official
2013-06,m18,Recreation services,休閒服務,0.01,official
2013-06,m19,Food services and accommodations,餐飲與住宿,0.01,official
2013-06,m20,Financial services and insurance,金融服務與保險,0.03,official
2013-06,m21,Other services,其他服務,0.01,official
2013-06,m22,Final consumption expenditures of nonprofit institutions serving households,服務家庭之非營利機構淨消費,0.01,official
2013-06,residual,Residual,差額,-0.01791977875780648,official
2013-07,m4,Motor vehicles and parts,汽車與零組件,0.01,official
2013-07,m5,Furnishings and durable household equipment,家具與耐久家用設備,-0.02,official
2013-07,m6,Recreational goods and vehicles,休閒商品與交通工具,-0.01,official
2013-07,m7,Other durable goods,其他耐久財,0.0,official
2013-07,m9,Food and beverages purchased for off-premises consumption,食物與飲料（居家消費）,0.01,official
2013-07,m10,Clothing and footwear,服裝與鞋類,0.02,official
2013-07,m11,Gasoline and other energy goods,汽油與其他能源商品,0.01,official
2013-07,m12,Other nondurable goods,其他非耐久財,0.0,official
2013-07,m15,Housing and utilities,住宅與公用事業,0.02,official
2013-07,m16,Health care,醫療服務,0.02,official
2013-07,m17,Transportation services,運輸服務,0.02,official
2013-07,m18,Recreation services,休閒服務,0.01,official
2013-07,m19,Food services and accommodations,餐飲與住宿,0.02,official
2013-07,m20,Financial services and insurance,金融服務與保險,0.02,official
2013-07,m21,Other services,其他服務,0.0,official
2013-07,m22,Final consumption expenditures of nonprofit institutions serving households,服務家庭之非營利機構淨消費,0.0,official
2013-07,residual,Residual,差額,-0.005617990446619037,official
2013-08,m4,Motor vehicles and parts,汽車與零組件,0.0,official
2013-08,m5,Furnishings and durable household equipment,家具與耐久家用設備,-0.01,official
2013-08,m6,Recreational goods and vehicles,休閒商品與交通工具,-0.02,official
2013-08,m7,Other durable goods,其他耐久財,-0.01,official
2013-08,m9,Food and beverages purchased for off-premises consumption,食物與飲料（居家消費）,0.0,official
2013-08,m10,Clothing and footwear,服裝與鞋類,0.0,official
2013-08,m11,Gasoline and other energy goods,汽油與其他能源商品,0.06,official
2013-08,m12,Other nondurable goods,其他非耐久財,0.02,official
2013-08,m15,Housing and utilities,住宅與公用事業,0.03,official
2013-08,m16,Health care,醫療服務,-0.01,official
2013-08,m17,Transportation services,運輸服務,0.0,official
2013-08,m18,Recreation services,休閒服務,0.01,official
2013-08,m19,Food services and accommodations,餐飲與住宿,0.0,official
2013-08,m20,Financial services and insurance,金融服務與保險,0.06,official
2013-08,m21,Other services,其他服務,0.02,official
2013-08,m22,Final consumption expenditures of nonprofit institutions serving households,服務家庭之非營利機構淨消費,0.0,official
2013-08,residual,Residual,差額,-0.0017621513278719136,official
2013-09,m4,Motor vehicles and parts,汽車與零組件,0.01,official
2013-09,m5,Furnishings and durable household equipment,家具與耐久家用設備,-0.01,official
2013-09,m6,Recreational goods and vehicles,休閒商品與交通工具,-0.01,official
2013-09,m7,Other durable goods,其他耐久財,0.0,official
2013-09,m9,Food and beverages purchased for off-premises consumption,食物與飲料（居家消費）,0.0,official
2013-09,m10,Clothing and footwear,服裝與鞋類,0.0,official
2013-09,m11,Gasoline and other energy goods,汽油與其他能源商品,-0.07,official
2013-09,m12,Other nondurable goods,其他非耐久財,0.0,official
2013-09,m15,Housing and utilities,住宅與公用事業,0.04,official
2013-09,m16,Health care,醫療服務,0.04,official
2013-09,m17,Transportation services,運輸服務,0.01,official
2013-09,m18,Recreation services,休閒服務,0.01,official
2013-09,m19,Food services and accommodations,餐飲與住宿,0.0,official
2013-09,m20,Financial services and insurance,金融服務與保險,0.02,official
2013-09,m21,Other services,其他服務,0.01,official
2013-09,m22,Final consumption expenditures of nonprofit institutions serving households,服務家庭之非營利機構淨消費,0.0,official
2013-09,residual,Residual,差額,-0.00621990118206401,official
2013-10,m4,Motor vehicles and parts,汽車與零組件,0.0,official
2013-10,m5,Furnishings and durable household equipment,家具與耐久家用設備,0.0,official
2013-10,m6,Recreational goods and vehicles,休閒商品與交通工具,-0.01,official
2013-10,m7,Other durable goods,其他耐久財,-0.01,official
2013-10,m9,Food and beverages purchased for off-premises consumption,食物與飲料（居家消費）,0.01,official
2013-10,m10,Clothing and footwear,服裝與鞋類,-0.01,official
2013-10,m11,Gasoline and other energy goods,汽油與其他能源商品,-0.02,official
2013-10,m12,Other nondurable goods,其他非耐久財,0.01,official
2013-10,m15,Housing and utilities,住宅與公用事業,0.04,official
2013-10,m16,Health care,醫療服務,0.04,official
2013-10,m17,Transportation services,運輸服務,0.01,official
2013-10,m18,Recreation services,休閒服務,0.0,official
2013-10,m19,Food services and accommodations,餐飲與住宿,-0.01,official
2013-10,m20,Financial services and insurance,金融服務與保險,0.07,official
2013-10,m21,Other services,其他服務,0.03,official
2013-10,m22,Final consumption expenditures of nonprofit institutions serving households,服務家庭之非營利機構淨消費,-0.02,official
2013-10,residual,Residual,差額,0.0023247478536293498,official
2013-11,m4,Motor vehicles and parts,汽車與零組件,0.0,official
2013-11,m5,Furnishings and durable household equipment,家具與耐久家用設備,-0.01,official
2013-11,m6,Recreational goods and vehicles,休閒商品與交通工具,-0.01,official
2013-11,m7,Other durable goods,其他耐久財,0.0,official
2013-11,m9,Food and beverages purchased for off-premises consumption,食物與飲料（居家消費）,-0.01,official
2013-11,m10,Clothing and footwear,服裝與鞋類,0.01,official
2013-11,m11,Gasoline and other energy goods,汽油與其他能源商品,0.02,official
2013-11,m12,Other nondurable goods,其他非耐久財,0.0,official
2013-11,m15,Housing and utilities,住宅與公用事業,0.04,official
2013-11,m16,Health care,醫療服務,0.02,official
2013-11,m17,Transportation services,運輸服務,-0.02,official
2013-11,m18,Recreation services,休閒服務,0.01,official
2013-11,m19,Food services and accommodations,餐飲與住宿,0.04,official
2013-11,m20,Financial services and insurance,金融服務與保險,0.04,official
2013-11,m21,Other services,其他服務,0.02,official
2013-11,m22,Final consumption expenditures of nonprofit institutions serving households,服務家庭之非營利機構淨消費,0.01,official
2013-11,residual,Residual,差額,-0.01120131525551113,official
2013-12,m4,Motor vehicles and parts,汽車與零組件,0.0,official
2013-12,m5,Furnishings and durable household equipment,家具與耐久家用設備,-0.01,official
2013-12,m6,Recreational goods and vehicles,休閒商品與交通工具,-0.02,official
2013-12,m7,Other durable goods,其他耐久財,-0.01,official
2013-12,m9,Food and beverages purchased for off-premises consumption,食物與飲料（居家消費）,0.01,official
2013-12,m10,Clothing and footwear,服裝與鞋類,0.03,official
2013-12,m11,Gasoline and other energy goods,汽油與其他能源商品,0.07,official
2013-12,m12,Other nondurable goods,其他非耐久財,-0.03,official
2013-12,m15,Housing and utilities,住宅與公用事業,0.05,official
2013-12,m16,Health care,醫療服務,0.01,official
2013-12,m17,Transportation services,運輸服務,0.05,official
2013-12,m18,Recreation services,休閒服務,0.0,official
2013-12,m19,Food services and accommodations,餐飲與住宿,0.01,official
2013-12,m20,Financial services and insurance,金融服務與保險,0.02,official
2013-12,m21,Other services,其他服務,0.0,official
2013-12,m22,Final consumption expenditures of nonprofit institutions serving households,服務家庭之非營利機構淨消費,0.01,official
2013-12,residual,Residual,差額,-0.015447291315994038,official
2014-01,m4,Motor vehicles and parts,汽車與零組件,-0.01,official
2014-01,m5,Furnishings and durable household equipment,家具與耐久家用設備,0.0,official
2014-01,m6,Recreational goods and vehicles,休閒商品與交通工具,-0.01,official
2014-01,m7,Other durable goods,其他耐久財,-0.01,official
2014-01,m9,Food and beverages purchased for off-premises consumption,食物與飲料（居家消費）,0.01,official
2014-01,m10,Clothing and footwear,服裝與鞋類,-0.01,official
2014-01,m11,Gasoline and other energy goods,汽油與其他能源商品,0.07,official
2014-01,m12,Other nondurable goods,其他非耐久財,0.03,official
2014-01,m15,Housing and utilities,住宅與公用事業,0.07,official
2014-01,m16,Health care,醫療服務,0.01,official
2014-01,m17,Transportation services,運輸服務,-0.03,official
2014-01,m18,Recreation services,休閒服務,0.02,official
2014-01,m19,Food services and accommodations,餐飲與住宿,0.01,official
2014-01,m20,Financial services and insurance,金融服務與保險,0.05,official
2014-01,m21,Other services,其他服務,0.01,official
2014-01,m22,Final consumption expenditures of nonprofit institutions serving households,服務家庭之非營利機構淨消費,0.01,official
2014-01,residual,Residual,差額,-0.01256124629203309,official
2014-02,m4,Motor vehicles and parts,汽車與零組件,0.0,official
2014-02,m5,Furnishings and durable household equipment,家具與耐久家用設備,-0.01,official
2014-02,m6,Recreational goods and vehicles,休閒商品與交通工具,-0.01,official
2014-02,m7,Other durable goods,其他耐久財,-0.01,official
2014-02,m9,Food and beverages purchased for off-premises consumption,食物與飲料（居家消費）,0.02,official
2014-02,m10,Clothing and footwear,服裝與鞋類,-0.01,official
2014-02,m11,Gasoline and other energy goods,汽油與其他能源商品,-0.03,official
2014-02,m12,Other nondurable goods,其他非耐久財,0.02,official
2014-02,m15,Housing and utilities,住宅與公用事業,0.05,official
2014-02,m16,Health care,醫療服務,0.02,official
2014-02,m17,Transportation services,運輸服務,-0.01,official
2014-02,m18,Recreation services,休閒服務,0.0,official
2014-02,m19,Food services and accommodations,餐飲與住宿,0.02,official
2014-02,m20,Financial services and insurance,金融服務與保險,0.0,official
2014-02,m21,Other services,其他服務,0.0,official
2014-02,m22,Final consumption expenditures of nonprofit institutions serving households,服務家庭之非營利機構淨消費,0.0,official
2014-02,residual,Residual,差額,-0.002387852692159423,official
2014-03,m4,Motor vehicles and parts,汽車與零組件,-0.01,official
2014-03,m5,Furnishings and durable household equipment,家具與耐久家用設備,-0.01,official
2014-03,m6,Recreational goods and vehicles,休閒商品與交通工具,-0.01,official
2014-03,m7,Other durable goods,其他耐久財,0.0,official
2014-03,m9,Food and beverages purchased for off-premises consumption,食物與飲料（居家消費）,0.03,official
2014-03,m10,Clothing and footwear,服裝與鞋類,0.0,official
2014-03,m11,Gasoline and other energy goods,汽油與其他能源商品,-0.06,official
2014-03,m12,Other nondurable goods,其他非耐久財,0.0,official
2014-03,m15,Housing and utilities,住宅與公用事業,0.1,official
2014-03,m16,Health care,醫療服務,0.02,official
2014-03,m17,Transportation services,運輸服務,0.02,official
2014-03,m18,Recreation services,休閒服務,0.0,official
2014-03,m19,Food services and accommodations,餐飲與住宿,0.03,official
2014-03,m20,Financial services and insurance,金融服務與保險,0.03,official
2014-03,m21,Other services,其他服務,0.0,official
2014-03,m22,Final consumption expenditures of nonprofit institutions serving households,服務家庭之非營利機構淨消費,0.0,official
2014-03,residual,Residual,差額,0.02035588661287291,official
2014-04,m4,Motor vehicles and parts,汽車與零組件,0.01,official
2014-04,m5,Furnishings and durable household equipment,家具與耐久家用設備,-0.01,official
2014-04,m6,Recreational goods and vehicles,休閒商品與交通工具,0.0,official
2014-04,m7,Other durable goods,其他耐久財,-0.01,official
2014-04,m9,Food and beverages purchased for off-premises consumption,食物與飲料（居家消費）,0.02,official
2014-04,m10,Clothing and footwear,服裝與鞋類,0.0,official
2014-04,m11,Gasoline and other energy goods,汽油與其他能源商品,0.05,official
2014-04,m12,Other nondurable goods,其他非耐久財,0.01,official
2014-04,m15,Housing and utilities,住宅與公用事業,0.0,official
2014-04,m16,Health care,醫療服務,0.01,official
2014-04,m17,Transportation services,運輸服務,0.01,official
2014-04,m18,Recreation services,休閒服務,0.01,official
2014-04,m19,Food services and accommodations,餐飲與住宿,0.02,official
2014-04,m20,Financial services and insurance,金融服務與保險,0.03,official
2014-04,m21,Other services,其他服務,0.01,official
2014-04,m22,Final consumption expenditures of nonprofit institutions serving households,服務家庭之非營利機構淨消費,0.01,official
2014-04,residual,Residual,差額,0.007658420699278162,official
2014-05,m4,Motor vehicles and parts,汽車與零組件,0.0,official
2014-05,m5,Furnishings and durable household equipment,家具與耐久家用設備,-0.01,official
2014-05,m6,Recreational goods and vehicles,休閒商品與交通工具,-0.02,official
2014-05,m7,Other durable goods,其他耐久財,0.0,official
2014-05,m9,Food and beverages purchased for off-premises consumption,食物與飲料（居家消費）,0.04,official
2014-05,m10,Clothing and footwear,服裝與鞋類,0.01,official
2014-05,m11,Gasoline and other energy goods,汽油與其他能源商品,-0.05,official
2014-05,m12,Other nondurable goods,其他非耐久財,0.02,official
2014-05,m15,Housing and utilities,住宅與公用事業,0.06,official
2014-05,m16,Health care,醫療服務,0.02,official
2014-05,m17,Transportation services,運輸服務,0.01,official
2014-05,m18,Recreation services,休閒服務,0.0,official
2014-05,m19,Food services and accommodations,餐飲與住宿,0.03,official
2014-05,m20,Financial services and insurance,金融服務與保險,0.06,official
2014-05,m21,Other services,其他服務,0.0,official
2014-05,m22,Final consumption expenditures of nonprofit institutions serving households,服務家庭之非營利機構淨消費,0.0,official
2014-05,residual,Residual,差額,-0.0050294369348301005,official
2014-06,m4,Motor vehicles and parts,汽車與零組件,0.0,official
2014-06,m5,Furnishings and durable household equipment,家具與耐久家用設備,0.0,official
2014-06,m6,Recreational goods and vehicles,休閒商品與交通工具,0.0,official
2014-06,m7,Other durable goods,其他耐久財,-0.01,official
2014-06,m9,Food and beverages purchased for off-premises consumption,食物與飲料（居家消費）,0.0,official
2014-06,m10,Clothing and footwear,服裝與鞋類,0.0,official
2014-06,m11,Gasoline and other energy goods,汽油與其他能源商品,0.01,official
2014-06,m12,Other nondurable goods,其他非耐久財,0.02,official
2014-06,m15,Housing and utilities,住宅與公用事業,0.04,official
2014-06,m16,Health care,醫療服務,0.03,official
2014-06,m17,Transportation services,運輸服務,0.0,official
2014-06,m18,Recreation services,休閒服務,0.01,official
2014-06,m19,Food services and accommodations,餐飲與住宿,0.0,official
2014-06,m20,Financial services and insurance,金融服務與保險,0.02,official
2014-06,m21,Other services,其他服務,0.0,official
2014-06,m22,Final consumption expenditures of nonprofit institutions serving households,服務家庭之非營利機構淨消費,0.0,official
2014-06,residual,Residual,差額,-0.010887006289452716,official
2014-07,m4,Motor vehicles and parts,汽車與零組件,0.01,official
2014-07,m5,Furnishings and durable household equipment,家具與耐久家用設備,0.0,official
2014-07,m6,Recreational goods and vehicles,休閒商品與交通工具,-0.01,official
2014-07,m7,Other durable goods,其他耐久財,0.0,official
2014-07,m9,Food and beverages purchased for off-premises consumption,食物與飲料（居家消費）,0.02,official
2014-07,m10,Clothing and footwear,服裝與鞋類,0.0,official
2014-07,m11,Gasoline and other energy goods,汽油與其他能源商品,-0.03,official
2014-07,m12,Other nondurable goods,其他非耐久財,0.01,official
2014-07,m15,Housing and utilities,住宅與公用事業,0.05,official
2014-07,m16,Health care,醫療服務,0.0,official
2014-07,m17,Transportation services,運輸服務,0.01,official
2014-07,m18,Recreation services,休閒服務,0.01,official
2014-07,m19,Food services and accommodations,餐飲與住宿,0.03,official
2014-07,m20,Financial services and insurance,金融服務與保險,0.04,official
2014-07,m21,Other services,其他服務,0.01,official
2014-07,m22,Final consumption expenditures of nonprofit institutions serving households,服務家庭之非營利機構淨消費,0.01,official
2014-07,residual,Residual,差額,-0.01810206368954667,official
2014-08,m4,Motor vehicles and parts,汽車與零組件,0.01,official
2014-08,m5,Furnishings and durable household equipment,家具與耐久家用設備,-0.01,official
2014-08,m6,Recreational goods and vehicles,休閒商品與交通工具,-0.01,official
2014-08,m7,Other durable goods,其他耐久財,0.0,official
2014-08,m9,Food and beverages purchased for off-premises consumption,食物與飲料（居家消費）,0.02,official
2014-08,m10,Clothing and footwear,服裝與鞋類,-0.02,official
2014-08,m11,Gasoline and other energy goods,汽油與其他能源商品,-0.05,official
2014-08,m12,Other nondurable goods,其他非耐久財,-0.02,official
2014-08,m15,Housing and utilities,住宅與公用事業,0.02,official
2014-08,m16,Health care,醫療服務,0.02,official
2014-08,m17,Transportation services,運輸服務,0.0,official
2014-08,m18,Recreation services,休閒服務,-0.01,official
2014-08,m19,Food services and accommodations,餐飲與住宿,0.01,official
2014-08,m20,Financial services and insurance,金融服務與保險,0.0,official
2014-08,m21,Other services,其他服務,0.01,official
2014-08,m22,Final consumption expenditures of nonprofit institutions serving households,服務家庭之非營利機構淨消費,0.0,official
2014-08,residual,Residual,差額,0.017678532923984778,official
2014-09,m4,Motor vehicles and parts,汽車與零組件,0.01,official
2014-09,m5,Furnishings and durable household equipment,家具與耐久家用設備,0.0,official
2014-09,m6,Recreational goods and vehicles,休閒商品與交通工具,-0.01,official
2014-09,m7,Other durable goods,其他耐久財,0.0,official
2014-09,m9,Food and beverages purchased for off-premises consumption,食物與飲料（居家消費）,0.01,official
2014-09,m10,Clothing and footwear,服裝與鞋類,0.01,official
2014-09,m11,Gasoline and other energy goods,汽油與其他能源商品,-0.09,official
2014-09,m12,Other nondurable goods,其他非耐久財,0.02,official
2014-09,m15,Housing and utilities,住宅與公用事業,0.03,official
2014-09,m16,Health care,醫療服務,0.02,official
2014-09,m17,Transportation services,運輸服務,0.0,official
2014-09,m18,Recreation services,休閒服務,0.0,official
2014-09,m19,Food services and accommodations,餐飲與住宿,0.02,official
2014-09,m20,Financial services and insurance,金融服務與保險,0.02,official
2014-09,m21,Other services,其他服務,0.0,official
2014-09,m22,Final consumption expenditures of nonprofit institutions serving households,服務家庭之非營利機構淨消費,0.0,official
2014-09,residual,Residual,差額,-0.00508487456228221,official
2014-10,m4,Motor vehicles and parts,汽車與零組件,0.0,official
2014-10,m5,Furnishings and durable household equipment,家具與耐久家用設備,0.0,official
2014-10,m6,Recreational goods and vehicles,休閒商品與交通工具,0.0,official
2014-10,m7,Other durable goods,其他耐久財,-0.01,official
2014-10,m9,Food and beverages purchased for off-premises consumption,食物與飲料（居家消費）,0.0,official
2014-10,m10,Clothing and footwear,服裝與鞋類,0.0,official
2014-10,m11,Gasoline and other energy goods,汽油與其他能源商品,-0.1,official
2014-10,m12,Other nondurable goods,其他非耐久財,0.01,official
2014-10,m15,Housing and utilities,住宅與公用事業,0.03,official
2014-10,m16,Health care,醫療服務,-0.05,official
2014-10,m17,Transportation services,運輸服務,0.0,official
2014-10,m18,Recreation services,休閒服務,0.01,official
2014-10,m19,Food services and accommodations,餐飲與住宿,0.02,official
2014-10,m20,Financial services and insurance,金融服務與保險,-0.01,official
2014-10,m21,Other services,其他服務,0.01,official
2014-10,m22,Final consumption expenditures of nonprofit institutions serving households,服務家庭之非營利機構淨消費,0.07,official
2014-10,residual,Residual,差額,-0.009770153880892543,official
2014-11,m4,Motor vehicles and parts,汽車與零組件,-0.01,official
2014-11,m5,Furnishings and durable household equipment,家具與耐久家用設備,-0.01,official
2014-11,m6,Recreational goods and vehicles,休閒商品與交通工具,-0.02,official
2014-11,m7,Other durable goods,其他耐久財,-0.01,official
2014-11,m9,Food and beverages purchased for off-premises consumption,食物與飲料（居家消費）,0.02,official
2014-11,m10,Clothing and footwear,服裝與鞋類,-0.01,official
2014-11,m11,Gasoline and other energy goods,汽油與其他能源商品,-0.18,official
2014-11,m12,Other nondurable goods,其他非耐久財,0.0,official
2014-11,m15,Housing and utilities,住宅與公用事業,0.03,official
2014-11,m16,Health care,醫療服務,0.04,official
2014-11,m17,Transportation services,運輸服務,0.01,official
2014-11,m18,Recreation services,休閒服務,-0.01,official
2014-11,m19,Food services and accommodations,餐飲與住宿,0.02,official
2014-11,m20,Financial services and insurance,金融服務與保險,0.04,official
2014-11,m21,Other services,其他服務,-0.01,official
2014-11,m22,Final consumption expenditures of nonprofit institutions serving households,服務家庭之非營利機構淨消費,0.0,official
2014-11,residual,Residual,差額,0.0045017662038903256,official
2014-12,m4,Motor vehicles and parts,汽車與零組件,-0.01,official
2014-12,m5,Furnishings and durable household equipment,家具與耐久家用設備,-0.02,official
2014-12,m6,Recreational goods and vehicles,休閒商品與交通工具,-0.03,official
2014-12,m7,Other durable goods,其他耐久財,0.0,official
2014-12,m9,Food and beverages purchased for off-premises consumption,食物與飲料（居家消費）,0.02,official
2014-12,m10,Clothing and footwear,服裝與鞋類,-0.02,official
2014-12,m11,Gasoline and other energy goods,汽油與其他能源商品,-0.27,official
2014-12,m12,Other nondurable goods,其他非耐久財,0.03,official
2014-12,m15,Housing and utilities,住宅與公用事業,0.05,official
2014-12,m16,Health care,醫療服務,0.02,official
2014-12,m17,Transportation services,運輸服務,0.01,official
2014-12,m18,Recreation services,休閒服務,0.0,official
2014-12,m19,Food services and accommodations,餐飲與住宿,0.02,official
2014-12,m20,Financial services and insurance,金融服務與保險,0.02,official
2014-12,m21,Other services,其他服務,0.01,official
2014-12,m22,Final consumption expenditures of nonprofit institutions serving households,服務家庭之非營利機構淨消費,-0.01,official
2014-12,residual,Residual,差額,0.004238624333194746,official
2015-01,m4,Motor vehicles and parts,汽車與零組件,-0.02,official
2015-01,m5,Furnishings and durable household equipment,家具與耐久家用設備,-0.01,official
2015-01,m6,Recreational goods and vehicles,休閒商品與交通工具,0.0,official
2015-01,m7,Other durable goods,其他耐久財,-0.01,official
2015-01,m9,Food and beverages purchased for off-premises consumption,食物與飲料（居家消費）,0.0,official
2015-01,m10,Clothing and footwear,服裝與鞋類,-0.01,official
2015-01,m11,Gasoline and other energy goods,汽油與其他能源商品,-0.44,official
2015-01,m12,Other nondurable goods,其他非耐久財,-0.01,official
2015-01,m15,Housing and utilities,住宅與公用事業,0.04,official
2015-01,m16,Health care,醫療服務,-0.06,official
2015-01,m17,Transportation services,運輸服務,-0.01,official
2015-01,m18,Recreation services,休閒服務,0.01,official
2015-01,m19,Food services and accommodations,餐飲與住宿,0.01,official
2015-01,m20,Financial services and insurance,金融服務與保險,0.0,official
2015-01,m21,Other services,其他服務,0.02,official
2015-01,m22,Final consumption expenditures of nonprofit institutions serving households,服務家庭之非營利機構淨消費,0.01,official
2015-01,residual,Residual,差額,0.0001812191103707228,official
2015-02,m4,Motor vehicles and parts,汽車與零組件,0.03,official
2015-02,m5,Furnishings and durable household equipment,家具與耐久家用設備,0.0,official
2015-02,m6,Recreational goods and vehicles,休閒商品與交通工具,0.0,official
2015-02,m7,Other durable goods,其他耐久財,-0.01,official
2015-02,m9,Food and beverages purchased for off-premises consumption,食物與飲料（居家消費）,0.01,official
2015-02,m10,Clothing and footwear,服裝與鞋類,0.0,official
2015-02,m11,Gasoline and other energy goods,汽油與其他能源商品,0.08,official
2015-02,m12,Other nondurable goods,其他非耐久財,0.01,official
2015-02,m15,Housing and utilities,住宅與公用事業,0.04,official
2015-02,m16,Health care,醫療服務,0.02,official
2015-02,m17,Transportation services,運輸服務,-0.01,official
2015-02,m18,Recreation services,休閒服務,0.01,official
2015-02,m19,Food services and accommodations,餐飲與住宿,0.01,official
2015-02,m20,Financial services and insurance,金融服務與保險,0.0,official
2015-02,m21,Other services,其他服務,-0.01,official
2015-02,m22,Final consumption expenditures of nonprofit institutions serving households,服務家庭之非營利機構淨消費,0.01,official
2015-02,residual,Residual,差額,-0.013080265689978499,official
2015-03,m4,Motor vehicles and parts,汽車與零組件,0.0,official
2015-03,m5,Furnishings and durable household equipment,家具與耐久家用設備,0.0,official
2015-03,m6,Recreational goods and vehicles,休閒商品與交通工具,-0.01,official
2015-03,m7,Other durable goods,其他耐久財,-0.01,official
2015-03,m9,Food and beverages purchased for off-premises consumption,食物與飲料（居家消費）,-0.02,official
2015-03,m10,Clothing and footwear,服裝與鞋類,0.02,official
2015-03,m11,Gasoline and other energy goods,汽油與其他能源商品,0.1,official
2015-03,m12,Other nondurable goods,其他非耐久財,0.01,official
2015-03,m15,Housing and utilities,住宅與公用事業,0.02,official
2015-03,m16,Health care,醫療服務,0.01,official
2015-03,m17,Transportation services,運輸服務,0.0,official
2015-03,m18,Recreation services,休閒服務,0.01,official
2015-03,m19,Food services and accommodations,餐飲與住宿,0.02,official
2015-03,m20,Financial services and insurance,金融服務與保險,0.03,official
2015-03,m21,Other services,其他服務,0.0,official
2015-03,m22,Final consumption expenditures of nonprofit institutions serving households,服務家庭之非營利機構淨消費,0.01,official
2015-03,residual,Residual,差額,-0.0009992254066602535,official
2015-04,m4,Motor vehicles and parts,汽車與零組件,0.01,official
2015-04,m5,Furnishings and durable household equipment,家具與耐久家用設備,0.02,official
2015-04,m6,Recreational goods and vehicles,休閒商品與交通工具,0.0,official
2015-04,m7,Other durable goods,其他耐久財,-0.01,official
2015-04,m9,Food and beverages purchased for off-premises consumption,食物與飲料（居家消費）,-0.02,official
2015-04,m10,Clothing and footwear,服裝與鞋類,0.0,official
2015-04,m11,Gasoline and other energy goods,汽油與其他能源商品,-0.05,official
2015-04,m12,Other nondurable goods,其他非耐久財,0.01,official
2015-04,m15,Housing and utilities,住宅與公用事業,0.03,official
2015-04,m16,Health care,醫療服務,0.03,official
2015-04,m17,Transportation services,運輸服務,0.0,official
2015-04,m18,Recreation services,休閒服務,0.01,official
2015-04,m19,Food services and accommodations,餐飲與住宿,0.02,official
2015-04,m20,Financial services and insurance,金融服務與保險,0.04,official
2015-04,m21,Other services,其他服務,0.0,official
2015-04,m22,Final consumption expenditures of nonprofit institutions serving households,服務家庭之非營利機構淨消費,-0.01,official
2015-04,residual,Residual,差額,0.008652482269502285,official
2015-05,m4,Motor vehicles and parts,汽車與零組件,0.01,official
2015-05,m5,Furnishings and durable household equipment,家具與耐久家用設備,-0.01,official
2015-05,m6,Recreational goods and vehicles,休閒商品與交通工具,0.0,official
2015-05,m7,Other durable goods,其他耐久財,0.0,official
2015-05,m9,Food and beverages purchased for off-premises consumption,食物與飲料（居家消費）,0.0,official
2015-05,m10,Clothing and footwear,服裝與鞋類,-0.01,official
2015-05,m11,Gasoline and other energy goods,汽油與其他能源商品,0.15,official
2015-05,m12,Other nondurable goods,其他非耐久財,0.02,official
2015-05,m15,Housing and utilities,住宅與公用事業,0.02,official
2015-05,m16,Health care,醫療服務,0.0,official
2015-05,m17,Transportation services,運輸服務,0.0,official
2015-05,m18,Recreation services,休閒服務,0.01,official
2015-05,m19,Food services and accommodations,餐飲與住宿,0.0,official
2015-05,m20,Financial services and insurance,金融服務與保險,0.03,official
2015-05,m21,Other services,其他服務,0.0,official
2015-05,m22,Final consumption expenditures of nonprofit institutions serving households,服務家庭之非營利機構淨消費,0.03,official
2015-05,residual,Residual,差額,-0.010026366201826065,official
2015-06,m4,Motor vehicles and parts,汽車與零組件,0.01,official
2015-06,m5,Furnishings and durable household equipment,家具與耐久家用設備,-0.01,official
2015-06,m6,Recreational goods and vehicles,休閒商品與交通工具,-0.01,official
2015-06,m7,Other durable goods,其他耐久財,0.0,official
2015-06,m9,Food and beverages purchased for off-premises consumption,食物與飲料（居家消費）,0.02,official
2015-06,m10,Clothing and footwear,服裝與鞋類,-0.01,official
2015-06,m11,Gasoline and other energy goods,汽油與其他能源商品,0.06,official
2015-06,m12,Other nondurable goods,其他非耐久財,-0.01,official
2015-06,m15,Housing and utilities,住宅與公用事業,0.06,official
2015-06,m16,Health care,醫療服務,0.01,official
2015-06,m17,Transportation services,運輸服務,-0.01,official
2015-06,m18,Recreation services,休閒服務,0.02,official
2015-06,m19,Food services and accommodations,餐飲與住宿,-0.01,official
2015-06,m20,Financial services and insurance,金融服務與保險,0.04,official
2015-06,m21,Other services,其他服務,0.03,official
2015-06,m22,Final consumption expenditures of nonprofit institutions serving households,服務家庭之非營利機構淨消費,0.01,official
2015-06,residual,Residual,差額,-0.00580928211082446,official
2015-07,m4,Motor vehicles and parts,汽車與零組件,-0.01,official
2015-07,m5,Furnishings and durable household equipment,家具與耐久家用設備,-0.01,official
2015-07,m6,Recreational goods and vehicles,休閒商品與交通工具,-0.02,official
2015-07,m7,Other durable goods,其他耐久財,0.0,official
2015-07,m9,Food and beverages purchased for off-premises consumption,食物與飲料（居家消費）,0.01,official
2015-07,m10,Clothing and footwear,服裝與鞋類,0.0,official
2015-07,m11,Gasoline and other energy goods,汽油與其他能源商品,0.0,official
2015-07,m12,Other nondurable goods,其他非耐久財,0.0,official
2015-07,m15,Housing and utilities,住宅與公用事業,0.04,official
2015-07,m16,Health care,醫療服務,0.02,official
2015-07,m17,Transportation services,運輸服務,0.01,official
2015-07,m18,Recreation services,休閒服務,0.01,official
2015-07,m19,Food services and accommodations,餐飲與住宿,0.03,official
2015-07,m20,Financial services and insurance,金融服務與保險,0.02,official
2015-07,m21,Other services,其他服務,0.0,official
2015-07,m22,Final consumption expenditures of nonprofit institutions serving households,服務家庭之非營利機構淨消費,-0.01,official
2015-07,residual,Residual,差額,0.001267074121170747,official
2015-08,m4,Motor vehicles and parts,汽車與零組件,-0.01,official
2015-08,m5,Furnishings and durable household equipment,家具與耐久家用設備,-0.01,official
2015-08,m6,Recreational goods and vehicles,休閒商品與交通工具,0.0,official
2015-08,m7,Other durable goods,其他耐久財,-0.02,official
2015-08,m9,Food and beverages purchased for off-premises consumption,食物與飲料（居家消費）,0.01,official
2015-08,m10,Clothing and footwear,服裝與鞋類,0.01,official
2015-08,m11,Gasoline and other energy goods,汽油與其他能源商品,-0.08,official
2015-08,m12,Other nondurable goods,其他非耐久財,-0.01,official
2015-08,m15,Housing and utilities,住宅與公用事業,0.04,official
2015-08,m16,Health care,醫療服務,0.03,official
2015-08,m17,Transportation services,運輸服務,-0.01,official
2015-08,m18,Recreation services,休閒服務,0.0,official
2015-08,m19,Food services and accommodations,餐飲與住宿,0.0,official
2015-08,m20,Financial services and insurance,金融服務與保險,0.02,official
2015-08,m21,Other services,其他服務,0.01,official
2015-08,m22,Final consumption expenditures of nonprofit institutions serving households,服務家庭之非營利機構淨消費,0.02,official
2015-08,residual,Residual,差額,0.007171763741609107,official
2015-09,m4,Motor vehicles and parts,汽車與零組件,0.0,official
2015-09,m5,Furnishings and durable household equipment,家具與耐久家用設備,0.01,official
2015-09,m6,Recreational goods and vehicles,休閒商品與交通工具,0.01,official
2015-09,m7,Other durable goods,其他耐久財,0.0,official
2015-09,m9,Food and beverages purchased for off-premises consumption,食物與飲料（居家消費）,0.01,official
2015-09,m10,Clothing and footwear,服裝與鞋類,0.0,official
2015-09,m11,Gasoline and other energy goods,汽油與其他能源商品,-0.27,official
2015-09,m12,Other nondurable goods,其他非耐久財,0.02,official
2015-09,m15,Housing and utilities,住宅與公用事業,0.04,official
2015-09,m16,Health care,醫療服務,0.02,official
2015-09,m17,Transportation services,運輸服務,0.0,official
2015-09,m18,Recreation services,休閒服務,-0.01,official
2015-09,m19,Food services and accommodations,餐飲與住宿,0.04,official
2015-09,m20,Financial services and insurance,金融服務與保險,-0.01,official
2015-09,m21,Other services,其他服務,0.01,official
2015-09,m22,Final consumption expenditures of nonprofit institutions serving households,服務家庭之非營利機構淨消費,0.0,official
2015-09,residual,Residual,差額,-0.008302667704781608,official
2015-10,m4,Motor vehicles and parts,汽車與零組件,-0.02,official
2015-10,m5,Furnishings and durable household equipment,家具與耐久家用設備,0.0,official
2015-10,m6,Recreational goods and vehicles,休閒商品與交通工具,-0.01,official
2015-10,m7,Other durable goods,其他耐久財,0.0,official
2015-10,m9,Food and beverages purchased for off-premises consumption,食物與飲料（居家消費）,0.01,official
2015-10,m10,Clothing and footwear,服裝與鞋類,-0.02,official
2015-10,m11,Gasoline and other energy goods,汽油與其他能源商品,-0.03,official
2015-10,m12,Other nondurable goods,其他非耐久財,0.01,official
2015-10,m15,Housing and utilities,住宅與公用事業,0.03,official
2015-10,m16,Health care,醫療服務,-0.02,official
2015-10,m17,Transportation services,運輸服務,0.0,official
2015-10,m18,Recreation services,休閒服務,0.01,official
2015-10,m19,Food services and accommodations,餐飲與住宿,0.02,official
2015-10,m20,Financial services and insurance,金融服務與保險,-0.02,official
2015-10,m21,Other services,其他服務,0.02,official
2015-10,m22,Final consumption expenditures of nonprofit institutions serving households,服務家庭之非營利機構淨消費,0.03,official
2015-10,residual,Residual,差額,-0.009999999999999998,official
2015-11,m4,Motor vehicles and parts,汽車與零組件,-0.01,official
2015-11,m5,Furnishings and durable household equipment,家具與耐久家用設備,-0.02,official
2015-11,m6,Recreational goods and vehicles,休閒商品與交通工具,0.0,official
2015-11,m7,Other durable goods,其他耐久財,-0.02,official
2015-11,m9,Food and beverages purchased for off-premises consumption,食物與飲料（居家消費）,-0.02,official
2015-11,m10,Clothing and footwear,服裝與鞋類,0.01,official
2015-11,m11,Gasoline and other energy goods,汽油與其他能源商品,0.0,official
2015-11,m12,Other nondurable goods,其他非耐久財,0.01,official
2015-11,m15,Housing and utilities,住宅與公用事業,0.03,official
2015-11,m16,Health care,醫療服務,0.02,official
2015-11,m17,Transportation services,運輸服務,0.0,official
2015-11,m18,Recreation services,休閒服務,0.0,official
2015-11,m19,Food services and accommodations,餐飲與住宿,0.02,official
2015-11,m20,Financial services and insurance,金融服務與保險,0.05,official
2015-11,m21,Other services,其他服務,0.01,official
2015-11,m22,Final consumption expenditures of nonprofit institutions serving households,服務家庭之非營利機構淨消費,-0.02,official
2015-11,residual,Residual,差額,0.0025788647578229296,official
2015-12,m4,Motor vehicles and parts,汽車與零組件,-0.01,official
2015-12,m5,Furnishings and durable household equipment,家具與耐久家用設備,0.0,official
2015-12,m6,Recreational goods and vehicles,休閒商品與交通工具,-0.02,official
2015-12,m7,Other durable goods,其他耐久財,0.0,official
2015-12,m9,Food and beverages purchased for off-premises consumption,食物與飲料（居家消費）,-0.02,official
2015-12,m10,Clothing and footwear,服裝與鞋類,0.0,official
2015-12,m11,Gasoline and other energy goods,汽油與其他能源商品,-0.1,official
2015-12,m12,Other nondurable goods,其他非耐久財,-0.01,official
2015-12,m15,Housing and utilities,住宅與公用事業,0.03,official
2015-12,m16,Health care,醫療服務,0.02,official
2015-12,m17,Transportation services,運輸服務,-0.01,official
2015-12,m18,Recreation services,休閒服務,0.0,official
2015-12,m19,Food services and accommodations,餐飲與住宿,0.0,official
2015-12,m20,Financial services and insurance,金融服務與保險,0.03,official
2015-12,m21,Other services,其他服務,0.0,official
2015-12,m22,Final consumption expenditures of nonprofit institutions serving households,服務家庭之非營利機構淨消費,0.0,official
2015-12,residual,Residual,差額,0.0059302015624750765,official
2016-01,m4,Motor vehicles and parts,汽車與零組件,0.0,official
2016-01,m5,Furnishings and durable household equipment,家具與耐久家用設備,0.01,official
2016-01,m6,Recreational goods and vehicles,休閒商品與交通工具,-0.02,official
2016-01,m7,Other durable goods,其他耐久財,0.01,official
2016-01,m9,Food and beverages purchased for off-premises consumption,食物與飲料（居家消費）,0.0,official
2016-01,m10,Clothing and footwear,服裝與鞋類,-0.03,official
2016-01,m11,Gasoline and other energy goods,汽油與其他能源商品,-0.11,official
2016-01,m12,Other nondurable goods,其他非耐久財,0.01,official
2016-01,m15,Housing and utilities,住宅與公用事業,0.04,official
2016-01,m16,Health care,醫療服務,-0.01,official
2016-01,m17,Transportation services,運輸服務,0.02,official
2016-01,m18,Recreation services,休閒服務,0.01,official
2016-01,m19,Food services and accommodations,餐飲與住宿,0.03,official
2016-01,m20,Financial services and insurance,金融服務與保險,0.06,official
2016-01,m21,Other services,其他服務,0.0,official
2016-01,m22,Final consumption expenditures of nonprofit institutions serving households,服務家庭之非營利機構淨消費,0.01,official
2016-01,residual,Residual,差額,0.01104416351993212,official
2016-02,m4,Motor vehicles and parts,汽車與零組件,0.0,official
2016-02,m5,Furnishings and durable household equipment,家具與耐久家用設備,-0.02,official
2016-02,m6,Recreational goods and vehicles,休閒商品與交通工具,-0.01,official
2016-02,m7,Other durable goods,其他耐久財,0.01,official
2016-02,m9,Food and beverages purchased for off-premises consumption,食物與飲料（居家消費）,0.01,official
2016-02,m10,Clothing and footwear,服裝與鞋類,0.01,official
2016-02,m11,Gasoline and other energy goods,汽油與其他能源商品,-0.21,official
2016-02,m12,Other nondurable goods,其他非耐久財,0.03,official
2016-02,m15,Housing and utilities,住宅與公用事業,0.04,official
2016-02,m16,Health care,醫療服務,0.03,official
2016-02,m17,Transportation services,運輸服務,0.01,official
2016-02,m18,Recreation services,休閒服務,0.01,official
2016-02,m19,Food services and accommodations,餐飲與住宿,0.01,official
2016-02,m20,Financial services and insurance,金融服務與保險,0.0,official
2016-02,m21,Other services,其他服務,-0.01,official
2016-02,m22,Final consumption expenditures of nonprofit institutions serving households,服務家庭之非營利機構淨消費,0.03,official
2016-02,residual,Residual,差額,0.0076901616476509616,official
2016-03,m4,Motor vehicles and parts,汽車與零組件,0.0,official
2016-03,m5,Furnishings and durable household equipment,家具與耐久家用設備,0.0,official
2016-03,m6,Recreational goods and vehicles,休閒商品與交通工具,-0.02,official
2016-03,m7,Other durable goods,其他耐久財,-0.02,official
2016-03,m9,Food and beverages purchased for off-premises consumption,食物與飲料（居家消費）,-0.03,official
2016-03,m10,Clothing and footwear,服裝與鞋類,0.01,official
2016-03,m11,Gasoline and other energy goods,汽油與其他能源商品,0.14,official
2016-03,m12,Other nondurable goods,其他非耐久財,0.0,official
2016-03,m15,Housing and utilities,住宅與公用事業,0.04,official
2016-03,m16,Health care,醫療服務,0.01,official
2016-03,m17,Transportation services,運輸服務,0.01,official
2016-03,m18,Recreation services,休閒服務,0.02,official
2016-03,m19,Food services and accommodations,餐飲與住宿,0.01,official
2016-03,m20,Financial services and insurance,金融服務與保險,0.05,official
2016-03,m21,Other services,其他服務,0.02,official
2016-03,m22,Final consumption expenditures of nonprofit institutions serving households,服務家庭之非營利機構淨消費,0.0,official
2016-03,residual,Residual,差額,-0.0060218584842662015,official
2016-04,m4,Motor vehicles and parts,汽車與零組件,0.01,official
2016-04,m5,Furnishings and durable household equipment,家具與耐久家用設備,0.0,official
2016-04,m6,Recreational goods and vehicles,休閒商品與交通工具,0.02,official
2016-04,m7,Other durable goods,其他耐久財,0.01,official
2016-04,m9,Food and beverages purchased for off-premises consumption,食物與飲料（居家消費）,0.0,official
2016-04,m10,Clothing and footwear,服裝與鞋類,0.0,official
2016-04,m11,Gasoline and other energy goods,汽油與其他能源商品,0.11,official
2016-04,m12,Other nondurable goods,其他非耐久財,0.01,official
2016-04,m15,Housing and utilities,住宅與公用事業,0.05,official
2016-04,m16,Health care,醫療服務,0.02,official
2016-04,m17,Transportation services,運輸服務,0.0,official
2016-04,m18,Recreation services,休閒服務,0.02,official
2016-04,m19,Food services and accommodations,餐飲與住宿,0.0,official
2016-04,m20,Financial services and insurance,金融服務與保險,0.05,official
2016-04,m21,Other services,其他服務,0.01,official
2016-04,m22,Final consumption expenditures of nonprofit institutions serving households,服務家庭之非營利機構淨消費,0.02,official
2016-04,residual,Residual,差額,-0.002376194035217105,official
2016-05,m4,Motor vehicles and parts,汽車與零組件,0.0,official
2016-05,m5,Furnishings and durable household equipment,家具與耐久家用設備,-0.01,official
2016-05,m6,Recreational goods and vehicles,休閒商品與交通工具,-0.05,official
2016-05,m7,Other durable goods,其他耐久財,0.02,official
2016-05,m9,Food and beverages purchased for off-premises consumption,食物與飲料（居家消費）,-0.03,official
2016-05,m10,Clothing and footwear,服裝與鞋類,0.02,official
2016-05,m11,Gasoline and other energy goods,汽油與其他能源商品,0.04,official
2016-05,m12,Other nondurable goods,其他非耐久財,-0.02,official
2016-05,m15,Housing and utilities,住宅與公用事業,0.06,official
2016-05,m16,Health care,醫療服務,0.04,official
2016-05,m17,Transportation services,運輸服務,-0.01,official
2016-05,m18,Recreation services,休閒服務,0.01,official
2016-05,m19,Food services and accommodations,餐飲與住宿,0.02,official
2016-05,m20,Financial services and insurance,金融服務與保險,0.06,official
2016-05,m21,Other services,其他服務,0.03,official
2016-05,m22,Final consumption expenditures of nonprofit institutions serving households,服務家庭之非營利機構淨消費,-0.01,official
2016-05,residual,Residual,差額,-0.006723031236918031,official
2016-06,m4,Motor vehicles and parts,汽車與零組件,-0.01,official
2016-06,m5,Furnishings and durable household equipment,家具與耐久家用設備,-0.01,official
2016-06,m6,Recreational goods and vehicles,休閒商品與交通工具,-0.02,official
2016-06,m7,Other durable goods,其他耐久財,-0.01,official
2016-06,m9,Food and beverages purchased for off-premises consumption,食物與飲料（居家消費）,-0.02,official
2016-06,m10,Clothing and footwear,服裝與鞋類,-0.01,official
2016-06,m11,Gasoline and other energy goods,汽油與其他能源商品,0.1,official
2016-06,m12,Other nondurable goods,其他非耐久財,0.02,official
2016-06,m15,Housing and utilities,住宅與公用事業,0.05,official
2016-06,m16,Health care,醫療服務,0.01,official
2016-06,m17,Transportation services,運輸服務,0.02,official
2016-06,m18,Recreation services,休閒服務,0.02,official
2016-06,m19,Food services and accommodations,餐飲與住宿,0.02,official
2016-06,m20,Financial services and insurance,金融服務與保險,0.03,official
2016-06,m21,Other services,其他服務,-0.01,official
2016-06,m22,Final consumption expenditures of nonprofit institutions serving households,服務家庭之非營利機構淨消費,0.01,official
2016-06,residual,Residual,差額,-0.014763379621606065,official
2016-07,m4,Motor vehicles and parts,汽車與零組件,-0.01,official
2016-07,m5,Furnishings and durable household equipment,家具與耐久家用設備,-0.01,official
2016-07,m6,Recreational goods and vehicles,休閒商品與交通工具,0.0,official
2016-07,m7,Other durable goods,其他耐久財,-0.02,official
2016-07,m9,Food and beverages purchased for off-premises consumption,食物與飲料（居家消費）,-0.01,official
2016-07,m10,Clothing and footwear,服裝與鞋類,-0.01,official
2016-07,m11,Gasoline and other energy goods,汽油與其他能源商品,-0.12,official
2016-07,m12,Other nondurable goods,其他非耐久財,0.01,official
2016-07,m15,Housing and utilities,住宅與公用事業,0.06,official
2016-07,m16,Health care,醫療服務,0.04,official
2016-07,m17,Transportation services,運輸服務,0.02,official
2016-07,m18,Recreation services,休閒服務,0.0,official
2016-07,m19,Food services and accommodations,餐飲與住宿,0.0,official
2016-07,m20,Financial services and insurance,金融服務與保險,0.04,official
2016-07,m21,Other services,其他服務,0.01,official
2016-07,m22,Final consumption expenditures of nonprofit institutions serving households,服務家庭之非營利機構淨消費,0.0,official
2016-07,residual,Residual,差額,0.017289600813619185,official
2016-08,m4,Motor vehicles and parts,汽車與零組件,0.0,official
2016-08,m5,Furnishings and durable household equipment,家具與耐久家用設備,-0.02,official
2016-08,m6,Recreational goods and vehicles,休閒商品與交通工具,-0.01,official
2016-08,m7,Other durable goods,其他耐久財,0.01,official
2016-08,m9,Food and beverages purchased for off-premises consumption,食物與飲料（居家消費）,-0.01,official
2016-08,m10,Clothing and footwear,服裝與鞋類,0.0,official
2016-08,m11,Gasoline and other energy goods,汽油與其他能源商品,-0.02,official
2016-08,m12,Other nondurable goods,其他非耐久財,0.04,official
2016-08,m15,Housing and utilities,住宅與公用事業,0.05,official
2016-08,m16,Health care,醫療服務,0.03,official
2016-08,m17,Transportation services,運輸服務,-0.01,official
2016-08,m18,Recreation services,休閒服務,0.0,official
2016-08,m19,Food services and accommodations,餐飲與住宿,0.02,official
2016-08,m20,Financial services and insurance,金融服務與保險,0.03,official
2016-08,m21,Other services,其他服務,0.01,official
2016-08,m22,Final consumption expenditures of nonprofit institutions serving households,服務家庭之非營利機構淨消費,0.02,official
2016-08,residual,Residual,差額,-0.0006902442496613537,official
2016-09,m4,Motor vehicles and parts,汽車與零組件,0.02,official
2016-09,m5,Furnishings and durable household equipment,家具與耐久家用設備,0.0,official
2016-09,m6,Recreational goods and vehicles,休閒商品與交通工具,-0.02,official
2016-09,m7,Other durable goods,其他耐久財,-0.01,official
2016-09,m9,Food and beverages purchased for off-premises consumption,食物與飲料（居家消費）,-0.01,official
2016-09,m10,Clothing and footwear,服裝與鞋類,0.0,official
2016-09,m11,Gasoline and other energy goods,汽油與其他能源商品,0.07,official
2016-09,m12,Other nondurable goods,其他非耐久財,0.04,official
2016-09,m15,Housing and utilities,住宅與公用事業,0.07,official
2016-09,m16,Health care,醫療服務,0.02,official
2016-09,m17,Transportation services,運輸服務,-0.04,official
2016-09,m18,Recreation services,休閒服務,0.01,official
2016-09,m19,Food services and accommodations,餐飲與住宿,0.02,official
2016-09,m20,Financial services and insurance,金融服務與保險,0.01,official
2016-09,m21,Other services,其他服務,0.02,official
2016-09,m22,Final consumption expenditures of nonprofit institutions serving households,服務家庭之非營利機構淨消費,0.0,official
2016-09,residual,Residual,差額,-0.010111800485379352,official
2016-10,m4,Motor vehicles and parts,汽車與零組件,-0.02,official
2016-10,m5,Furnishings and durable household equipment,家具與耐久家用設備,0.01,official
2016-10,m6,Recreational goods and vehicles,休閒商品與交通工具,-0.02,official
2016-10,m7,Other durable goods,其他耐久財,0.0,official
2016-10,m9,Food and beverages purchased for off-premises consumption,食物與飲料（居家消費）,0.0,official
2016-10,m10,Clothing and footwear,服裝與鞋類,0.02,official
2016-10,m11,Gasoline and other energy goods,汽油與其他能源商品,0.09,official
2016-10,m12,Other nondurable goods,其他非耐久財,-0.02,official
2016-10,m15,Housing and utilities,住宅與公用事業,0.05,official
2016-10,m16,Health care,醫療服務,0.02,official
2016-10,m17,Transportation services,運輸服務,0.0,official
2016-10,m18,Recreation services,休閒服務,0.0,official
2016-10,m19,Food services and accommodations,餐飲與住宿,0.02,official
2016-10,m20,Financial services and insurance,金融服務與保險,0.03,official
2016-10,m21,Other services,其他服務,-0.01,official
2016-10,m22,Final consumption expenditures of nonprofit institutions serving households,服務家庭之非營利機構淨消費,0.02,official
2016-10,residual,Residual,差額,0.014731113048062239,official
2016-11,m4,Motor vehicles and parts,汽車與零組件,-0.02,official
2016-11,m5,Furnishings and durable household equipment,家具與耐久家用設備,-0.02,official
2016-11,m6,Recreational goods and vehicles,休閒商品與交通工具,-0.03,official
2016-11,m7,Other durable goods,其他耐久財,0.0,official
2016-11,m9,Food and beverages purchased for off-premises consumption,食物與飲料（居家消費）,-0.02,official
2016-11,m10,Clothing and footwear,服裝與鞋類,0.0,official
2016-11,m11,Gasoline and other energy goods,汽油與其他能源商品,0.01,official
2016-11,m12,Other nondurable goods,其他非耐久財,-0.02,official
2016-11,m15,Housing and utilities,住宅與公用事業,0.05,official
2016-11,m16,Health care,醫療服務,0.02,official
2016-11,m17,Transportation services,運輸服務,0.02,official
2016-11,m18,Recreation services,休閒服務,0.0,official
2016-11,m19,Food services and accommodations,餐飲與住宿,0.0,official
2016-11,m20,Financial services and insurance,金融服務與保險,0.02,official
2016-11,m21,Other services,其他服務,0.0,official
2016-11,m22,Final consumption expenditures of nonprofit institutions serving households,服務家庭之非營利機構淨消費,0.01,official
2016-11,residual,Residual,差額,0.013377837116166372,official
2016-12,m4,Motor vehicles and parts,汽車與零組件,0.0,official
2016-12,m5,Furnishings and durable household equipment,家具與耐久家用設備,-0.01,official
2016-12,m6,Recreational goods and vehicles,休閒商品與交通工具,-0.01,official
2016-12,m7,Other durable goods,其他耐久財,0.0,official
2016-12,m9,Food and beverages purchased for off-premises consumption,食物與飲料（居家消費）,-0.01,official
2016-12,m10,Clothing and footwear,服裝與鞋類,-0.01,official
2016-12,m11,Gasoline and other energy goods,汽油與其他能源商品,0.08,official
2016-12,m12,Other nondurable goods,其他非耐久財,0.01,official
2016-12,m15,Housing and utilities,住宅與公用事業,0.04,official
2016-12,m16,Health care,醫療服務,0.02,official
2016-12,m17,Transportation services,運輸服務,0.03,official
2016-12,m18,Recreation services,休閒服務,0.0,official
2016-12,m19,Food services and accommodations,餐飲與住宿,0.01,official
2016-12,m20,Financial services and insurance,金融服務與保險,0.02,official
2016-12,m21,Other services,其他服務,-0.01,official
2016-12,m22,Final consumption expenditures of nonprofit institutions serving households,服務家庭之非營利機構淨消費,0.01,official
2016-12,residual,Residual,差額,0.0018890607779410706,official
2017-01,m4,Motor vehicles and parts,汽車與零組件,0.0,official
2017-01,m5,Furnishings and durable household equipment,家具與耐久家用設備,0.02,official
2017-01,m6,Recreational goods and vehicles,休閒商品與交通工具,0.02,official
2017-01,m7,Other durable goods,其他耐久財,0.0,official
2017-01,m9,Food and beverages purchased for off-premises consumption,食物與飲料（居家消費）,0.01,official
2017-01,m10,Clothing and footwear,服裝與鞋類,0.0,official
2017-01,m11,Gasoline and other energy goods,汽油與其他能源商品,0.13,official
2017-01,m12,Other nondurable goods,其他非耐久財,0.01,official
2017-01,m15,Housing and utilities,住宅與公用事業,0.05,official
2017-01,m16,Health care,醫療服務,0.01,official
2017-01,m17,Transportation services,運輸服務,0.0,official
2017-01,m18,Recreation services,休閒服務,0.03,official
2017-01,m19,Food services and accommodations,餐飲與住宿,0.02,official
2017-01,m20,Financial services and insurance,金融服務與保險,0.05,official
2017-01,m21,Other services,其他服務,0.02,official
2017-01,m22,Final consumption expenditures of nonprofit institutions serving households,服務家庭之非營利機構淨消費,0.01,official
2017-01,residual,Residual,差額,0.003563303085665548,official
2017-02,m4,Motor vehicles and parts,汽車與零組件,0.0,official
2017-02,m5,Furnishings and durable household equipment,家具與耐久家用設備,-0.01,official
2017-02,m6,Recreational goods and vehicles,休閒商品與交通工具,-0.01,official
2017-02,m7,Other durable goods,其他耐久財,0.01,official
2017-02,m9,Food and beverages purchased for off-premises consumption,食物與飲料（居家消費）,0.01,official
2017-02,m10,Clothing and footwear,服裝與鞋類,0.0,official
2017-02,m11,Gasoline and other energy goods,汽油與其他能源商品,-0.04,official
2017-02,m12,Other nondurable goods,其他非耐久財,0.02,official
2017-02,m15,Housing and utilities,住宅與公用事業,0.05,official
2017-02,m16,Health care,醫療服務,0.01,official
2017-02,m17,Transportation services,運輸服務,0.01,official
2017-02,m18,Recreation services,休閒服務,0.03,official
2017-02,m19,Food services and accommodations,餐飲與住宿,0.01,official
2017-02,m20,Financial services and insurance,金融服務與保險,0.0,official
2017-02,m21,Other services,其他服務,0.0,official
2017-02,m22,Final consumption expenditures of nonprofit institutions serving households,服務家庭之非營利機構淨消費,0.03,official
2017-02,residual,Residual,差額,0.015745241375162533,official
2017-03,m4,Motor vehicles and parts,汽車與零組件,0.0,official
2017-03,m5,Furnishings and durable household equipment,家具與耐久家用設備,-0.01,official
2017-03,m6,Recreational goods and vehicles,休閒商品與交通工具,-0.02,official
2017-03,m7,Other durable goods,其他耐久財,-0.01,official
2017-03,m9,Food and beverages purchased for off-premises consumption,食物與飲料（居家消費）,0.02,official
2017-03,m10,Clothing and footwear,服裝與鞋類,0.01,official
2017-03,m11,Gasoline and other energy goods,汽油與其他能源商品,-0.03,official
2017-03,m12,Other nondurable goods,其他非耐久財,0.0,official
2017-03,m15,Housing and utilities,住宅與公用事業,0.03,official
2017-03,m16,Health care,醫療服務,0.03,official
2017-03,m17,Transportation services,運輸服務,-0.05,official
2017-03,m18,Recreation services,休閒服務,0.0,official
2017-03,m19,Food services and accommodations,餐飲與住宿,-0.01,official
2017-03,m20,Financial services and insurance,金融服務與保險,0.02,official
2017-03,m21,Other services,其他服務,-0.02,official
2017-03,m22,Final consumption expenditures of nonprofit institutions serving households,服務家庭之非營利機構淨消費,-0.02,official
2017-03,residual,Residual,差額,0.008787982246500854,official
2017-04,m4,Motor vehicles and parts,汽車與零組件,0.0,official
2017-04,m5,Furnishings and durable household equipment,家具與耐久家用設備,-0.01,official
2017-04,m6,Recreational goods and vehicles,休閒商品與交通工具,-0.01,official
2017-04,m7,Other durable goods,其他耐久財,0.01,official
2017-04,m9,Food and beverages purchased for off-premises consumption,食物與飲料（居家消費）,0.01,official
2017-04,m10,Clothing and footwear,服裝與鞋類,-0.01,official
2017-04,m11,Gasoline and other energy goods,汽油與其他能源商品,-0.01,official
2017-04,m12,Other nondurable goods,其他非耐久財,0.0,official
2017-04,m15,Housing and utilities,住宅與公用事業,0.05,official
2017-04,m16,Health care,醫療服務,0.02,official
2017-04,m17,Transportation services,運輸服務,0.03,official
2017-04,m18,Recreation services,休閒服務,0.01,official
2017-04,m19,Food services and accommodations,餐飲與住宿,0.03,official
2017-04,m20,Financial services and insurance,金融服務與保險,0.07,official
2017-04,m21,Other services,其他服務,-0.01,official
2017-04,m22,Final consumption expenditures of nonprofit institutions serving households,服務家庭之非營利機構淨消費,0.03,official
2017-04,residual,Residual,差額,-0.01911237253227155,official
2017-05,m4,Motor vehicles and parts,汽車與零組件,0.0,official
2017-05,m5,Furnishings and durable household equipment,家具與耐久家用設備,-0.01,official
2017-05,m6,Recreational goods and vehicles,休閒商品與交通工具,0.0,official
2017-05,m7,Other durable goods,其他耐久財,-0.01,official
2017-05,m9,Food and beverages purchased for off-premises consumption,食物與飲料（居家消費）,0.0,official
2017-05,m10,Clothing and footwear,服裝與鞋類,-0.01,official
2017-05,m11,Gasoline and other energy goods,汽油與其他能源商品,-0.12,official
2017-05,m12,Other nondurable goods,其他非耐久財,-0.02,official
2017-05,m15,Housing and utilities,住宅與公用事業,0.05,official
2017-05,m16,Health care,醫療服務,0.02,official
2017-05,m17,Transportation services,運輸服務,0.0,official
2017-05,m18,Recreation services,休閒服務,0.0,official
2017-05,m19,Food services and accommodations,餐飲與住宿,0.01,official
2017-05,m20,Financial services and insurance,金融服務與保險,0.06,official
2017-05,m21,Other services,其他服務,0.01,official
2017-05,m22,Final consumption expenditures of nonprofit institutions serving households,服務家庭之非營利機構淨消費,-0.02,official
2017-05,residual,Residual,差額,-0.0031185760842223215,official
2017-06,m4,Motor vehicles and parts,汽車與零組件,-0.02,official
2017-06,m5,Furnishings and durable household equipment,家具與耐久家用設備,-0.01,official
2017-06,m6,Recreational goods and vehicles,休閒商品與交通工具,0.0,official
2017-06,m7,Other durable goods,其他耐久財,-0.01,official
2017-06,m9,Food and beverages purchased for off-premises consumption,食物與飲料（居家消費）,-0.01,official
2017-06,m10,Clothing and footwear,服裝與鞋類,0.0,official
2017-06,m11,Gasoline and other energy goods,汽油與其他能源商品,-0.03,official
2017-06,m12,Other nondurable goods,其他非耐久財,0.02,official
2017-06,m15,Housing and utilities,住宅與公用事業,0.05,official
2017-06,m16,Health care,醫療服務,0.03,official
2017-06,m17,Transportation services,運輸服務,0.02,official
2017-06,m18,Recreation services,休閒服務,0.0,official
2017-06,m19,Food services and accommodations,餐飲與住宿,-0.01,official
2017-06,m20,Financial services and insurance,金融服務與保險,0.05,official
2017-06,m21,Other services,其他服務,0.01,official
2017-06,m22,Final consumption expenditures of nonprofit institutions serving households,服務家庭之非營利機構淨消費,-0.01,official
2017-06,residual,Residual,差額,0.00426797215144166,official
2017-07,m4,Motor vehicles and parts,汽車與零組件,-0.02,official
2017-07,m5,Furnishings and durable household equipment,家具與耐久家用設備,-0.02,official
2017-07,m6,Recreational goods and vehicles,休閒商品與交通工具,0.01,official
2017-07,m7,Other durable goods,其他耐久財,-0.01,official
2017-07,m9,Food and beverages purchased for off-premises consumption,食物與飲料（居家消費）,0.01,official
2017-07,m10,Clothing and footwear,服裝與鞋類,0.0,official
2017-07,m11,Gasoline and other energy goods,汽油與其他能源商品,-0.04,official
2017-07,m12,Other nondurable goods,其他非耐久財,0.03,official
2017-07,m15,Housing and utilities,住宅與公用事業,0.04,official
2017-07,m16,Health care,醫療服務,0.0,official
2017-07,m17,Transportation services,運輸服務,-0.02,official
2017-07,m18,Recreation services,休閒服務,0.02,official
2017-07,m19,Food services and accommodations,餐飲與住宿,-0.03,official
2017-07,m20,Financial services and insurance,金融服務與保險,0.01,official
2017-07,m21,Other services,其他服務,0.02,official
2017-07,m22,Final consumption expenditures of nonprofit institutions serving households,服務家庭之非營利機構淨消費,0.02,official
2017-07,residual,Residual,差額,0.0170867830723709,official
2017-08,m4,Motor vehicles and parts,汽車與零組件,0.0,official
2017-08,m5,Furnishings and durable household equipment,家具與耐久家用設備,0.0,official
2017-08,m6,Recreational goods and vehicles,休閒商品與交通工具,-0.02,official
2017-08,m7,Other durable goods,其他耐久財,0.0,official
2017-08,m9,Food and beverages purchased for off-premises consumption,食物與飲料（居家消費）,0.0,official
2017-08,m10,Clothing and footwear,服裝與鞋類,0.0,official
2017-08,m11,Gasoline and other energy goods,汽油與其他能源商品,0.13,official
2017-08,m12,Other nondurable goods,其他非耐久財,-0.01,official
2017-08,m15,Housing and utilities,住宅與公用事業,0.05,official
2017-08,m16,Health care,醫療服務,0.01,official
2017-08,m17,Transportation services,運輸服務,0.0,official
2017-08,m18,Recreation services,休閒服務,0.02,official
2017-08,m19,Food services and accommodations,餐飲與住宿,0.06,official
2017-08,m20,Financial services and insurance,金融服務與保險,0.03,official
2017-08,m21,Other services,其他服務,-0.04,official
2017-08,m22,Final consumption expenditures of nonprofit institutions serving households,服務家庭之非營利機構淨消費,0.01,official
2017-08,residual,Residual,差額,-0.015557848962459486,official
2017-09,m4,Motor vehicles and parts,汽車與零組件,-0.02,official
2017-09,m5,Furnishings and durable household equipment,家具與耐久家用設備,-0.01,official
2017-09,m6,Recreational goods and vehicles,休閒商品與交通工具,-0.01,official
2017-09,m7,Other durable goods,其他耐久財,0.01,official
2017-09,m9,Food and beverages purchased for off-premises consumption,食物與飲料（居家消費）,0.0,official
2017-09,m10,Clothing and footwear,服裝與鞋類,0.01,official
2017-09,m11,Gasoline and other energy goods,汽油與其他能源商品,0.26,official
2017-09,m12,Other nondurable goods,其他非耐久財,-0.01,official
2017-09,m15,Housing and utilities,住宅與公用事業,0.04,official
2017-09,m16,Health care,醫療服務,0.04,official
2017-09,m17,Transportation services,運輸服務,0.02,official
2017-09,m18,Recreation services,休閒服務,0.0,official
2017-09,m19,Food services and accommodations,餐飲與住宿,0.03,official
2017-09,m20,Financial services and insurance,金融服務與保險,0.01,official
2017-09,m21,Other services,其他服務,0.01,official
2017-09,m22,Final consumption expenditures of nonprofit institutions serving households,服務家庭之非營利機構淨消費,0.01,official
2017-09,residual,Residual,差額,-0.017100682815639145,official
2017-10,m4,Motor vehicles and parts,汽車與零組件,0.02,official
2017-10,m5,Furnishings and durable household equipment,家具與耐久家用設備,0.0,official
2017-10,m6,Recreational goods and vehicles,休閒商品與交通工具,0.01,official
2017-10,m7,Other durable goods,其他耐久財,0.0,official
2017-10,m9,Food and beverages purchased for off-premises consumption,食物與飲料（居家消費）,0.01,official
2017-10,m10,Clothing and footwear,服裝與鞋類,0.01,official
2017-10,m11,Gasoline and other energy goods,汽油與其他能源商品,-0.09,official
2017-10,m12,Other nondurable goods,其他非耐久財,0.0,official
2017-10,m15,Housing and utilities,住宅與公用事業,0.04,official
2017-10,m16,Health care,醫療服務,0.07,official
2017-10,m17,Transportation services,運輸服務,0.01,official
2017-10,m18,Recreation services,休閒服務,0.0,official
2017-10,m19,Food services and accommodations,餐飲與住宿,0.03,official
2017-10,m20,Financial services and insurance,金融服務與保險,0.05,official
2017-10,m21,Other services,其他服務,0.0,official
2017-10,m22,Final consumption expenditures of nonprofit institutions serving households,服務家庭之非營利機構淨消費,-0.04,official
2017-10,residual,Residual,差額,0.01047808764941048,official
2017-11,m4,Motor vehicles and parts,汽車與零組件,0.0,official
2017-11,m5,Furnishings and durable household equipment,家具與耐久家用設備,-0.01,official
2017-11,m6,Recreational goods and vehicles,休閒商品與交通工具,-0.03,official
2017-11,m7,Other durable goods,其他耐久財,0.0,official
2017-11,m9,Food and beverages purchased for off-premises consumption,食物與飲料（居家消費）,-0.01,official
2017-11,m10,Clothing and footwear,服裝與鞋類,-0.03,official
2017-11,m11,Gasoline and other energy goods,汽油與其他能源商品,0.11,official
2017-11,m12,Other nondurable goods,其他非耐久財,-0.01,official
2017-11,m15,Housing and utilities,住宅與公用事業,0.05,official
2017-11,m16,Health care,醫療服務,0.0,official
2017-11,m17,Transportation services,運輸服務,0.01,official
2017-11,m18,Recreation services,休閒服務,0.01,official
2017-11,m19,Food services and accommodations,餐飲與住宿,-0.01,official
2017-11,m20,Financial services and insurance,金融服務與保險,0.04,official
2017-11,m21,Other services,其他服務,0.01,official
2017-11,m22,Final consumption expenditures of nonprofit institutions serving households,服務家庭之非營利機構淨消費,0.01,official
2017-11,residual,Residual,差額,0.0032393987923940992,official
2017-12,m4,Motor vehicles and parts,汽車與零組件,0.01,official
2017-12,m5,Furnishings and durable household equipment,家具與耐久家用設備,-0.01,official
2017-12,m6,Recreational goods and vehicles,休閒商品與交通工具,-0.02,official
2017-12,m7,Other durable goods,其他耐久財,-0.01,official
2017-12,m9,Food and beverages purchased for off-premises consumption,食物與飲料（居家消費）,0.0,official
2017-12,m10,Clothing and footwear,服裝與鞋類,-0.02,official
2017-12,m11,Gasoline and other energy goods,汽油與其他能源商品,0.0,official
2017-12,m12,Other nondurable goods,其他非耐久財,0.01,official
2017-12,m15,Housing and utilities,住宅與公用事業,0.06,official
2017-12,m16,Health care,醫療服務,0.02,official
2017-12,m17,Transportation services,運輸服務,-0.02,official
2017-12,m18,Recreation services,休閒服務,0.01,official
2017-12,m19,Food services and accommodations,餐飲與住宿,0.02,official
2017-12,m20,Financial services and insurance,金融服務與保險,0.06,official
2017-12,m21,Other services,其他服務,0.01,official
2017-12,m22,Final consumption expenditures of nonprofit institutions serving households,服務家庭之非營利機構淨消費,0.0,official
2017-12,residual,Residual,差額,0.025021107524212494,official
2018-01,m4,Motor vehicles and parts,汽車與零組件,0.0,official
2018-01,m5,Furnishings and durable household equipment,家具與耐久家用設備,0.01,official
2018-01,m6,Recreational goods and vehicles,休閒商品與交通工具,0.02,official
2018-01,m7,Other durable goods,其他耐久財,0.0,official
2018-01,m9,Food and beverages purchased for off-premises consumption,食物與飲料（居家消費）,0.02,official
2018-01,m10,Clothing and footwear,服裝與鞋類,0.02,official
2018-01,m11,Gasoline and other energy goods,汽油與其他能源商品,0.08,official
2018-01,m12,Other nondurable goods,其他非耐久財,0.02,official
2018-01,m15,Housing and utilities,住宅與公用事業,0.03,official
2018-01,m16,Health care,醫療服務,0.02,official
2018-01,m17,Transportation services,運輸服務,-0.01,official
2018-01,m18,Recreation services,休閒服務,0.01,official
2018-01,m19,Food services and accommodations,餐飲與住宿,0.01,official
2018-01,m20,Financial services and insurance,金融服務與保險,0.05,official
2018-01,m21,Other services,其他服務,0.06,official
2018-01,m22,Final consumption expenditures of nonprofit institutions serving households,服務家庭之非營利機構淨消費,0.03,official
2018-01,residual,Residual,差額,0.004921891272661516,official
2018-02,m4,Motor vehicles and parts,汽車與零組件,0.0,official
2018-02,m5,Furnishings and durable household equipment,家具與耐久家用設備,0.0,official
2018-02,m6,Recreational goods and vehicles,休閒商品與交通工具,-0.04,official
2018-02,m7,Other durable goods,其他耐久財,0.01,official
2018-02,m9,Food and beverages purchased for off-premises consumption,食物與飲料（居家消費）,-0.01,official
2018-02,m10,Clothing and footwear,服裝與鞋類,0.02,official
2018-02,m11,Gasoline and other energy goods,汽油與其他能源商品,0.04,official
2018-02,m12,Other nondurable goods,其他非耐久財,0.02,official
2018-02,m15,Housing and utilities,住宅與公用事業,0.05,official
2018-02,m16,Health care,醫療服務,0.03,official
2018-02,m17,Transportation services,運輸服務,0.03,official
2018-02,m18,Recreation services,休閒服務,0.01,official
2018-02,m19,Food services and accommodations,餐飲與住宿,0.02,official
2018-02,m20,Financial services and insurance,金融服務與保險,0.02,official
2018-02,m21,Other services,其他服務,0.03,official
2018-02,m22,Final consumption expenditures of nonprofit institutions serving households,服務家庭之非營利機構淨消費,-0.01,official
2018-02,residual,Residual,差額,-0.005571003666051483,official
2018-03,m4,Motor vehicles and parts,汽車與零組件,0.0,official
2018-03,m5,Furnishings and durable household equipment,家具與耐久家用設備,-0.01,official
2018-03,m6,Recreational goods and vehicles,休閒商品與交通工具,-0.01,official
2018-03,m7,Other durable goods,其他耐久財,0.0,official
2018-03,m9,Food and beverages purchased for off-premises consumption,食物與飲料（居家消費）,0.0,official
2018-03,m10,Clothing and footwear,服裝與鞋類,0.01,official
2018-03,m11,Gasoline and other energy goods,汽油與其他能源商品,-0.09,official
2018-03,m12,Other nondurable goods,其他非耐久財,0.01,official
2018-03,m15,Housing and utilities,住宅與公用事業,0.04,official
2018-03,m16,Health care,醫療服務,0.05,official
2018-03,m17,Transportation services,運輸服務,0.01,official
2018-03,m18,Recreation services,休閒服務,0.0,official
2018-03,m19,Food services and accommodations,餐飲與住宿,0.02,official
2018-03,m20,Financial services and insurance,金融服務與保險,0.06,official
2018-03,m21,Other services,其他服務,-0.01,official
2018-03,m22,Final consumption expenditures of nonprofit institutions serving households,服務家庭之非營利機構淨消費,0.01,official
2018-03,residual,Residual,差額,0.016492072256836313,official
2018-04,m4,Motor vehicles and parts,汽車與零組件,-0.02,official
2018-04,m5,Furnishings and durable household equipment,家具與耐久家用設備,0.03,official
2018-04,m6,Recreational goods and vehicles,休閒商品與交通工具,0.01,official
2018-04,m7,Other durable goods,其他耐久財,0.0,official
2018-04,m9,Food and beverages purchased for off-premises consumption,食物與飲料（居家消費）,0.01,official
2018-04,m10,Clothing and footwear,服裝與鞋類,0.02,official
2018-04,m11,Gasoline and other energy goods,汽油與其他能源商品,0.08,official
2018-04,m12,Other nondurable goods,其他非耐久財,-0.01,official
2018-04,m15,Housing and utilities,住宅與公用事業,0.04,official
2018-04,m16,Health care,醫療服務,0.04,official
2018-04,m17,Transportation services,運輸服務,0.0,official
2018-04,m18,Recreation services,休閒服務,0.0,official
2018-04,m19,Food services and accommodations,餐飲與住宿,0.01,official
2018-04,m20,Financial services and insurance,金融服務與保險,0.02,official
2018-04,m21,Other services,其他服務,0.02,official
2018-04,m22,Final consumption expenditures of nonprofit institutions serving households,服務家庭之非營利機構淨消費,-0.01,official
2018-04,residual,Residual,差額,-0.001632717387027638,official
2018-05,m4,Motor vehicles and parts,汽車與零組件,0.01,official
2018-05,m5,Furnishings and durable household equipment,家具與耐久家用設備,-0.01,official
2018-05,m6,Recreational goods and vehicles,休閒商品與交通工具,-0.03,official
2018-05,m7,Other durable goods,其他耐久財,0.0,official
2018-05,m9,Food and beverages purchased for off-premises consumption,食物與飲料（居家消費）,-0.02,official
2018-05,m10,Clothing and footwear,服裝與鞋類,0.01,official
2018-05,m11,Gasoline and other energy goods,汽油與其他能源商品,0.04,official
2018-05,m12,Other nondurable goods,其他非耐久財,0.02,official
2018-05,m15,Housing and utilities,住宅與公用事業,0.04,official
2018-05,m16,Health care,醫療服務,0.01,official
2018-05,m17,Transportation services,運輸服務,0.0,official
2018-05,m18,Recreation services,休閒服務,0.01,official
2018-05,m19,Food services and accommodations,餐飲與住宿,0.05,official
2018-05,m20,Financial services and insurance,金融服務與保險,0.02,official
2018-05,m21,Other services,其他服務,-0.01,official
2018-05,m22,Final consumption expenditures of nonprofit institutions serving households,服務家庭之非營利機構淨消費,0.02,official
2018-05,residual,Residual,差額,0.011963131104679864,official
2018-06,m4,Motor vehicles and parts,汽車與零組件,0.0,official
2018-06,m5,Furnishings and durable household equipment,家具與耐久家用設備,-0.02,official
2018-06,m6,Recreational goods and vehicles,休閒商品與交通工具,-0.01,official
2018-06,m7,Other durable goods,其他耐久財,-0.02,official
2018-06,m9,Food and beverages purchased for off-premises consumption,食物與飲料（居家消費）,0.01,official
2018-06,m10,Clothing and footwear,服裝與鞋類,-0.02,official
2018-06,m11,Gasoline and other energy goods,汽油與其他能源商品,0.01,official
2018-06,m12,Other nondurable goods,其他非耐久財,0.0,official
2018-06,m15,Housing and utilities,住宅與公用事業,0.03,official
2018-06,m16,Health care,醫療服務,0.02,official
2018-06,m17,Transportation services,運輸服務,0.01,official
2018-06,m18,Recreation services,休閒服務,0.02,official
2018-06,m19,Food services and accommodations,餐飲與住宿,-0.02,official
2018-06,m20,Financial services and insurance,金融服務與保險,0.03,official
2018-06,m21,Other services,其他服務,0.03,official
2018-06,m22,Final consumption expenditures of nonprofit institutions serving households,服務家庭之非營利機構淨消費,0.01,official
2018-06,residual,Residual,差額,0.006324442569707392,official
2018-07,m4,Motor vehicles and parts,汽車與零組件,0.0,official
2018-07,m5,Furnishings and durable household equipment,家具與耐久家用設備,0.0,official
2018-07,m6,Recreational goods and vehicles,休閒商品與交通工具,0.01,official
2018-07,m7,Other durable goods,其他耐久財,0.0,official
2018-07,m9,Food and beverages purchased for off-premises consumption,食物與飲料（居家消費）,0.01,official
2018-07,m10,Clothing and footwear,服裝與鞋類,-0.02,official
2018-07,m11,Gasoline and other energy goods,汽油與其他能源商品,-0.02,official
2018-07,m12,Other nondurable goods,其他非耐久財,-0.01,official
2018-07,m15,Housing and utilities,住宅與公用事業,0.04,official
2018-07,m16,Health care,醫療服務,0.02,official
2018-07,m17,Transportation services,運輸服務,0.01,official
2018-07,m18,Recreation services,休閒服務,0.01,official
2018-07,m19,Food services and accommodations,餐飲與住宿,0.0,official
2018-07,m20,Financial services and insurance,金融服務與保險,0.03,official
2018-07,m21,Other services,其他服務,0.03,official
2018-07,m22,Final consumption expenditures of nonprofit institutions serving households,服務家庭之非營利機構淨消費,-0.01,official
2018-07,residual,Residual,差額,0.005852257691441126,official
2018-08,m4,Motor vehicles and parts,汽車與零組件,0.01,official
2018-08,m5,Furnishings and durable household equipment,家具與耐久家用設備,-0.01,official
2018-08,m6,Recreational goods and vehicles,休閒商品與交通工具,-0.01,official
2018-08,m7,Other durable goods,其他耐久財,-0.01,official
2018-08,m9,Food and beverages purchased for off-premises consumption,食物與飲料（居家消費）,0.01,official
2018-08,m10,Clothing and footwear,服裝與鞋類,-0.06,official
2018-08,m11,Gasoline and other energy goods,汽油與其他能源商品,0.05,official
2018-08,m12,Other nondurable goods,其他非耐久財,0.0,official
2018-08,m15,Housing and utilities,住宅與公用事業,0.05,official
2018-08,m16,Health care,醫療服務,0.0,official
2018-08,m17,Transportation services,運輸服務,0.01,official
2018-08,m18,Recreation services,休閒服務,0.0,official
2018-08,m19,Food services and accommodations,餐飲與住宿,0.02,official
2018-08,m20,Financial services and insurance,金融服務與保險,0.02,official
2018-08,m21,Other services,其他服務,-0.01,official
2018-08,m22,Final consumption expenditures of nonprofit institutions serving households,服務家庭之非營利機構淨消費,0.02,official
2018-08,residual,Residual,差額,-0.02048552434475874,official
2018-09,m4,Motor vehicles and parts,汽車與零組件,-0.02,official
2018-09,m5,Furnishings and durable household equipment,家具與耐久家用設備,0.01,official
2018-09,m6,Recreational goods and vehicles,休閒商品與交通工具,-0.01,official
2018-09,m7,Other durable goods,其他耐久財,-0.01,official
2018-09,m9,Food and beverages purchased for off-premises consumption,食物與飲料（居家消費）,0.02,official
2018-09,m10,Clothing and footwear,服裝與鞋類,0.04,official
2018-09,m11,Gasoline and other energy goods,汽油與其他能源商品,0.04,official
2018-09,m12,Other nondurable goods,其他非耐久財,-0.02,official
2018-09,m15,Housing and utilities,住宅與公用事業,0.02,official
2018-09,m16,Health care,醫療服務,0.03,official
2018-09,m17,Transportation services,運輸服務,0.03,official
2018-09,m18,Recreation services,休閒服務,0.01,official
2018-09,m19,Food services and accommodations,餐飲與住宿,0.0,official
2018-09,m20,Financial services and insurance,金融服務與保險,0.04,official
2018-09,m21,Other services,其他服務,0.03,official
2018-09,m22,Final consumption expenditures of nonprofit institutions serving households,服務家庭之非營利機構淨消費,0.0,official
2018-09,residual,Residual,差額,-0.004536631183450296,official
2018-10,m4,Motor vehicles and parts,汽車與零組件,0.01,official
2018-10,m5,Furnishings and durable household equipment,家具與耐久家用設備,0.02,official
2018-10,m6,Recreational goods and vehicles,休閒商品與交通工具,-0.01,official
2018-10,m7,Other durable goods,其他耐久財,-0.01,official
2018-10,m9,Food and beverages purchased for off-premises consumption,食物與飲料（居家消費）,-0.01,official
2018-10,m10,Clothing and footwear,服裝與鞋類,0.02,official
2018-10,m11,Gasoline and other energy goods,汽油與其他能源商品,0.03,official
2018-10,m12,Other nondurable goods,其他非耐久財,0.0,official
2018-10,m15,Housing and utilities,住宅與公用事業,0.05,official
2018-10,m16,Health care,醫療服務,0.04,official
2018-10,m17,Transportation services,運輸服務,0.0,official
2018-10,m18,Recreation services,休閒服務,0.0,official
2018-10,m19,Food services and accommodations,餐飲與住宿,0.01,official
2018-10,m20,Financial services and insurance,金融服務與保險,0.03,official
2018-10,m21,Other services,其他服務,-0.01,official
2018-10,m22,Final consumption expenditures of nonprofit institutions serving households,服務家庭之非營利機構淨消費,0.01,official
2018-10,residual,Residual,差額,-0.0071788162237161335,official
2018-11,m4,Motor vehicles and parts,汽車與零組件,0.02,official
2018-11,m5,Furnishings and durable household equipment,家具與耐久家用設備,0.0,official
2018-11,m6,Recreational goods and vehicles,休閒商品與交通工具,-0.01,official
2018-11,m7,Other durable goods,其他耐久財,0.0,official
2018-11,m9,Food and beverages purchased for off-premises consumption,食物與飲料（居家消費）,0.02,official
2018-11,m10,Clothing and footwear,服裝與鞋類,-0.02,official
2018-11,m11,Gasoline and other energy goods,汽油與其他能源商品,-0.15,official
2018-11,m12,Other nondurable goods,其他非耐久財,0.01,official
2018-11,m15,Housing and utilities,住宅與公用事業,0.06,official
2018-11,m16,Health care,醫療服務,0.04,official
2018-11,m17,Transportation services,運輸服務,0.03,official
2018-11,m18,Recreation services,休閒服務,0.01,official
2018-11,m19,Food services and accommodations,餐飲與住宿,0.0,official
2018-11,m20,Financial services and insurance,金融服務與保險,0.0,official
2018-11,m21,Other services,其他服務,0.0,official
2018-11,m22,Final consumption expenditures of nonprofit institutions serving households,服務家庭之非營利機構淨消費,0.02,official
2018-11,residual,Residual,差額,0.004114722939704295,official
2018-12,m4,Motor vehicles and parts,汽車與零組件,0.0,official
2018-12,m5,Furnishings and durable household equipment,家具與耐久家用設備,0.0,official
2018-12,m6,Recreational goods and vehicles,休閒商品與交通工具,0.01,official
2018-12,m7,Other durable goods,其他耐久財,-0.01,official
2018-12,m9,Food and beverages purchased for off-premises consumption,食物與飲料（居家消費）,0.02,official
2018-12,m10,Clothing and footwear,服裝與鞋類,-0.02,official
2018-12,m11,Gasoline and other energy goods,汽油與其他能源商品,-0.14,official
2018-12,m12,Other nondurable goods,其他非耐久財,-0.02,official
2018-12,m15,Housing and utilities,住宅與公用事業,0.08,official
2018-12,m16,Health care,醫療服務,0.02,official
2018-12,m17,Transportation services,運輸服務,0.0,official
2018-12,m18,Recreation services,休閒服務,0.02,official
2018-12,m19,Food services and accommodations,餐飲與住宿,0.04,official
2018-12,m20,Financial services and insurance,金融服務與保險,0.04,official
2018-12,m21,Other services,其他服務,0.03,official
2018-12,m22,Final consumption expenditures of nonprofit institutions serving households,服務家庭之非營利機構淨消費,0.0,official
2018-12,residual,Residual,差額,-0.000819448504348827,official
2019-01,m4,Motor vehicles and parts,汽車與零組件,0.03,official
2019-01,m5,Furnishings and durable household equipment,家具與耐久家用設備,0.02,official
2019-01,m6,Recreational goods and vehicles,休閒商品與交通工具,-0.01,official
2019-01,m7,Other durable goods,其他耐久財,0.0,official
2019-01,m9,Food and beverages purchased for off-premises consumption,食物與飲料（居家消費）,0.02,official
2019-01,m10,Clothing and footwear,服裝與鞋類,0.0,official
2019-01,m11,Gasoline and other energy goods,汽油與其他能源商品,-0.17,official
2019-01,m12,Other nondurable goods,其他非耐久財,0.03,official
2019-01,m15,Housing and utilities,住宅與公用事業,0.02,official
2019-01,m16,Health care,醫療服務,0.0,official
2019-01,m17,Transportation services,運輸服務,0.01,official
2019-01,m18,Recreation services,休閒服務,0.0,official
2019-01,m19,Food services and accommodations,餐飲與住宿,0.03,official
2019-01,m20,Financial services and insurance,金融服務與保險,-0.07,official
2019-01,m21,Other services,其他服務,0.01,official
2019-01,m22,Final consumption expenditures of nonprofit institutions serving households,服務家庭之非營利機構淨消費,0.02,official
2019-01,residual,Residual,差額,0.00839388126698367,official
2019-02,m4,Motor vehicles and parts,汽車與零組件,0.0,official
2019-02,m5,Furnishings and durable household equipment,家具與耐久家用設備,0.01,official
2019-02,m6,Recreational goods and vehicles,休閒商品與交通工具,-0.02,official
2019-02,m7,Other durable goods,其他耐久財,0.0,official
2019-02,m9,Food and beverages purchased for off-premises consumption,食物與飲料（居家消費）,0.03,official
2019-02,m10,Clothing and footwear,服裝與鞋類,0.0,official
2019-02,m11,Gasoline and other energy goods,汽油與其他能源商品,0.08,official
2019-02,m12,Other nondurable goods,其他非耐久財,-0.04,official
2019-02,m15,Housing and utilities,住宅與公用事業,0.04,official
2019-02,m16,Health care,醫療服務,0.03,official
2019-02,m17,Transportation services,運輸服務,-0.02,official
2019-02,m18,Recreation services,休閒服務,-0.01,official
2019-02,m19,Food services and accommodations,餐飲與住宿,0.03,official
2019-02,m20,Financial services and insurance,金融服務與保險,0.05,official
2019-02,m21,Other services,其他服務,0.01,official
2019-02,m22,Final consumption expenditures of nonprofit institutions serving households,服務家庭之非營利機構淨消費,-0.01,official
2019-02,residual,Residual,差額,0.003150183150182506,official
2019-03,m4,Motor vehicles and parts,汽車與零組件,0.0,official
2019-03,m5,Furnishings and durable household equipment,家具與耐久家用設備,-0.01,official
2019-03,m6,Recreational goods and vehicles,休閒商品與交通工具,-0.01,official
2019-03,m7,Other durable goods,其他耐久財,-0.02,official
2019-03,m9,Food and beverages purchased for off-premises consumption,食物與飲料（居家消費）,0.01,official
2019-03,m10,Clothing and footwear,服裝與鞋類,-0.02,official
2019-03,m11,Gasoline and other energy goods,汽油與其他能源商品,0.13,official
2019-03,m12,Other nondurable goods,其他非耐久財,0.03,official
2019-03,m15,Housing and utilities,住宅與公用事業,0.06,official
2019-03,m16,Health care,醫療服務,0.02,official
2019-03,m17,Transportation services,運輸服務,0.0,official
2019-03,m18,Recreation services,休閒服務,0.03,official
2019-03,m19,Food services and accommodations,餐飲與住宿,0.01,official
2019-03,m20,Financial services and insurance,金融服務與保險,0.02,official
2019-03,m21,Other services,其他服務,-0.02,official
2019-03,m22,Final consumption expenditures of nonprofit institutions serving households,服務家庭之非營利機構淨消費,0.01,official
2019-03,residual,Residual,差額,-0.013425648605540408,official
2019-04,m4,Motor vehicles and parts,汽車與零組件,-0.01,official
2019-04,m5,Furnishings and durable household equipment,家具與耐久家用設備,-0.01,official
2019-04,m6,Recreational goods and vehicles,休閒商品與交通工具,-0.04,official
2019-04,m7,Other durable goods,其他耐久財,0.02,official
2019-04,m9,Food and beverages purchased for off-premises consumption,食物與飲料（居家消費）,-0.04,official
2019-04,m10,Clothing and footwear,服裝與鞋類,0.0,official
2019-04,m11,Gasoline and other energy goods,汽油與其他能源商品,0.15,official
2019-04,m12,Other nondurable goods,其他非耐久財,0.02,official
2019-04,m15,Housing and utilities,住宅與公用事業,0.05,official
2019-04,m16,Health care,醫療服務,0.05,official
2019-04,m17,Transportation services,運輸服務,0.02,official
2019-04,m18,Recreation services,休閒服務,0.02,official
2019-04,m19,Food services and accommodations,餐飲與住宿,0.02,official
2019-04,m20,Financial services and insurance,金融服務與保險,0.06,official
2019-04,m21,Other services,其他服務,-0.02,official
2019-04,m22,Final consumption expenditures of nonprofit institutions serving households,服務家庭之非營利機構淨消費,-0.01,official
2019-04,residual,Residual,差額,0.002335134715583387,official
2019-05,m4,Motor vehicles and parts,汽車與零組件,-0.01,official
2019-05,m5,Furnishings and durable household equipment,家具與耐久家用設備,0.01,official
2019-05,m6,Recreational goods and vehicles,休閒商品與交通工具,-0.01,official
2019-05,m7,Other durable goods,其他耐久財,0.01,official
2019-05,m9,Food and beverages purchased for off-premises consumption,食物與飲料（居家消費）,0.02,official
2019-05,m10,Clothing and footwear,服裝與鞋類,0.0,official
2019-05,m11,Gasoline and other energy goods,汽油與其他能源商品,-0.03,official
2019-05,m12,Other nondurable goods,其他非耐久財,0.01,official
2019-05,m15,Housing and utilities,住宅與公用事業,0.03,official
2019-05,m16,Health care,醫療服務,0.01,official
2019-05,m17,Transportation services,運輸服務,0.01,official
2019-05,m18,Recreation services,休閒服務,-0.02,official
2019-05,m19,Food services and accommodations,餐飲與住宿,0.02,official
2019-05,m20,Financial services and insurance,金融服務與保險,0.01,official
2019-05,m21,Other services,其他服務,0.01,official
2019-05,m22,Final consumption expenditures of nonprofit institutions serving households,服務家庭之非營利機構淨消費,0.0,official
2019-05,residual,Residual,差額,0.0025619195046434062,official
2019-06,m4,Motor vehicles and parts,汽車與零組件,-0.01,official
2019-06,m5,Furnishings and durable household equipment,家具與耐久家用設備,0.01,official
2019-06,m6,Recreational goods and vehicles,休閒商品與交通工具,0.01,official
2019-06,m7,Other durable goods,其他耐久財,0.02,official
2019-06,m9,Food and beverages purchased for off-premises consumption,食物與飲料（居家消費）,0.0,official
2019-06,m10,Clothing and footwear,服裝與鞋類,0.01,official
2019-06,m11,Gasoline and other energy goods,汽油與其他能源商品,-0.11,official
2019-06,m12,Other nondurable goods,其他非耐久財,-0.02,official
2019-06,m15,Housing and utilities,住宅與公用事業,0.05,official
2019-06,m16,Health care,醫療服務,0.02,official
2019-06,m17,Transportation services,運輸服務,-0.02,official
2019-06,m18,Recreation services,休閒服務,0.0,official
2019-06,m19,Food services and accommodations,餐飲與住宿,0.01,official
2019-06,m20,Financial services and insurance,金融服務與保險,0.0,official
2019-06,m21,Other services,其他服務,0.04,official
2019-06,m22,Final consumption expenditures of nonprofit institutions serving households,服務家庭之非營利機構淨消費,0.03,official
2019-06,residual,Residual,差額,0.007372746169083157,official
2019-07,m4,Motor vehicles and parts,汽車與零組件,-0.01,official
2019-07,m5,Furnishings and durable household equipment,家具與耐久家用設備,-0.01,official
2019-07,m6,Recreational goods and vehicles,休閒商品與交通工具,-0.04,official
2019-07,m7,Other durable goods,其他耐久財,-0.02,official
2019-07,m9,Food and beverages purchased for off-premises consumption,食物與飲料（居家消費）,0.0,official
2019-07,m10,Clothing and footwear,服裝與鞋類,0.01,official
2019-07,m11,Gasoline and other energy goods,汽油與其他能源商品,0.04,official
2019-07,m12,Other nondurable goods,其他非耐久財,0.03,official
2019-07,m15,Housing and utilities,住宅與公用事業,0.04,official
2019-07,m16,Health care,醫療服務,0.03,official
2019-07,m17,Transportation services,運輸服務,0.01,official
2019-07,m18,Recreation services,休閒服務,0.01,official
2019-07,m19,Food services and accommodations,餐飲與住宿,0.02,official
2019-07,m20,Financial services and insurance,金融服務與保險,0.03,official
2019-07,m21,Other services,其他服務,0.01,official
2019-07,m22,Final consumption expenditures of nonprofit institutions serving households,服務家庭之非營利機構淨消費,0.0,official
2019-07,residual,Residual,差額,-0.016646051563523473,official
2019-08,m4,Motor vehicles and parts,汽車與零組件,0.01,official
2019-08,m5,Furnishings and durable household equipment,家具與耐久家用設備,-0.01,official
2019-08,m6,Recreational goods and vehicles,休閒商品與交通工具,-0.01,official
2019-08,m7,Other durable goods,其他耐久財,0.0,official
2019-08,m9,Food and beverages purchased for off-premises consumption,食物與飲料（居家消費）,0.0,official
2019-08,m10,Clothing and footwear,服裝與鞋類,0.0,official
2019-08,m11,Gasoline and other energy goods,汽油與其他能源商品,-0.05,official
2019-08,m12,Other nondurable goods,其他非耐久財,0.02,official
2019-08,m15,Housing and utilities,住宅與公用事業,0.04,official
2019-08,m16,Health care,醫療服務,0.03,official
2019-08,m17,Transportation services,運輸服務,0.01,official
2019-08,m18,Recreation services,休閒服務,0.01,official
2019-08,m19,Food services and accommodations,餐飲與住宿,-0.01,official
2019-08,m20,Financial services and insurance,金融服務與保險,0.01,official
2019-08,m21,Other services,其他服務,0.0,official
2019-08,m22,Final consumption expenditures of nonprofit institutions serving households,服務家庭之非營利機構淨消費,0.01,official
2019-08,residual,Residual,差額,-0.013677790430606185,official
2019-09,m4,Motor vehicles and parts,汽車與零組件,0.0,official
2019-09,m5,Furnishings and durable household equipment,家具與耐久家用設備,0.01,official
2019-09,m6,Recreational goods and vehicles,休閒商品與交通工具,0.0,official
2019-09,m7,Other durable goods,其他耐久財,-0.01,official
2019-09,m9,Food and beverages purchased for off-premises consumption,食物與飲料（居家消費）,0.01,official
2019-09,m10,Clothing and footwear,服裝與鞋類,0.01,official
2019-09,m11,Gasoline and other energy goods,汽油與其他能源商品,-0.01,official
2019-09,m12,Other nondurable goods,其他非耐久財,-0.04,official
2019-09,m15,Housing and utilities,住宅與公用事業,0.05,official
2019-09,m16,Health care,醫療服務,0.02,official
2019-09,m17,Transportation services,運輸服務,0.01,official
2019-09,m18,Recreation services,休閒服務,-0.01,official
2019-09,m19,Food services and accommodations,餐飲與住宿,0.03,official
2019-09,m20,Financial services and insurance,金融服務與保險,0.0,official
2019-09,m21,Other services,其他服務,-0.02,official
2019-09,m22,Final consumption expenditures of nonprofit institutions serving households,服務家庭之非營利機構淨消費,0.0,official
2019-09,residual,Residual,差額,0.010769750168798706,official
2019-10,m4,Motor vehicles and parts,汽車與零組件,0.0,official
2019-10,m5,Furnishings and durable household equipment,家具與耐久家用設備,-0.01,official
2019-10,m6,Recreational goods and vehicles,休閒商品與交通工具,0.0,official
2019-10,m7,Other durable goods,其他耐久財,0.01,official
2019-10,m9,Food and beverages purchased for off-premises consumption,食物與飲料（居家消費）,0.01,official
2019-10,m10,Clothing and footwear,服裝與鞋類,-0.04,official
2019-10,m11,Gasoline and other energy goods,汽油與其他能源商品,0.03,official
2019-10,m12,Other nondurable goods,其他非耐久財,0.05,official
2019-10,m15,Housing and utilities,住宅與公用事業,0.04,official
2019-10,m16,Health care,醫療服務,0.07,official
2019-10,m17,Transportation services,運輸服務,0.01,official
2019-10,m18,Recreation services,休閒服務,0.03,official
2019-10,m19,Food services and accommodations,餐飲與住宿,-0.01,official
2019-10,m20,Financial services and insurance,金融服務與保險,-0.03,official
2019-10,m21,Other services,其他服務,0.02,official
2019-10,m22,Final consumption expenditures of nonprofit institutions serving households,服務家庭之非營利機構淨消費,0.0,official
2019-10,residual,Residual,差額,-0.0026215379869552746,official
2019-11,m4,Motor vehicles and parts,汽車與零組件,0.0,official
2019-11,m5,Furnishings and durable household equipment,家具與耐久家用設備,-0.01,official
2019-11,m6,Recreational goods and vehicles,休閒商品與交通工具,-0.03,official
2019-11,m7,Other durable goods,其他耐久財,0.0,official
2019-11,m9,Food and beverages purchased for off-premises consumption,食物與飲料（居家消費）,0.01,official
2019-11,m10,Clothing and footwear,服裝與鞋類,0.0,official
2019-11,m11,Gasoline and other energy goods,汽油與其他能源商品,0.04,official
2019-11,m12,Other nondurable goods,其他非耐久財,0.0,official
2019-11,m15,Housing and utilities,住宅與公用事業,0.04,official
2019-11,m16,Health care,醫療服務,0.02,official
2019-11,m17,Transportation services,運輸服務,-0.01,official
2019-11,m18,Recreation services,休閒服務,0.02,official
2019-11,m19,Food services and accommodations,餐飲與住宿,0.0,official
2019-11,m20,Financial services and insurance,金融服務與保險,0.0,official
2019-11,m21,Other services,其他服務,0.02,official
2019-11,m22,Final consumption expenditures of nonprofit institutions serving households,服務家庭之非營利機構淨消費,-0.02,official
2019-11,residual,Residual,差額,0.02296679080419313,official
2019-12,m4,Motor vehicles and parts,汽車與零組件,0.01,official
2019-12,m5,Furnishings and durable household equipment,家具與耐久家用設備,-0.01,official
2019-12,m6,Recreational goods and vehicles,休閒商品與交通工具,-0.03,official
2019-12,m7,Other durable goods,其他耐久財,-0.02,official
2019-12,m9,Food and beverages purchased for off-premises consumption,食物與飲料（居家消費）,0.0,official
2019-12,m10,Clothing and footwear,服裝與鞋類,-0.01,official
2019-12,m11,Gasoline and other energy goods,汽油與其他能源商品,0.08,official
2019-12,m12,Other nondurable goods,其他非耐久財,0.03,official
2019-12,m15,Housing and utilities,住宅與公用事業,0.04,official
2019-12,m16,Health care,醫療服務,0.02,official
2019-12,m17,Transportation services,運輸服務,0.07,official
2019-12,m18,Recreation services,休閒服務,0.01,official
2019-12,m19,Food services and accommodations,餐飲與住宿,0.0,official
2019-12,m20,Financial services and insurance,金融服務與保險,0.03,official
2019-12,m21,Other services,其他服務,0.03,official
2019-12,m22,Final consumption expenditures of nonprofit institutions serving households,服務家庭之非營利機構淨消費,0.03,official
2019-12,residual,Residual,差額,-0.007947396754590441,official
2020-01,m4,Motor vehicles and parts,汽車與零組件,0.0,official
2020-01,m5,Furnishings and durable household equipment,家具與耐久家用設備,0.02,official
2020-01,m6,Recreational goods and vehicles,休閒商品與交通工具,-0.02,official
2020-01,m7,Other durable goods,其他耐久財,0.0,official
2020-01,m9,Food and beverages purchased for off-premises consumption,食物與飲料（居家消費）,0.04,official
2020-01,m10,Clothing and footwear,服裝與鞋類,-0.01,official
2020-01,m11,Gasoline and other energy goods,汽油與其他能源商品,-0.02,official
2020-01,m12,Other nondurable goods,其他非耐久財,0.01,official
2020-01,m15,Housing and utilities,住宅與公用事業,0.06,official
2020-01,m16,Health care,醫療服務,0.03,official
2020-01,m17,Transportation services,運輸服務,-0.02,official
2020-01,m18,Recreation services,休閒服務,0.01,official
2020-01,m19,Food services and accommodations,餐飲與住宿,0.04,official
2020-01,m20,Financial services and insurance,金融服務與保險,0.03,official
2020-01,m21,Other services,其他服務,0.04,official
2020-01,m22,Final consumption expenditures of nonprofit institutions serving households,服務家庭之非營利機構淨消費,-0.02,official
2020-01,residual,Residual,差額,-0.014556357674953946,official
2020-02,m4,Motor vehicles and parts,汽車與零組件,0.02,official
2020-02,m5,Furnishings and durable household equipment,家具與耐久家用設備,0.01,official
2020-02,m6,Recreational goods and vehicles,休閒商品與交通工具,0.02,official
2020-02,m7,Other durable goods,其他耐久財,0.0,official
2020-02,m9,Food and beverages purchased for off-premises consumption,食物與飲料（居家消費）,0.02,official
2020-02,m10,Clothing and footwear,服裝與鞋類,0.01,official
2020-02,m11,Gasoline and other energy goods,汽油與其他能源商品,-0.11,official
2020-02,m12,Other nondurable goods,其他非耐久財,-0.01,official
2020-02,m15,Housing and utilities,住宅與公用事業,0.04,official
2020-02,m16,Health care,醫療服務,0.03,official
2020-02,m17,Transportation services,運輸服務,-0.01,official
2020-02,m18,Recreation services,休閒服務,0.0,official
2020-02,m19,Food services and accommodations,餐飲與住宿,0.04,official
2020-02,m20,Financial services and insurance,金融服務與保險,0.01,official
2020-02,m21,Other services,其他服務,0.01,official
2020-02,m22,Final consumption expenditures of nonprofit institutions serving households,服務家庭之非營利機構淨消費,0.02,official
2020-02,residual,Residual,差額,-0.0205665613934313,official
2020-03,m4,Motor vehicles and parts,汽車與零組件,0.0,official
2020-03,m5,Furnishings and durable household equipment,家具與耐久家用設備,-0.01,official
2020-03,m6,Recreational goods and vehicles,休閒商品與交通工具,-0.02,official
2020-03,m7,Other durable goods,其他耐久財,-0.01,official
2020-03,m9,Food and beverages purchased for off-premises consumption,食物與飲料（居家消費）,0.03,official
2020-03,m10,Clothing and footwear,服裝與鞋類,-0.03,official
2020-03,m11,Gasoline and other energy goods,汽油與其他能源商品,-0.25,official
2020-03,m12,Other nondurable goods,其他非耐久財,0.0,official
2020-03,m15,Housing and utilities,住宅與公用事業,0.04,official
2020-03,m16,Health care,醫療服務,0.03,official
2020-03,m17,Transportation services,運輸服務,-0.05,official
2020-03,m18,Recreation services,休閒服務,0.01,official
2020-03,m19,Food services and accommodations,餐飲與住宿,-0.05,official
2020-03,m20,Financial services and insurance,金融服務與保險,0.03,official
2020-03,m21,Other services,其他服務,0.0,official
2020-03,m22,Final consumption expenditures of nonprofit institutions serving households,服務家庭之非營利機構淨消費,-0.01,official
2020-03,residual,Residual,差額,0.0012065255850055578,official
2020-04,m4,Motor vehicles and parts,汽車與零組件,-0.02,official
2020-04,m5,Furnishings and durable household equipment,家具與耐久家用設備,0.0,official
2020-04,m6,Recreational goods and vehicles,休閒商品與交通工具,-0.05,official
2020-04,m7,Other durable goods,其他耐久財,0.0,official
2020-04,m9,Food and beverages purchased for off-premises consumption,食物與飲料（居家消費）,0.2,official
2020-04,m10,Clothing and footwear,服裝與鞋類,-0.07,official
2020-04,m11,Gasoline and other energy goods,汽油與其他能源商品,-0.33,official
2020-04,m12,Other nondurable goods,其他非耐久財,0.01,official
2020-04,m15,Housing and utilities,住宅與公用事業,0.04,official
2020-04,m16,Health care,醫療服務,0.05,official
2020-04,m17,Transportation services,運輸服務,-0.05,official
2020-04,m18,Recreation services,休閒服務,0.0,official
2020-04,m19,Food services and accommodations,餐飲與住宿,-0.02,official
2020-04,m20,Financial services and insurance,金融服務與保險,-0.18,official
2020-04,m21,Other services,其他服務,0.02,official
2020-04,m22,Final consumption expenditures of nonprofit institutions serving households,服務家庭之非營利機構淨消費,0.0,official
2020-04,residual,Residual,差額,-0.015264071505982968,official
2020-05,m4,Motor vehicles and parts,汽車與零組件,0.0,official
2020-05,m5,Furnishings and durable household equipment,家具與耐久家用設備,0.0,official
2020-05,m6,Recreational goods and vehicles,休閒商品與交通工具,-0.01,official
2020-05,m7,Other durable goods,其他耐久財,0.0,official
2020-05,m9,Food and beverages purchased for off-premises consumption,食物與飲料（居家消費）,0.07,official
2020-05,m10,Clothing and footwear,服裝與鞋類,-0.05,official
2020-05,m11,Gasoline and other energy goods,汽油與其他能源商品,-0.04,official
2020-05,m12,Other nondurable goods,其他非耐久財,-0.01,official
2020-05,m15,Housing and utilities,住宅與公用事業,0.03,official
2020-05,m16,Health care,醫療服務,0.07,official
2020-05,m17,Transportation services,運輸服務,0.01,official
2020-05,m18,Recreation services,休閒服務,0.02,official
2020-05,m19,Food services and accommodations,餐飲與住宿,0.02,official
2020-05,m20,Financial services and insurance,金融服務與保險,0.0,official
2020-05,m21,Other services,其他服務,0.01,official
2020-05,m22,Final consumption expenditures of nonprofit institutions serving households,服務家庭之非營利機構淨消費,-0.02,official
2020-05,residual,Residual,差額,0.0001560122498412697,official
2020-06,m4,Motor vehicles and parts,汽車與零組件,-0.04,official
2020-06,m5,Furnishings and durable household equipment,家具與耐久家用設備,0.01,official
2020-06,m6,Recreational goods and vehicles,休閒商品與交通工具,-0.01,official
2020-06,m7,Other durable goods,其他耐久財,0.0,official
2020-06,m9,Food and beverages purchased for off-premises consumption,食物與飲料（居家消費）,0.03,official
2020-06,m10,Clothing and footwear,服裝與鞋類,0.03,official
2020-06,m11,Gasoline and other energy goods,汽油與其他能源商品,0.15,official
2020-06,m12,Other nondurable goods,其他非耐久財,0.01,official
2020-06,m15,Housing and utilities,住宅與公用事業,0.02,official
2020-06,m16,Health care,醫療服務,0.03,official
2020-06,m17,Transportation services,運輸服務,0.02,official
2020-06,m18,Recreation services,休閒服務,0.0,official
2020-06,m19,Food services and accommodations,餐飲與住宿,0.03,official
2020-06,m20,Financial services and insurance,金融服務與保險,0.05,official
2020-06,m21,Other services,其他服務,-0.01,official
2020-06,m22,Final consumption expenditures of nonprofit institutions serving households,服務家庭之非營利機構淨消費,-0.01,official
2020-06,residual,Residual,差額,0.00556060110446982,official
2020-07,m4,Motor vehicles and parts,汽車與零組件,0.03,official
2020-07,m5,Furnishings and durable household equipment,家具與耐久家用設備,0.0,official
2020-07,m6,Recreational goods and vehicles,休閒商品與交通工具,0.05,official
2020-07,m7,Other durable goods,其他耐久財,0.0,official
2020-07,m9,Food and beverages purchased for off-premises consumption,食物與飲料（居家消費）,-0.08,official
2020-07,m10,Clothing and footwear,服裝與鞋類,0.02,official
2020-07,m11,Gasoline and other energy goods,汽油與其他能源商品,0.06,official
2020-07,m12,Other nondurable goods,其他非耐久財,0.03,official
2020-07,m15,Housing and utilities,住宅與公用事業,0.04,official
2020-07,m16,Health care,醫療服務,0.04,official
2020-07,m17,Transportation services,運輸服務,-0.02,official
2020-07,m18,Recreation services,休閒服務,-0.02,official
2020-07,m19,Food services and accommodations,餐飲與住宿,0.02,official
2020-07,m20,Financial services and insurance,金融服務與保險,0.07,official
2020-07,m21,Other services,其他服務,0.03,official
2020-07,m22,Final consumption expenditures of nonprofit institutions serving households,服務家庭之非營利機構淨消費,0.02,official
2020-07,residual,Residual,差額,0.005386976119704789,official
2020-08,m4,Motor vehicles and parts,汽車與零組件,0.07,official
2020-08,m5,Furnishings and durable household equipment,家具與耐久家用設備,0.06,official
2020-08,m6,Recreational goods and vehicles,休閒商品與交通工具,0.0,official
2020-08,m7,Other durable goods,其他耐久財,-0.01,official
2020-08,m9,Food and beverages purchased for off-premises consumption,食物與飲料（居家消費）,0.0,official
2020-08,m10,Clothing and footwear,服裝與鞋類,0.01,official
2020-08,m11,Gasoline and other energy goods,汽油與其他能源商品,0.03,official
2020-08,m12,Other nondurable goods,其他非耐久財,0.01,official
2020-08,m15,Housing and utilities,住宅與公用事業,0.03,official
2020-08,m16,Health care,醫療服務,0.05,official
2020-08,m17,Transportation services,運輸服務,-0.01,official
2020-08,m18,Recreation services,休閒服務,0.02,official
2020-08,m19,Food services and accommodations,餐飲與住宿,0.02,official
2020-08,m20,Financial services and insurance,金融服務與保險,0.02,official
2020-08,m21,Other services,其他服務,0.02,official
2020-08,m22,Final consumption expenditures of nonprofit institutions serving households,服務家庭之非營利機構淨消費,-0.01,official
2020-08,residual,Residual,差額,-0.03078257377268162,official
2020-09,m4,Motor vehicles and parts,汽車與零組件,0.08,official
2020-09,m5,Furnishings and durable household equipment,家具與耐久家用設備,0.0,official
2020-09,m6,Recreational goods and vehicles,休閒商品與交通工具,-0.08,official
2020-09,m7,Other durable goods,其他耐久財,0.01,official
2020-09,m9,Food and beverages purchased for off-premises consumption,食物與飲料（居家消費）,-0.02,official
2020-09,m10,Clothing and footwear,服裝與鞋類,0.0,official
2020-09,m11,Gasoline and other energy goods,汽油與其他能源商品,0.04,official
2020-09,m12,Other nondurable goods,其他非耐久財,-0.04,official
2020-09,m15,Housing and utilities,住宅與公用事業,0.03,official
2020-09,m16,Health care,醫療服務,0.02,official
2020-09,m17,Transportation services,運輸服務,0.03,official
2020-09,m18,Recreation services,休閒服務,0.02,official
2020-09,m19,Food services and accommodations,餐飲與住宿,0.03,official
2020-09,m20,Financial services and insurance,金融服務與保險,0.02,official
2020-09,m21,Other services,其他服務,0.01,official
2020-09,m22,Final consumption expenditures of nonprofit institutions serving households,服務家庭之非營利機構淨消費,0.02,official
2020-09,residual,Residual,差額,0.008316010298451582,official
2020-10,m4,Motor vehicles and parts,汽車與零組件,0.02,official
2020-10,m5,Furnishings and durable household equipment,家具與耐久家用設備,0.0,official
2020-10,m6,Recreational goods and vehicles,休閒商品與交通工具,0.0,official
2020-10,m7,Other durable goods,其他耐久財,0.0,official
2020-10,m9,Food and beverages purchased for off-premises consumption,食物與飲料（居家消費）,0.02,official
2020-10,m10,Clothing and footwear,服裝與鞋類,0.0,official
2020-10,m11,Gasoline and other energy goods,汽油與其他能源商品,-0.02,official
2020-10,m12,Other nondurable goods,其他非耐久財,-0.03,official
2020-10,m15,Housing and utilities,住宅與公用事業,0.04,official
2020-10,m16,Health care,醫療服務,0.02,official
2020-10,m17,Transportation services,運輸服務,0.01,official
2020-10,m18,Recreation services,休閒服務,0.01,official
2020-10,m19,Food services and accommodations,餐飲與住宿,0.0,official
2020-10,m20,Financial services and insurance,金融服務與保險,0.02,official
2020-10,m21,Other services,其他服務,0.0,official
2020-10,m22,Final consumption expenditures of nonprofit institutions serving households,服務家庭之非營利機構淨消費,-0.01,official
2020-10,residual,Residual,差額,0.009475237252156779,official
2020-11,m4,Motor vehicles and parts,汽車與零組件,-0.01,official
2020-11,m5,Furnishings and durable household equipment,家具與耐久家用設備,0.02,official
2020-11,m6,Recreational goods and vehicles,休閒商品與交通工具,0.03,official
2020-11,m7,Other durable goods,其他耐久財,-0.03,official
2020-11,m9,Food and beverages purchased for off-premises consumption,食物與飲料（居家消費）,0.0,official
2020-11,m10,Clothing and footwear,服裝與鞋類,0.01,official
2020-11,m11,Gasoline and other energy goods,汽油與其他能源商品,0.01,official
2020-11,m12,Other nondurable goods,其他非耐久財,0.01,official
2020-11,m15,Housing and utilities,住宅與公用事業,0.02,official
2020-11,m16,Health care,醫療服務,0.02,official
2020-11,m17,Transportation services,運輸服務,0.02,official
2020-11,m18,Recreation services,休閒服務,0.01,official
2020-11,m19,Food services and accommodations,餐飲與住宿,0.03,official
2020-11,m20,Financial services and insurance,金融服務與保險,-0.04,official
2020-11,m21,Other services,其他服務,-0.01,official
2020-11,m22,Final consumption expenditures of nonprofit institutions serving households,服務家庭之非營利機構淨消費,0.01,official
2020-11,residual,Residual,差額,0.0017584236003399256,official
2020-12,m4,Motor vehicles and parts,汽車與零組件,0.01,official
2020-12,m5,Furnishings and durable household equipment,家具與耐久家用設備,-0.02,official
2020-12,m6,Recreational goods and vehicles,休閒商品與交通工具,0.04,official
2020-12,m7,Other durable goods,其他耐久財,0.0,official
2020-12,m9,Food and beverages purchased for off-premises consumption,食物與飲料（居家消費）,0.02,official
2020-12,m10,Clothing and footwear,服裝與鞋類,0.01,official
2020-12,m11,Gasoline and other energy goods,汽油與其他能源商品,0.15,official
2020-12,m12,Other nondurable goods,其他非耐久財,-0.01,official
2020-12,m15,Housing and utilities,住宅與公用事業,0.03,official
2020-12,m16,Health care,醫療服務,0.01,official
2020-12,m17,Transportation services,運輸服務,-0.02,official
2020-12,m18,Recreation services,休閒服務,0.0,official
2020-12,m19,Food services and accommodations,餐飲與住宿,0.02,official
2020-12,m20,Financial services and insurance,金融服務與保險,0.12,official
2020-12,m21,Other services,其他服務,0.02,official
2020-12,m22,Final consumption expenditures of nonprofit institutions serving households,服務家庭之非營利機構淨消費,0.04,official
2020-12,residual,Residual,差額,-0.001029470444049052,official
2021-01,m4,Motor vehicles and parts,汽車與零組件,-0.01,official
2021-01,m5,Furnishings and durable household equipment,家具與耐久家用設備,0.0,official
2021-01,m6,Recreational goods and vehicles,休閒商品與交通工具,0.0,official
2021-01,m7,Other durable goods,其他耐久財,0.01,official
2021-01,m9,Food and beverages purchased for off-premises consumption,食物與飲料（居家消費）,0.0,official
2021-01,m10,Clothing and footwear,服裝與鞋類,0.02,official
2021-01,m11,Gasoline and other energy goods,汽油與其他能源商品,0.12,official
2021-01,m12,Other nondurable goods,其他非耐久財,0.05,official
2021-01,m15,Housing and utilities,住宅與公用事業,0.02,official
2021-01,m16,Health care,醫療服務,0.14,official
2021-01,m17,Transportation services,運輸服務,0.0,official
2021-01,m18,Recreation services,休閒服務,-0.01,official
2021-01,m19,Food services and accommodations,餐飲與住宿,0.01,official
2021-01,m20,Financial services and insurance,金融服務與保險,-0.07,official
2021-01,m21,Other services,其他服務,0.02,official
2021-01,m22,Final consumption expenditures of nonprofit institutions serving households,服務家庭之非營利機構淨消費,0.04,official
2021-01,residual,Residual,差額,0.006266284449248094,official
2021-02,m4,Motor vehicles and parts,汽車與零組件,0.0,official
2021-02,m5,Furnishings and durable household equipment,家具與耐久家用設備,0.01,official
2021-02,m6,Recreational goods and vehicles,休閒商品與交通工具,0.01,official
2021-02,m7,Other durable goods,其他耐久財,0.0,official
2021-02,m9,Food and beverages purchased for off-premises consumption,食物與飲料（居家消費）,0.01,official
2021-02,m10,Clothing and footwear,服裝與鞋類,-0.02,official
2021-02,m11,Gasoline and other energy goods,汽油與其他能源商品,0.1,official
2021-02,m12,Other nondurable goods,其他非耐久財,-0.02,official
2021-02,m15,Housing and utilities,住宅與公用事業,0.06,official
2021-02,m16,Health care,醫療服務,0.1,official
2021-02,m17,Transportation services,運輸服務,0.01,official
2021-02,m18,Recreation services,休閒服務,0.01,official
2021-02,m19,Food services and accommodations,餐飲與住宿,0.01,official
2021-02,m20,Financial services and insurance,金融服務與保險,0.08,official
2021-02,m21,Other services,其他服務,0.01,official
2021-02,m22,Final consumption expenditures of nonprofit institutions serving households,服務家庭之非營利機構淨消費,-0.01,official
2021-02,residual,Residual,差額,-0.0055004006976840936,official
2021-03,m4,Motor vehicles and parts,汽車與零組件,0.02,official
2021-03,m5,Furnishings and durable household equipment,家具與耐久家用設備,0.02,official
2021-03,m6,Recreational goods and vehicles,休閒商品與交通工具,-0.02,official
2021-03,m7,Other durable goods,其他耐久財,0.02,official
2021-03,m9,Food and beverages purchased for off-premises consumption,食物與飲料（居家消費）,0.01,official
2021-03,m10,Clothing and footwear,服裝與鞋類,0.0,official
2021-03,m11,Gasoline and other energy goods,汽油與其他能源商品,0.16,official
2021-03,m12,Other nondurable goods,其他非耐久財,0.0,official
2021-03,m15,Housing and utilities,住宅與公用事業,0.05,official
2021-03,m16,Health care,醫療服務,0.03,official
2021-03,m17,Transportation services,運輸服務,0.04,official
2021-03,m18,Recreation services,休閒服務,0.01,official
2021-03,m19,Food services and accommodations,餐飲與住宿,0.03,official
2021-03,m20,Financial services and insurance,金融服務與保險,0.15,official
2021-03,m21,Other services,其他服務,0.0,official
2021-03,m22,Final consumption expenditures of nonprofit institutions serving households,服務家庭之非營利機構淨消費,0.03,official
2021-03,residual,Residual,差額,-0.006976165199506612,official
2021-04,m4,Motor vehicles and parts,汽車與零組件,0.15,official
2021-04,m5,Furnishings and durable household equipment,家具與耐久家用設備,0.02,official
2021-04,m6,Recreational goods and vehicles,休閒商品與交通工具,0.03,official
2021-04,m7,Other durable goods,其他耐久財,0.01,official
2021-04,m9,Food and beverages purchased for off-premises consumption,食物與飲料（居家消費）,0.02,official
2021-04,m10,Clothing and footwear,服裝與鞋類,0.03,official
2021-04,m11,Gasoline and other energy goods,汽油與其他能源商品,-0.07,official
2021-04,m12,Other nondurable goods,其他非耐久財,0.06,official
2021-04,m15,Housing and utilities,住宅與公用事業,0.06,official
2021-04,m16,Health care,醫療服務,0.01,official
2021-04,m17,Transportation services,運輸服務,0.05,official
2021-04,m18,Recreation services,休閒服務,0.02,official
2021-04,m19,Food services and accommodations,餐飲與住宿,0.05,official
2021-04,m20,Financial services and insurance,金融服務與保險,-0.01,official
2021-04,m21,Other services,其他服務,0.01,official
2021-04,m22,Final consumption expenditures of nonprofit institutions serving households,服務家庭之非營利機構淨消費,0.04,official
2021-04,residual,Residual,差額,0.01897681720068034,official
2021-05,m4,Motor vehicles and parts,汽車與零組件,0.14,official
2021-05,m5,Furnishings and durable household equipment,家具與耐久家用設備,0.03,official
2021-05,m6,Recreational goods and vehicles,休閒商品與交通工具,0.02,official
2021-05,m7,Other durable goods,其他耐久財,0.01,official
2021-05,m9,Food and beverages purchased for off-premises consumption,食物與飲料（居家消費）,0.03,official
2021-05,m10,Clothing and footwear,服裝與鞋類,0.03,official
2021-05,m11,Gasoline and other energy goods,汽油與其他能源商品,0.03,official
2021-05,m12,Other nondurable goods,其他非耐久財,-0.02,official
2021-05,m15,Housing and utilities,住宅與公用事業,0.05,official
2021-05,m16,Health care,醫療服務,0.02,official
2021-05,m17,Transportation services,運輸服務,0.01,official
2021-05,m18,Recreation services,休閒服務,0.01,official
2021-05,m19,Food services and accommodations,餐飲與住宿,0.03,official
2021-05,m20,Financial services and insurance,金融服務與保險,0.04,official
2021-05,m21,Other services,其他服務,0.03,official
2021-05,m22,Final consumption expenditures of nonprofit institutions serving households,服務家庭之非營利機構淨消費,0.01,official
2021-05,residual,Residual,差額,0.009763465454241504,official
2021-06,m4,Motor vehicles and parts,汽車與零組件,0.17,official
2021-06,m5,Furnishings and durable household equipment,家具與耐久家用設備,0.01,official
2021-06,m6,Recreational goods and vehicles,休閒商品與交通工具,-0.02,official
2021-06,m7,Other durable goods,其他耐久財,-0.01,official
2021-06,m9,Food and beverages purchased for off-premises consumption,食物與飲料（居家消費）,0.05,official
2021-06,m10,Clothing and footwear,服裝與鞋類,0.02,official
2021-06,m11,Gasoline and other energy goods,汽油與其他能源商品,0.06,official
2021-06,m12,Other nondurable goods,其他非耐久財,-0.02,official
2021-06,m15,Housing and utilities,住宅與公用事業,0.05,official
2021-06,m16,Health care,醫療服務,-0.02,official
2021-06,m17,Transportation services,運輸服務,0.05,official
2021-06,m18,Recreation services,休閒服務,0.02,official
2021-06,m19,Food services and accommodations,餐飲與住宿,0.09,official
2021-06,m20,Financial services and insurance,金融服務與保險,0.04,official
2021-06,m21,Other services,其他服務,0.01,official
2021-06,m22,Final consumption expenditures of nonprofit institutions serving households,服務家庭之非營利機構淨消費,0.04,official
2021-06,residual,Residual,差額,0.014275509165447176,official
2021-07,m4,Motor vehicles and parts,汽車與零組件,0.03,official
2021-07,m5,Furnishings and durable household equipment,家具與耐久家用設備,-0.01,official
2021-07,m6,Recreational goods and vehicles,休閒商品與交通工具,0.01,official
2021-07,m7,Other durable goods,其他耐久財,0.0,official
2021-07,m9,Food and beverages purchased for off-premises consumption,食物與飲料（居家消費）,0.04,official
2021-07,m10,Clothing and footwear,服裝與鞋類,0.0,official
2021-07,m11,Gasoline and other energy goods,汽油與其他能源商品,0.03,official
2021-07,m12,Other nondurable goods,其他非耐久財,0.03,official
2021-07,m15,Housing and utilities,住宅與公用事業,0.06,official
2021-07,m16,Health care,醫療服務,0.02,official
2021-07,m17,Transportation services,運輸服務,0.05,official
2021-07,m18,Recreation services,休閒服務,0.02,official
2021-07,m19,Food services and accommodations,餐飲與住宿,0.09,official
2021-07,m20,Financial services and insurance,金融服務與保險,0.05,official
2021-07,m21,Other services,其他服務,0.01,official
2021-07,m22,Final consumption expenditures of nonprofit institutions serving households,服務家庭之非營利機構淨消費,0.01,official
2021-07,residual,Residual,差額,0.014595649133149313,official
2021-08,m4,Motor vehicles and parts,汽車與零組件,0.0,official
2021-08,m5,Furnishings and durable household equipment,家具與耐久家用設備,0.03,official
2021-08,m6,Recreational goods and vehicles,休閒商品與交通工具,0.03,official
2021-08,m7,Other durable goods,其他耐久財,0.02,official
2021-08,m9,Food and beverages purchased for off-premises consumption,食物與飲料（居家消費）,0.03,official
2021-08,m10,Clothing and footwear,服裝與鞋類,0.0,official
2021-08,m11,Gasoline and other energy goods,汽油與其他能源商品,0.06,official
2021-08,m12,Other nondurable goods,其他非耐久財,0.0,official
2021-08,m15,Housing and utilities,住宅與公用事業,0.06,official
2021-08,m16,Health care,醫療服務,0.03,official
2021-08,m17,Transportation services,運輸服務,-0.02,official
2021-08,m18,Recreation services,休閒服務,0.01,official
2021-08,m19,Food services and accommodations,餐飲與住宿,0.02,official
2021-08,m20,Financial services and insurance,金融服務與保險,0.03,official
2021-08,m21,Other services,其他服務,0.03,official
2021-08,m22,Final consumption expenditures of nonprofit institutions serving households,服務家庭之非營利機構淨消費,0.07,official
2021-08,residual,Residual,差額,0.00032245653249807216,official
2021-09,m4,Motor vehicles and parts,汽車與零組件,0.03,official
2021-09,m5,Furnishings and durable household equipment,家具與耐久家用設備,0.03,official
2021-09,m6,Recreational goods and vehicles,休閒商品與交通工具,-0.04,official
2021-09,m7,Other durable goods,其他耐久財,-0.01,official
2021-09,m9,Food and beverages purchased for off-premises consumption,食物與飲料（居家消費）,0.08,official
2021-09,m10,Clothing and footwear,服裝與鞋類,-0.01,official
2021-09,m11,Gasoline and other energy goods,汽油與其他能源商品,0.06,official
2021-09,m12,Other nondurable goods,其他非耐久財,0.04,official
2021-09,m15,Housing and utilities,住宅與公用事業,0.08,official
2021-09,m16,Health care,醫療服務,0.04,official
2021-09,m17,Transportation services,運輸服務,-0.07,official
2021-09,m18,Recreation services,休閒服務,0.02,official
2021-09,m19,Food services and accommodations,餐飲與住宿,0.03,official
2021-09,m20,Financial services and insurance,金融服務與保險,0.01,official
2021-09,m21,Other services,其他服務,0.02,official
2021-09,m22,Final consumption expenditures of nonprofit institutions serving households,服務家庭之非營利機構淨消費,0.02,official
2021-09,residual,Residual,差額,-0.011566437649982164,official
2021-10,m4,Motor vehicles and parts,汽車與零組件,0.09,official
2021-10,m5,Furnishings and durable household equipment,家具與耐久家用設備,0.01,official
2021-10,m6,Recreational goods and vehicles,休閒商品與交通工具,0.03,official
2021-10,m7,Other durable goods,其他耐久財,0.0,official
2021-10,m9,Food and beverages purchased for off-premises consumption,食物與飲料（居家消費）,0.07,official
2021-10,m10,Clothing and footwear,服裝與鞋類,0.04,official
2021-10,m11,Gasoline and other energy goods,汽油與其他能源商品,0.12,official
2021-10,m12,Other nondurable goods,其他非耐久財,0.04,official
2021-10,m15,Housing and utilities,住宅與公用事業,0.11,official
2021-10,m16,Health care,醫療服務,-0.01,official
2021-10,m17,Transportation services,運輸服務,0.01,official
2021-10,m18,Recreation services,休閒服務,0.03,official
2021-10,m19,Food services and accommodations,餐飲與住宿,0.05,official
2021-10,m20,Financial services and insurance,金融服務與保險,0.03,official
2021-10,m21,Other services,其他服務,0.02,official
2021-10,m22,Final consumption expenditures of nonprofit institutions serving households,服務家庭之非營利機構淨消費,0.04,official
2021-10,residual,Residual,差額,0.003959690035296171,official
2021-11,m4,Motor vehicles and parts,汽車與零組件,0.08,official
2021-11,m5,Furnishings and durable household equipment,家具與耐久家用設備,0.02,official
2021-11,m6,Recreational goods and vehicles,休閒商品與交通工具,0.0,official
2021-11,m7,Other durable goods,其他耐久財,-0.01,official
2021-11,m9,Food and beverages purchased for off-premises consumption,食物與飲料（居家消費）,0.07,official
2021-11,m10,Clothing and footwear,服裝與鞋類,0.03,official
2021-11,m11,Gasoline and other energy goods,汽油與其他能源商品,0.16,official
2021-11,m12,Other nondurable goods,其他非耐久財,0.02,official
2021-11,m15,Housing and utilities,住宅與公用事業,0.06,official
2021-11,m16,Health care,醫療服務,0.03,official
2021-11,m17,Transportation services,運輸服務,0.07,official
2021-11,m18,Recreation services,休閒服務,0.01,official
2021-11,m19,Food services and accommodations,餐飲與住宿,0.05,official
2021-11,m20,Financial services and insurance,金融服務與保險,0.03,official
2021-11,m21,Other services,其他服務,0.01,official
2021-11,m22,Final consumption expenditures of nonprofit institutions serving households,服務家庭之非營利機構淨消費,0.03,official
2021-11,residual,Residual,差額,0.00395663956639869,official
2021-12,m4,Motor vehicles and parts,汽車與零組件,0.09,official
2021-12,m5,Furnishings and durable household equipment,家具與耐久家用設備,0.03,official
2021-12,m6,Recreational goods and vehicles,休閒商品與交通工具,-0.03,official
2021-12,m7,Other durable goods,其他耐久財,0.01,official
2021-12,m9,Food and beverages purchased for off-premises consumption,食物與飲料（居家消費）,0.04,official
2021-12,m10,Clothing and footwear,服裝與鞋類,0.03,official
2021-12,m11,Gasoline and other energy goods,汽油與其他能源商品,0.07,official
2021-12,m12,Other nondurable goods,其他非耐久財,0.03,official
2021-12,m15,Housing and utilities,住宅與公用事業,0.06,official
2021-12,m16,Health care,醫療服務,0.05,official
2021-12,m17,Transportation services,運輸服務,0.03,official
2021-12,m18,Recreation services,休閒服務,0.01,official
2021-12,m19,Food services and accommodations,餐飲與住宿,0.05,official
2021-12,m20,Financial services and insurance,金融服務與保險,0.04,official
2021-12,m21,Other services,其他服務,0.04,official
2021-12,m22,Final consumption expenditures of nonprofit institutions serving households,服務家庭之非營利機構淨消費,0.04,official
2021-12,residual,Residual,差額,-0.004008166195544338,official
2022-01,m4,Motor vehicles and parts,汽車與零組件,0.05,official
2022-01,m5,Furnishings and durable household equipment,家具與耐久家用設備,0.05,official
2022-01,m6,Recreational goods and vehicles,休閒商品與交通工具,0.07,official
2022-01,m7,Other durable goods,其他耐久財,0.01,official
2022-01,m9,Food and beverages purchased for off-premises consumption,食物與飲料（居家消費）,0.06,official
2022-01,m10,Clothing and footwear,服裝與鞋類,0.02,official
2022-01,m11,Gasoline and other energy goods,汽油與其他能源商品,0.01,official
2022-01,m12,Other nondurable goods,其他非耐久財,0.06,official
2022-01,m15,Housing and utilities,住宅與公用事業,0.11,official
2022-01,m16,Health care,醫療服務,0.1,official
2022-01,m17,Transportation services,運輸服務,-0.04,official
2022-01,m18,Recreation services,休閒服務,0.02,official
2022-01,m19,Food services and accommodations,餐飲與住宿,0.01,official
2022-01,m20,Financial services and insurance,金融服務與保險,0.0,official
2022-01,m21,Other services,其他服務,0.02,official
2022-01,m22,Final consumption expenditures of nonprofit institutions serving households,服務家庭之非營利機構淨消費,-0.02,official
2022-01,residual,Residual,差額,-0.003627863821278998,official
2022-02,m4,Motor vehicles and parts,汽車與零組件,0.02,official
2022-02,m5,Furnishings and durable household equipment,家具與耐久家用設備,0.02,official
2022-02,m6,Recreational goods and vehicles,休閒商品與交通工具,0.01,official
2022-02,m7,Other durable goods,其他耐久財,-0.01,official
2022-02,m9,Food and beverages purchased for off-premises consumption,食物與飲料（居家消費）,0.1,official
2022-02,m10,Clothing and footwear,服裝與鞋類,0.02,official
2022-02,m11,Gasoline and other energy goods,汽油與其他能源商品,0.09,official
2022-02,m12,Other nondurable goods,其他非耐久財,0.08,official
2022-02,m15,Housing and utilities,住宅與公用事業,0.08,official
2022-02,m16,Health care,醫療服務,0.03,official
2022-02,m17,Transportation services,運輸服務,0.03,official
2022-02,m18,Recreation services,休閒服務,0.02,official
2022-02,m19,Food services and accommodations,餐飲與住宿,0.04,official
2022-02,m20,Financial services and insurance,金融服務與保險,0.02,official
2022-02,m21,Other services,其他服務,0.04,official
2022-02,m22,Final consumption expenditures of nonprofit institutions serving households,服務家庭之非營利機構淨消費,0.02,official
2022-02,residual,Residual,差額,0.0041394060952487655,official
2022-03,m4,Motor vehicles and parts,汽車與零組件,-0.05,official
2022-03,m5,Furnishings and durable household equipment,家具與耐久家用設備,0.04,official
2022-03,m6,Recreational goods and vehicles,休閒商品與交通工具,-0.02,official
2022-03,m7,Other durable goods,其他耐久財,0.0,official
2022-03,m9,Food and beverages purchased for off-premises consumption,食物與飲料（居家消費）,0.1,official
2022-03,m10,Clothing and footwear,服裝與鞋類,0.01,official
2022-03,m11,Gasoline and other energy goods,汽油與其他能源商品,0.46,official
2022-03,m12,Other nondurable goods,其他非耐久財,0.02,official
2022-03,m15,Housing and utilities,住宅與公用事業,0.1,official
2022-03,m16,Health care,醫療服務,0.01,official
2022-03,m17,Transportation services,運輸服務,0.14,official
2022-03,m18,Recreation services,休閒服務,0.02,official
2022-03,m19,Food services and accommodations,餐飲與住宿,0.03,official
2022-03,m20,Financial services and insurance,金融服務與保險,0.03,official
2022-03,m21,Other services,其他服務,0.01,official
2022-03,m22,Final consumption expenditures of nonprofit institutions serving households,服務家庭之非營利機構淨消費,0.02,official
2022-03,residual,Residual,差額,0.010581282526232694,official
2022-04,m4,Motor vehicles and parts,汽車與零組件,-0.01,official
2022-04,m5,Furnishings and durable household equipment,家具與耐久家用設備,0.03,official
2022-04,m6,Recreational goods and vehicles,休閒商品與交通工具,-0.01,official
2022-04,m7,Other durable goods,其他耐久財,-0.01,official
2022-04,m9,Food and beverages purchased for off-premises consumption,食物與飲料（居家消費）,0.08,official
2022-04,m10,Clothing and footwear,服裝與鞋類,-0.01,official
2022-04,m11,Gasoline and other energy goods,汽油與其他能源商品,-0.17,official
2022-04,m12,Other nondurable goods,其他非耐久財,0.03,official
2022-04,m15,Housing and utilities,住宅與公用事業,0.11,official
2022-04,m16,Health care,醫療服務,-0.02,official
2022-04,m17,Transportation services,運輸服務,0.06,official
2022-04,m18,Recreation services,休閒服務,0.01,official
2022-04,m19,Food services and accommodations,餐飲與住宿,0.05,official
2022-04,m20,Financial services and insurance,金融服務與保險,0.02,official
2022-04,m21,Other services,其他服務,0.02,official
2022-04,m22,Final consumption expenditures of nonprofit institutions serving households,服務家庭之非營利機構淨消費,0.06,official
2022-04,residual,Residual,差額,-0.010155123443293723,official
2022-05,m4,Motor vehicles and parts,汽車與零組件,0.04,official
2022-05,m5,Furnishings and durable household equipment,家具與耐久家用設備,-0.02,official
2022-05,m6,Recreational goods and vehicles,休閒商品與交通工具,-0.02,official
2022-05,m7,Other durable goods,其他耐久財,0.01,official
2022-05,m9,Food and beverages purchased for off-premises consumption,食物與飲料（居家消費）,0.09,official
2022-05,m10,Clothing and footwear,服裝與鞋類,0.01,official
2022-05,m11,Gasoline and other energy goods,汽油與其他能源商品,0.17,official
2022-05,m12,Other nondurable goods,其他非耐久財,0.02,official
2022-05,m15,Housing and utilities,住宅與公用事業,0.14,official
2022-05,m16,Health care,醫療服務,0.04,official
2022-05,m17,Transportation services,運輸服務,0.02,official
2022-05,m18,Recreation services,休閒服務,0.02,official
2022-05,m19,Food services and accommodations,餐飲與住宿,0.04,official
2022-05,m20,Financial services and insurance,金融服務與保險,0.04,official
2022-05,m21,Other services,其他服務,0.0,official
2022-05,m22,Final consumption expenditures of nonprofit institutions serving households,服務家庭之非營利機構淨消費,0.0,official
2022-05,residual,Residual,差額,0.021686662946419077,official
2022-06,m4,Motor vehicles and parts,汽車與零組件,0.02,official
2022-06,m5,Furnishings and durable household equipment,家具與耐久家用設備,0.01,official
2022-06,m6,Recreational goods and vehicles,休閒商品與交通工具,0.02,official
2022-06,m7,Other durable goods,其他耐久財,0.01,official
2022-06,m9,Food and beverages purchased for off-premises consumption,食物與飲料（居家消費）,0.08,official
2022-06,m10,Clothing and footwear,服裝與鞋類,0.02,official
2022-06,m11,Gasoline and other energy goods,汽油與其他能源商品,0.29,official
2022-06,m12,Other nondurable goods,其他非耐久財,0.06,official
2022-06,m15,Housing and utilities,住宅與公用事業,0.16,official
2022-06,m16,Health care,醫療服務,0.09,official
2022-06,m17,Transportation services,運輸服務,0.07,official
2022-06,m18,Recreation services,休閒服務,0.02,official
2022-06,m19,Food services and accommodations,餐飲與住宿,0.04,official
2022-06,m20,Financial services and insurance,金融服務與保險,0.03,official
2022-06,m21,Other services,其他服務,0.04,official
2022-06,m22,Final consumption expenditures of nonprofit institutions serving households,服務家庭之非營利機構淨消費,0.01,official
2022-06,residual,Residual,差額,-0.007270040987501725,official
2022-07,m4,Motor vehicles and parts,汽車與零組件,0.0,official
2022-07,m5,Furnishings and durable household equipment,家具與耐久家用設備,0.01,official
2022-07,m6,Recreational goods and vehicles,休閒商品與交通工具,-0.01,official
2022-07,m7,Other durable goods,其他耐久財,0.0,official
2022-07,m9,Food and beverages purchased for off-premises consumption,食物與飲料（居家消費）,0.1,official
2022-07,m10,Clothing and footwear,服裝與鞋類,0.0,official
2022-07,m11,Gasoline and other energy goods,汽油與其他能源商品,-0.28,official
2022-07,m12,Other nondurable goods,其他非耐久財,0.05,official
2022-07,m15,Housing and utilities,住宅與公用事業,0.11,official
2022-07,m16,Health care,醫療服務,0.03,official
2022-07,m17,Transportation services,運輸服務,-0.02,official
2022-07,m18,Recreation services,休閒服務,0.01,official
2022-07,m19,Food services and accommodations,餐飲與住宿,0.02,official
2022-07,m20,Financial services and insurance,金融服務與保險,0.06,official
2022-07,m21,Other services,其他服務,0.03,official
2022-07,m22,Final consumption expenditures of nonprofit institutions serving households,服務家庭之非營利機構淨消費,0.01,official
2022-07,residual,Residual,差額,-0.0015572644877746983,official
2022-08,m4,Motor vehicles and parts,汽車與零組件,0.01,official
2022-08,m5,Furnishings and durable household equipment,家具與耐久家用設備,0.02,official
2022-08,m6,Recreational goods and vehicles,休閒商品與交通工具,0.01,official
2022-08,m7,Other durable goods,其他耐久財,0.0,official
2022-08,m9,Food and beverages purchased for off-premises consumption,食物與飲料（居家消費）,0.06,official
2022-08,m10,Clothing and footwear,服裝與鞋類,0.0,official
2022-08,m11,Gasoline and other energy goods,汽油與其他能源商品,-0.3,official
2022-08,m12,Other nondurable goods,其他非耐久財,0.06,official
2022-08,m15,Housing and utilities,住宅與公用事業,0.15,official
2022-08,m16,Health care,醫療服務,0.04,official
2022-08,m17,Transportation services,運輸服務,0.04,official
2022-08,m18,Recreation services,休閒服務,0.0,official
2022-08,m19,Food services and accommodations,餐飲與住宿,0.05,official
2022-08,m20,Financial services and insurance,金融服務與保險,0.03,official
2022-08,m21,Other services,其他服務,0.02,official
2022-08,m22,Final consumption expenditures of nonprofit institutions serving households,服務家庭之非營利機構淨消費,0.05,official
2022-08,residual,Residual,差額,-0.005109301328758226,official
2022-09,m4,Motor vehicles and parts,汽車與零組件,0.01,official
2022-09,m5,Furnishings and durable household equipment,家具與耐久家用設備,0.0,official
2022-09,m6,Recreational goods and vehicles,休閒商品與交通工具,0.0,official
2022-09,m7,Other durable goods,其他耐久財,0.02,official
2022-09,m9,Food and beverages purchased for off-premises consumption,食物與飲料（居家消費）,0.04,official
2022-09,m10,Clothing and footwear,服裝與鞋類,0.0,official
2022-09,m11,Gasoline and other energy goods,汽油與其他能源商品,-0.1,official
2022-09,m12,Other nondurable goods,其他非耐久財,0.01,official
2022-09,m15,Housing and utilities,住宅與公用事業,0.14,official
2022-09,m16,Health care,醫療服務,0.02,official
2022-09,m17,Transportation services,運輸服務,0.04,official
2022-09,m18,Recreation services,休閒服務,0.01,official
2022-09,m19,Food services and accommodations,餐飲與住宿,0.03,official
2022-09,m20,Financial services and insurance,金融服務與保險,0.02,official
2022-09,m21,Other services,其他服務,0.04,official
2022-09,m22,Final consumption expenditures of nonprofit institutions serving households,服務家庭之非營利機構淨消費,0.03,official
2022-09,residual,Residual,差額,0.017563203448399956,official
2022-10,m4,Motor vehicles and parts,汽車與零組件,0.0,official
2022-10,m5,Furnishings and durable household equipment,家具與耐久家用設備,-0.01,official
2022-10,m6,Recreational goods and vehicles,休閒商品與交通工具,0.0,official
2022-10,m7,Other durable goods,其他耐久財,-0.01,official
2022-10,m9,Food and beverages purchased for off-premises consumption,食物與飲料（居家消費）,0.05,official
2022-10,m10,Clothing and footwear,服裝與鞋類,0.01,official
2022-10,m11,Gasoline and other energy goods,汽油與其他能源商品,0.13,official
2022-10,m12,Other nondurable goods,其他非耐久財,0.03,official
2022-10,m15,Housing and utilities,住宅與公用事業,0.09,official
2022-10,m16,Health care,醫療服務,0.03,official
2022-10,m17,Transportation services,運輸服務,0.02,official
2022-10,m18,Recreation services,休閒服務,0.03,official
2022-10,m19,Food services and accommodations,餐飲與住宿,0.1,official
2022-10,m20,Financial services and insurance,金融服務與保險,0.03,official
2022-10,m21,Other services,其他服務,0.03,official
2022-10,m22,Final consumption expenditures of nonprofit institutions serving households,服務家庭之非營利機構淨消費,0.01,official
2022-10,residual,Residual,差額,-0.03278389183935371,official
2022-11,m4,Motor vehicles and parts,汽車與零組件,-0.01,official
2022-11,m5,Furnishings and durable household equipment,家具與耐久家用設備,-0.02,official
2022-11,m6,Recreational goods and vehicles,休閒商品與交通工具,-0.04,official
2022-11,m7,Other durable goods,其他耐久財,0.01,official
2022-11,m9,Food and beverages purchased for off-premises consumption,食物與飲料（居家消費）,0.04,official
2022-11,m10,Clothing and footwear,服裝與鞋類,0.01,official
2022-11,m11,Gasoline and other energy goods,汽油與其他能源商品,0.0,official
2022-11,m12,Other nondurable goods,其他非耐久財,0.0,official
2022-11,m15,Housing and utilities,住宅與公用事業,0.08,official
2022-11,m16,Health care,醫療服務,0.01,official
2022-11,m17,Transportation services,運輸服務,-0.02,official
2022-11,m18,Recreation services,休閒服務,0.03,official
2022-11,m19,Food services and accommodations,餐飲與住宿,0.03,official
2022-11,m20,Financial services and insurance,金融服務與保險,0.03,official
2022-11,m21,Other services,其他服務,0.05,official
2022-11,m22,Final consumption expenditures of nonprofit institutions serving households,服務家庭之非營利機構淨消費,0.06,official
2022-11,residual,Residual,差額,0.010563688487057687,official
2022-12,m4,Motor vehicles and parts,汽車與零組件,-0.02,official
2022-12,m5,Furnishings and durable household equipment,家具與耐久家用設備,0.01,official
2022-12,m6,Recreational goods and vehicles,休閒商品與交通工具,-0.01,official
2022-12,m7,Other durable goods,其他耐久財,0.01,official
2022-12,m9,Food and beverages purchased for off-premises consumption,食物與飲料（居家消費）,0.03,official
2022-12,m10,Clothing and footwear,服裝與鞋類,0.0,official
2022-12,m11,Gasoline and other energy goods,汽油與其他能源商品,-0.23,official
2022-12,m12,Other nondurable goods,其他非耐久財,0.02,official
2022-12,m15,Housing and utilities,住宅與公用事業,0.14,official
2022-12,m16,Health care,醫療服務,0.03,official
2022-12,m17,Transportation services,運輸服務,0.04,official
2022-12,m18,Recreation services,休閒服務,0.01,official
2022-12,m19,Food services and accommodations,餐飲與住宿,0.03,official
2022-12,m20,Financial services and insurance,金融服務與保險,0.02,official
2022-12,m21,Other services,其他服務,0.03,official
2022-12,m22,Final consumption expenditures of nonprofit institutions serving households,服務家庭之非營利機構淨消費,0.01,official
2022-12,residual,Residual,差額,0.007726884394485656,official
2023-01,m4,Motor vehicles and parts,汽車與零組件,-0.01,official
2023-01,m5,Furnishings and durable household equipment,家具與耐久家用設備,0.02,official
2023-01,m6,Recreational goods and vehicles,休閒商品與交通工具,0.01,official
2023-01,m7,Other durable goods,其他耐久財,0.0,official
2023-01,m9,Food and beverages purchased for off-premises consumption,食物與飲料（居家消費）,0.02,official
2023-01,m10,Clothing and footwear,服裝與鞋類,0.02,official
2023-01,m11,Gasoline and other energy goods,汽油與其他能源商品,0.05,official
2023-01,m12,Other nondurable goods,其他非耐久財,0.06,official
2023-01,m15,Housing and utilities,住宅與公用事業,0.14,official
2023-01,m16,Health care,醫療服務,-0.02,official
2023-01,m17,Transportation services,運輸服務,0.03,official
2023-01,m18,Recreation services,休閒服務,0.02,official
2023-01,m19,Food services and accommodations,餐飲與住宿,0.04,official
2023-01,m20,Financial services and insurance,金融服務與保險,-0.02,official
2023-01,m21,Other services,其他服務,0.04,official
2023-01,m22,Final consumption expenditures of nonprofit institutions serving households,服務家庭之非營利機構淨消費,0.06,official
2023-01,residual,Residual,差額,0.018153617409526868,official
2023-02,m4,Motor vehicles and parts,汽車與零組件,-0.02,official
2023-02,m5,Furnishings and durable household equipment,家具與耐久家用設備,0.0,official
2023-02,m6,Recreational goods and vehicles,休閒商品與交通工具,0.0,official
2023-02,m7,Other durable goods,其他耐久財,0.01,official
2023-02,m9,Food and beverages purchased for off-premises consumption,食物與飲料（居家消費）,0.02,official
2023-02,m10,Clothing and footwear,服裝與鞋類,0.01,official
2023-02,m11,Gasoline and other energy goods,汽油與其他能源商品,-0.02,official
2023-02,m12,Other nondurable goods,其他非耐久財,0.03,official
2023-02,m15,Housing and utilities,住宅與公用事業,0.08,official
2023-02,m16,Health care,醫療服務,0.04,official
2023-02,m17,Transportation services,運輸服務,0.02,official
2023-02,m18,Recreation services,休閒服務,0.03,official
2023-02,m19,Food services and accommodations,餐飲與住宿,0.05,official
2023-02,m20,Financial services and insurance,金融服務與保險,0.01,official
2023-02,m21,Other services,其他服務,0.02,official
2023-02,m22,Final consumption expenditures of nonprofit institutions serving households,服務家庭之非營利機構淨消費,-0.01,official
2023-02,residual,Residual,差額,0.004933158452306241,official
2023-03,m4,Motor vehicles and parts,汽車與零組件,0.0,official
2023-03,m5,Furnishings and durable household equipment,家具與耐久家用設備,-0.01,official
2023-03,m6,Recreational goods and vehicles,休閒商品與交通工具,-0.01,official
2023-03,m7,Other durable goods,其他耐久財,0.0,official
2023-03,m9,Food and beverages purchased for off-premises consumption,食物與飲料（居家消費）,-0.02,official
2023-03,m10,Clothing and footwear,服裝與鞋類,0.01,official
2023-03,m11,Gasoline and other energy goods,汽油與其他能源商品,-0.05,official
2023-03,m12,Other nondurable goods,其他非耐久財,0.06,official
2023-03,m15,Housing and utilities,住宅與公用事業,0.04,official
2023-03,m16,Health care,醫療服務,0.05,official
2023-03,m17,Transportation services,運輸服務,0.02,official
2023-03,m18,Recreation services,休閒服務,0.01,official
2023-03,m19,Food services and accommodations,餐飲與住宿,0.06,official
2023-03,m20,Financial services and insurance,金融服務與保險,0.05,official
2023-03,m21,Other services,其他服務,0.01,official
2023-03,m22,Final consumption expenditures of nonprofit institutions serving households,服務家庭之非營利機構淨消費,0.02,official
2023-03,residual,Residual,差額,0.010702217750387044,official
2023-04,m4,Motor vehicles and parts,汽車與零組件,0.05,official
2023-04,m5,Furnishings and durable household equipment,家具與耐久家用設備,-0.02,official
2023-04,m6,Recreational goods and vehicles,休閒商品與交通工具,-0.01,official
2023-04,m7,Other durable goods,其他耐久財,0.0,official
2023-04,m9,Food and beverages purchased for off-premises consumption,食物與飲料（居家消費）,0.01,official
2023-04,m10,Clothing and footwear,服裝與鞋類,0.0,official
2023-04,m11,Gasoline and other energy goods,汽油與其他能源商品,-0.01,official
2023-04,m12,Other nondurable goods,其他非耐久財,0.01,official
2023-04,m15,Housing and utilities,住宅與公用事業,0.07,official
2023-04,m16,Health care,醫療服務,0.06,official
2023-04,m17,Transportation services,運輸服務,-0.02,official
2023-04,m18,Recreation services,休閒服務,0.02,official
2023-04,m19,Food services and accommodations,餐飲與住宿,0.01,official
2023-04,m20,Financial services and insurance,金融服務與保險,0.03,official
2023-04,m21,Other services,其他服務,0.06,official
2023-04,m22,Final consumption expenditures of nonprofit institutions serving households,服務家庭之非營利機構淨消費,0.0,official
2023-04,residual,Residual,差額,0.009311832993213143,official
2023-05,m4,Motor vehicles and parts,汽車與零組件,0.04,official
2023-05,m5,Furnishings and durable household equipment,家具與耐久家用設備,-0.02,official
2023-05,m6,Recreational goods and vehicles,休閒商品與交通工具,-0.02,official
2023-05,m7,Other durable goods,其他耐久財,0.01,official
2023-05,m9,Food and beverages purchased for off-premises consumption,食物與飲料（居家消費）,0.01,official
2023-05,m10,Clothing and footwear,服裝與鞋類,0.01,official
2023-05,m11,Gasoline and other energy goods,汽油與其他能源商品,-0.08,official
2023-05,m12,Other nondurable goods,其他非耐久財,0.04,official
2023-05,m15,Housing and utilities,住宅與公用事業,0.06,official
2023-05,m16,Health care,醫療服務,0.05,official
2023-05,m17,Transportation services,運輸服務,0.01,official
2023-05,m18,Recreation services,休閒服務,-0.01,official
2023-05,m19,Food services and accommodations,餐飲與住宿,0.03,official
2023-05,m20,Financial services and insurance,金融服務與保險,0.04,official
2023-05,m21,Other services,其他服務,0.02,official
2023-05,m22,Final consumption expenditures of nonprofit institutions serving households,服務家庭之非營利機構淨消費,0.01,official
2023-05,residual,Residual,差額,0.0026925579300398073,official
2023-06,m4,Motor vehicles and parts,汽車與零組件,-0.01,official
2023-06,m5,Furnishings and durable household equipment,家具與耐久家用設備,-0.01,official
2023-06,m6,Recreational goods and vehicles,休閒商品與交通工具,-0.02,official
2023-06,m7,Other durable goods,其他耐久財,0.0,official
2023-06,m9,Food and beverages purchased for off-premises consumption,食物與飲料（居家消費）,0.0,official
2023-06,m10,Clothing and footwear,服裝與鞋類,0.0,official
2023-06,m11,Gasoline and other energy goods,汽油與其他能源商品,0.01,official
2023-06,m12,Other nondurable goods,其他非耐久財,0.0,official
2023-06,m15,Housing and utilities,住宅與公用事業,0.08,official
2023-06,m16,Health care,醫療服務,0.0,official
2023-06,m17,Transportation services,運輸服務,0.0,official
2023-06,m18,Recreation services,休閒服務,0.01,official
2023-06,m19,Food services and accommodations,餐飲與住宿,0.03,official
2023-06,m20,Financial services and insurance,金融服務與保險,0.06,official
2023-06,m21,Other services,其他服務,0.02,official
2023-06,m22,Final consumption expenditures of nonprofit institutions serving households,服務家庭之非營利機構淨消費,0.04,official
2023-06,residual,Residual,差額,0.02391520781825826,official
2023-07,m4,Motor vehicles and parts,汽車與零組件,-0.03,official
2023-07,m5,Furnishings and durable household equipment,家具與耐久家用設備,-0.01,official
2023-07,m6,Recreational goods and vehicles,休閒商品與交通工具,-0.02,official
2023-07,m7,Other durable goods,其他耐久財,0.0,official
2023-07,m9,Food and beverages purchased for off-premises consumption,食物與飲料（居家消費）,0.02,official
2023-07,m10,Clothing and footwear,服裝與鞋類,0.01,official
2023-07,m11,Gasoline and other energy goods,汽油與其他能源商品,-0.01,official
2023-07,m12,Other nondurable goods,其他非耐久財,-0.03,official
2023-07,m15,Housing and utilities,住宅與公用事業,0.08,official
2023-07,m16,Health care,醫療服務,0.06,official
2023-07,m17,Transportation services,運輸服務,0.03,official
2023-07,m18,Recreation services,休閒服務,0.02,official
2023-07,m19,Food services and accommodations,餐飲與住宿,0.01,official
2023-07,m20,Financial services and insurance,金融服務與保險,0.0,official
2023-07,m21,Other services,其他服務,0.01,official
2023-07,m22,Final consumption expenditures of nonprofit institutions serving households,服務家庭之非營利機構淨消費,-0.01,official
2023-07,residual,Residual,差額,0.003709824765393388,official
2023-08,m4,Motor vehicles and parts,汽車與零組件,-0.02,official
2023-08,m5,Furnishings and durable household equipment,家具與耐久家用設備,0.0,official
2023-08,m6,Recreational goods and vehicles,休閒商品與交通工具,-0.01,official
2023-08,m7,Other durable goods,其他耐久財,-0.01,official
2023-08,m9,Food and beverages purchased for off-premises consumption,食物與飲料（居家消費）,0.01,official
2023-08,m10,Clothing and footwear,服裝與鞋類,0.0,official
2023-08,m11,Gasoline and other energy goods,汽油與其他能源商品,0.18,official
2023-08,m12,Other nondurable goods,其他非耐久財,0.02,official
2023-08,m15,Housing and utilities,住宅與公用事業,0.07,official
2023-08,m16,Health care,醫療服務,0.01,official
2023-08,m17,Transportation services,運輸服務,0.0,official
2023-08,m18,Recreation services,休閒服務,0.01,official
2023-08,m19,Food services and accommodations,餐飲與住宿,-0.01,official
2023-08,m20,Financial services and insurance,金融服務與保險,0.01,official
2023-08,m21,Other services,其他服務,0.03,official
2023-08,m22,Final consumption expenditures of nonprofit institutions serving households,服務家庭之非營利機構淨消費,0.0,official
2023-08,residual,Residual,差額,0.01936128919889507,official
2023-09,m4,Motor vehicles and parts,汽車與零組件,-0.02,official
2023-09,m5,Furnishings and durable household equipment,家具與耐久家用設備,-0.01,official
2023-09,m6,Recreational goods and vehicles,休閒商品與交通工具,0.05,official
2023-09,m7,Other durable goods,其他耐久財,-0.01,official
2023-09,m9,Food and beverages purchased for off-premises consumption,食物與飲料（居家消費）,0.01,official
2023-09,m10,Clothing and footwear,服裝與鞋類,-0.01,official
2023-09,m11,Gasoline and other energy goods,汽油與其他能源商品,0.08,official
2023-09,m12,Other nondurable goods,其他非耐久財,0.0,official
2023-09,m15,Housing and utilities,住宅與公用事業,0.09,official
2023-09,m16,Health care,醫療服務,0.0,official
2023-09,m17,Transportation services,運輸服務,0.02,official
2023-09,m18,Recreation services,休閒服務,0.02,official
2023-09,m19,Food services and accommodations,餐飲與住宿,0.06,official
2023-09,m20,Financial services and insurance,金融服務與保險,0.04,official
2023-09,m21,Other services,其他服務,0.01,official
2023-09,m22,Final consumption expenditures of nonprofit institutions serving households,服務家庭之非營利機構淨消費,0.07,official
2023-09,residual,Residual,差額,-0.02048551395688014,official
2023-10,m4,Motor vehicles and parts,汽車與零組件,-0.01,official
2023-10,m5,Furnishings and durable household equipment,家具與耐久家用設備,0.0,official
2023-10,m6,Recreational goods and vehicles,休閒商品與交通工具,0.01,official
2023-10,m7,Other durable goods,其他耐久財,0.0,official
2023-10,m9,Food and beverages purchased for off-premises consumption,食物與飲料（居家消費）,0.03,official
2023-10,m10,Clothing and footwear,服裝與鞋類,0.02,official
2023-10,m11,Gasoline and other energy goods,汽油與其他能源商品,-0.1,official
2023-10,m12,Other nondurable goods,其他非耐久財,0.04,official
2023-10,m15,Housing and utilities,住宅與公用事業,0.08,official
2023-10,m16,Health care,醫療服務,0.07,official
2023-10,m17,Transportation services,運輸服務,0.0,official
2023-10,m18,Recreation services,休閒服務,0.01,official
2023-10,m19,Food services and accommodations,餐飲與住宿,0.01,official
2023-10,m20,Financial services and insurance,金融服務與保險,0.02,official
2023-10,m21,Other services,其他服務,-0.01,official
2023-10,m22,Final consumption expenditures of nonprofit institutions serving households,服務家庭之非營利機構淨消費,-0.02,official
2023-10,residual,Residual,差額,-0.02314975741949929,official
2023-11,m4,Motor vehicles and parts,汽車與零組件,0.02,official
2023-11,m5,Furnishings and durable household equipment,家具與耐久家用設備,-0.04,official
2023-11,m6,Recreational goods and vehicles,休閒商品與交通工具,-0.03,official
2023-11,m7,Other durable goods,其他耐久財,-0.01,official
2023-11,m9,Food and beverages purchased for off-premises consumption,食物與飲料（居家消費）,-0.01,official
2023-11,m10,Clothing and footwear,服裝與鞋類,-0.03,official
2023-11,m11,Gasoline and other energy goods,汽油與其他能源商品,-0.09,official
2023-11,m12,Other nondurable goods,其他非耐久財,-0.01,official
2023-11,m15,Housing and utilities,住宅與公用事業,0.1,official
2023-11,m16,Health care,醫療服務,0.04,official
2023-11,m17,Transportation services,運輸服務,0.03,official
2023-11,m18,Recreation services,休閒服務,0.01,official
2023-11,m19,Food services and accommodations,餐飲與住宿,0.01,official
2023-11,m20,Financial services and insurance,金融服務與保險,0.03,official
2023-11,m21,Other services,其他服務,0.01,official
2023-11,m22,Final consumption expenditures of nonprofit institutions serving households,服務家庭之非營利機構淨消費,0.01,official
2023-11,residual,Residual,差額,0.024990086955085672,official
2023-12,m4,Motor vehicles and parts,汽車與零組件,0.0,official
2023-12,m5,Furnishings and durable household equipment,家具與耐久家用設備,0.0,official
2023-12,m6,Recreational goods and vehicles,休閒商品與交通工具,-0.05,official
2023-12,m7,Other durable goods,其他耐久財,0.01,official
2023-12,m9,Food and beverages purchased for off-premises consumption,食物與飲料（居家消費）,0.0,official
2023-12,m10,Clothing and footwear,服裝與鞋類,-0.01,official
2023-12,m11,Gasoline and other energy goods,汽油與其他能源商品,-0.03,official
2023-12,m12,Other nondurable goods,其他非耐久財,-0.01,official
2023-12,m15,Housing and utilities,住宅與公用事業,0.07,official
2023-12,m16,Health care,醫療服務,0.03,official
2023-12,m17,Transportation services,運輸服務,-0.03,official
2023-12,m18,Recreation services,休閒服務,0.03,official
2023-12,m19,Food services and accommodations,餐飲與住宿,0.02,official
2023-12,m20,Financial services and insurance,金融服務與保險,0.05,official
2023-12,m21,Other services,其他服務,0.02,official
2023-12,m22,Final consumption expenditures of nonprofit institutions serving households,服務家庭之非營利機構淨消費,-0.02,official
2023-12,residual,Residual,差額,0.02194350356802495,official
2024-01,m4,Motor vehicles and parts,汽車與零組件,-0.04,official
2024-01,m5,Furnishings and durable household equipment,家具與耐久家用設備,0.01,official
2024-01,m6,Recreational goods and vehicles,休閒商品與交通工具,0.05,official
2024-01,m7,Other durable goods,其他耐久財,0.0,official
2024-01,m9,Food and beverages purchased for off-premises consumption,食物與飲料（居家消費）,0.02,official
2024-01,m10,Clothing and footwear,服裝與鞋類,-0.01,official
2024-01,m11,Gasoline and other energy goods,汽油與其他能源商品,-0.05,official
2024-01,m12,Other nondurable goods,其他非耐久財,-0.01,official
2024-01,m15,Housing and utilities,住宅與公用事業,0.1,official
2024-01,m16,Health care,醫療服務,0.08,official
2024-01,m17,Transportation services,運輸服務,0.0,official
2024-01,m18,Recreation services,休閒服務,0.01,official
2024-01,m19,Food services and accommodations,餐飲與住宿,0.04,official
2024-01,m20,Financial services and insurance,金融服務與保險,0.07,official
2024-01,m21,Other services,其他服務,0.07,official
2024-01,m22,Final consumption expenditures of nonprofit institutions serving households,服務家庭之非營利機構淨消費,0.02,official
2024-01,residual,Residual,差額,0.006294349540074962,official
2024-02,m4,Motor vehicles and parts,汽車與零組件,0.01,official
2024-02,m5,Furnishings and durable household equipment,家具與耐久家用設備,-0.01,official
2024-02,m6,Recreational goods and vehicles,休閒商品與交通工具,0.02,official
2024-02,m7,Other durable goods,其他耐久財,-0.01,official
2024-02,m9,Food and beverages purchased for off-premises consumption,食物與飲料（居家消費）,0.02,official
2024-02,m10,Clothing and footwear,服裝與鞋類,0.02,official
2024-02,m11,Gasoline and other energy goods,汽油與其他能源商品,0.04,official
2024-02,m12,Other nondurable goods,其他非耐久財,0.02,official
2024-02,m15,Housing and utilities,住宅與公用事業,0.08,official
2024-02,m16,Health care,醫療服務,0.02,official
2024-02,m17,Transportation services,運輸服務,0.01,official
2024-02,m18,Recreation services,休閒服務,0.02,official
2024-02,m19,Food services and accommodations,餐飲與住宿,0.0,official
2024-02,m20,Financial services and insurance,金融服務與保險,0.05,official
2024-02,m21,Other services,其他服務,0.02,official
2024-02,m22,Final consumption expenditures of nonprofit institutions serving households,服務家庭之非營利機構淨消費,0.03,official
2024-02,residual,Residual,差額,-0.006955795951106569,official
2024-03,m4,Motor vehicles and parts,汽車與零組件,-0.01,official
2024-03,m5,Furnishings and durable household equipment,家具與耐久家用設備,0.0,official
2024-03,m6,Recreational goods and vehicles,休閒商品與交通工具,0.0,official
2024-03,m7,Other durable goods,其他耐久財,0.01,official
2024-03,m9,Food and beverages purchased for off-premises consumption,食物與飲料（居家消費）,-0.01,official
2024-03,m10,Clothing and footwear,服裝與鞋類,0.01,official
2024-03,m11,Gasoline and other energy goods,汽油與其他能源商品,0.07,official
2024-03,m12,Other nondurable goods,其他非耐久財,0.0,official
2024-03,m15,Housing and utilities,住宅與公用事業,0.08,official
2024-03,m16,Health care,醫療服務,0.03,official
2024-03,m17,Transportation services,運輸服務,0.05,official
2024-03,m18,Recreation services,休閒服務,0.01,official
2024-03,m19,Food services and accommodations,餐飲與住宿,0.03,official
2024-03,m20,Financial services and insurance,金融服務與保險,0.05,official
2024-03,m21,Other services,其他服務,0.05,official
2024-03,m22,Final consumption expenditures of nonprofit institutions serving households,服務家庭之非營利機構淨消費,0.03,official
2024-03,residual,Residual,差額,-0.00852438159084612,official
2024-04,m4,Motor vehicles and parts,汽車與零組件,-0.02,official
2024-04,m5,Furnishings and durable household equipment,家具與耐久家用設備,-0.01,official
2024-04,m6,Recreational goods and vehicles,休閒商品與交通工具,0.02,official
2024-04,m7,Other durable goods,其他耐久財,0.01,official
2024-04,m9,Food and beverages purchased for off-premises consumption,食物與飲料（居家消費）,0.0,official
2024-04,m10,Clothing and footwear,服裝與鞋類,0.02,official
2024-04,m11,Gasoline and other energy goods,汽油與其他能源商品,0.0,official
2024-04,m12,Other nondurable goods,其他非耐久財,0.01,official
2024-04,m15,Housing and utilities,住宅與公用事業,0.05,official
2024-04,m16,Health care,醫療服務,0.01,official
2024-04,m17,Transportation services,運輸服務,-0.02,official
2024-04,m18,Recreation services,休閒服務,0.01,official
2024-04,m19,Food services and accommodations,餐飲與住宿,0.02,official
2024-04,m20,Financial services and insurance,金融服務與保險,0.04,official
2024-04,m21,Other services,其他服務,0.03,official
2024-04,m22,Final consumption expenditures of nonprofit institutions serving households,服務家庭之非營利機構淨消費,0.0,official
2024-04,residual,Residual,差額,-0.010770799314348961,official
2024-05,m4,Motor vehicles and parts,汽車與零組件,-0.01,official
2024-05,m5,Furnishings and durable household equipment,家具與耐久家用設備,-0.03,official
2024-05,m6,Recreational goods and vehicles,休閒商品與交通工具,-0.05,official
2024-05,m7,Other durable goods,其他耐久財,0.0,official
2024-05,m9,Food and beverages purchased for off-premises consumption,食物與飲料（居家消費）,0.0,official
2024-05,m10,Clothing and footwear,服裝與鞋類,-0.01,official
2024-05,m11,Gasoline and other energy goods,汽油與其他能源商品,-0.05,official
2024-05,m12,Other nondurable goods,其他非耐久財,0.05,official
2024-05,m15,Housing and utilities,住宅與公用事業,0.06,official
2024-05,m16,Health care,醫療服務,0.06,official
2024-05,m17,Transportation services,運輸服務,-0.01,official
2024-05,m18,Recreation services,休閒服務,-0.02,official
2024-05,m19,Food services and accommodations,餐飲與住宿,0.01,official
2024-05,m20,Financial services and insurance,金融服務與保險,0.04,official
2024-05,m21,Other services,其他服務,-0.01,official
2024-05,m22,Final consumption expenditures of nonprofit institutions serving households,服務家庭之非營利機構淨消費,0.03,official
2024-05,residual,Residual,差額,0.004888189538403483,official
2024-06,m4,Motor vehicles and parts,汽車與零組件,-0.02,official
2024-06,m5,Furnishings and durable household equipment,家具與耐久家用設備,0.0,official
2024-06,m6,Recreational goods and vehicles,休閒商品與交通工具,-0.01,official
2024-06,m7,Other durable goods,其他耐久財,0.02,official
2024-06,m9,Food and beverages purchased for off-premises consumption,食物與飲料（居家消費）,0.01,official
2024-06,m10,Clothing and footwear,服裝與鞋類,-0.01,official
2024-06,m11,Gasoline and other energy goods,汽油與其他能源商品,-0.08,official
2024-06,m12,Other nondurable goods,其他非耐久財,0.02,official
2024-06,m15,Housing and utilities,住宅與公用事業,0.05,official
2024-06,m16,Health care,醫療服務,0.03,official
2024-06,m17,Transportation services,運輸服務,-0.01,official
2024-06,m18,Recreation services,休閒服務,0.0,official
2024-06,m19,Food services and accommodations,餐飲與住宿,0.02,official
2024-06,m20,Financial services and insurance,金融服務與保險,0.04,official
2024-06,m21,Other services,其他服務,0.04,official
2024-06,m22,Final consumption expenditures of nonprofit institutions serving households,服務家庭之非營利機構淨消費,0.02,official
2024-06,residual,Residual,差額,-0.01057218588137665,official
2024-07,m4,Motor vehicles and parts,汽車與零組件,-0.01,official
2024-07,m5,Furnishings and durable household equipment,家具與耐久家用設備,-0.01,official
2024-07,m6,Recreational goods and vehicles,休閒商品與交通工具,0.0,official
2024-07,m7,Other durable goods,其他耐久財,-0.01,official
2024-07,m9,Food and beverages purchased for off-premises consumption,食物與飲料（居家消費）,0.01,official
2024-07,m10,Clothing and footwear,服裝與鞋類,0.0,official
2024-07,m11,Gasoline and other energy goods,汽油與其他能源商品,0.0,official
2024-07,m12,Other nondurable goods,其他非耐久財,0.02,official
2024-07,m15,Housing and utilities,住宅與公用事業,0.07,official
2024-07,m16,Health care,醫療服務,0.02,official
2024-07,m17,Transportation services,運輸服務,0.0,official
2024-07,m18,Recreation services,休閒服務,0.03,official
2024-07,m19,Food services and accommodations,餐飲與住宿,0.01,official
2024-07,m20,Financial services and insurance,金融服務與保險,0.05,official
2024-07,m21,Other services,其他服務,-0.01,official
2024-07,m22,Final consumption expenditures of nonprofit institutions serving households,服務家庭之非營利機構淨消費,0.0,official
2024-07,residual,Residual,差額,-0.010490996243036482,official
2024-08,m4,Motor vehicles and parts,汽車與零組件,0.0,official
2024-08,m5,Furnishings and durable household equipment,家具與耐久家用設備,0.0,official
2024-08,m6,Recreational goods and vehicles,休閒商品與交通工具,0.0,official
2024-08,m7,Other durable goods,其他耐久財,-0.02,official
2024-08,m9,Food and beverages purchased for off-premises consumption,食物與飲料（居家消費）,0.0,official
2024-08,m10,Clothing and footwear,服裝與鞋類,0.0,official
2024-08,m11,Gasoline and other energy goods,汽油與其他能源商品,-0.03,official
2024-08,m12,Other nondurable goods,其他非耐久財,-0.02,official
2024-08,m15,Housing and utilities,住宅與公用事業,0.06,official
2024-08,m16,Health care,醫療服務,0.03,official
2024-08,m17,Transportation services,運輸服務,0.01,official
2024-08,m18,Recreation services,休閒服務,0.0,official
2024-08,m19,Food services and accommodations,餐飲與住宿,0.02,official
2024-08,m20,Financial services and insurance,金融服務與保險,0.05,official
2024-08,m21,Other services,其他服務,0.02,official
2024-08,m22,Final consumption expenditures of nonprofit institutions serving households,服務家庭之非營利機構淨消費,0.01,official
2024-08,residual,Residual,差額,0.02359617141332826,official
2024-09,m4,Motor vehicles and parts,汽車與零組件,0.01,official
2024-09,m5,Furnishings and durable household equipment,家具與耐久家用設備,0.01,official
2024-09,m6,Recreational goods and vehicles,休閒商品與交通工具,-0.01,official
2024-09,m7,Other durable goods,其他耐久財,0.02,official
2024-09,m9,Food and beverages purchased for off-premises consumption,食物與飲料（居家消費）,0.02,official
2024-09,m10,Clothing and footwear,服裝與鞋類,0.02,official
2024-09,m11,Gasoline and other energy goods,汽油與其他能源商品,-0.06,official
2024-09,m12,Other nondurable goods,其他非耐久財,-0.03,official
2024-09,m15,Housing and utilities,住宅與公用事業,0.07,official
2024-09,m16,Health care,醫療服務,0.08,official
2024-09,m17,Transportation services,運輸服務,0.03,official
2024-09,m18,Recreation services,休閒服務,-0.01,official
2024-09,m19,Food services and accommodations,餐飲與住宿,0.0,official
2024-09,m20,Financial services and insurance,金融服務與保險,0.02,official
2024-09,m21,Other services,其他服務,0.02,official
2024-09,m22,Final consumption expenditures of nonprofit institutions serving households,服務家庭之非營利機構淨消費,0.01,official
2024-09,residual,Residual,差額,0.005826089062166584,official
2024-10,m4,Motor vehicles and parts,汽車與零組件,0.01,official
2024-10,m5,Furnishings and durable household equipment,家具與耐久家用設備,0.0,official
2024-10,m6,Recreational goods and vehicles,休閒商品與交通工具,-0.01,official
2024-10,m7,Other durable goods,其他耐久財,0.0,official
2024-10,m9,Food and beverages purchased for off-premises consumption,食物與飲料（居家消費）,0.01,official
2024-10,m10,Clothing and footwear,服裝與鞋類,-0.02,official
2024-10,m11,Gasoline and other energy goods,汽油與其他能源商品,-0.01,official
2024-10,m12,Other nondurable goods,其他非耐久財,0.04,official
2024-10,m15,Housing and utilities,住宅與公用事業,0.08,official
2024-10,m16,Health care,醫療服務,0.04,official
2024-10,m17,Transportation services,運輸服務,0.02,official
2024-10,m18,Recreation services,休閒服務,0.03,official
2024-10,m19,Food services and accommodations,餐飲與住宿,0.03,official
2024-10,m20,Financial services and insurance,金融服務與保險,0.04,official
2024-10,m21,Other services,其他服務,0.0,official
2024-10,m22,Final consumption expenditures of nonprofit institutions serving households,服務家庭之非營利機構淨消費,0.01,official
2024-10,residual,Residual,差額,0.0006490744768252732,official
2024-11,m4,Motor vehicles and parts,汽車與零組件,0.01,official
2024-11,m5,Furnishings and durable household equipment,家具與耐久家用設備,-0.01,official
2024-11,m6,Recreational goods and vehicles,休閒商品與交通工具,-0.02,official
2024-11,m7,Other durable goods,其他耐久財,0.0,official
2024-11,m9,Food and beverages purchased for off-premises consumption,食物與飲料（居家消費）,0.02,official
2024-11,m10,Clothing and footwear,服裝與鞋類,0.0,official
2024-11,m11,Gasoline and other energy goods,汽油與其他能源商品,0.01,official
2024-11,m12,Other nondurable goods,其他非耐久財,-0.03,official
2024-11,m15,Housing and utilities,住宅與公用事業,0.04,official
2024-11,m16,Health care,醫療服務,0.04,official
2024-11,m17,Transportation services,運輸服務,0.0,official
2024-11,m18,Recreation services,休閒服務,0.02,official
2024-11,m19,Food services and accommodations,餐飲與住宿,0.04,official
2024-11,m20,Financial services and insurance,金融服務與保險,0.04,official
2024-11,m21,Other services,其他服務,-0.03,official
2024-11,m22,Final consumption expenditures of nonprofit institutions serving households,服務家庭之非營利機構淨消費,0.01,official
2024-11,residual,Residual,差額,0.00781253514564162,official
2024-12,m4,Motor vehicles and parts,汽車與零組件,0.02,official
2024-12,m5,Furnishings and durable household equipment,家具與耐久家用設備,-0.02,official
2024-12,m6,Recreational goods and vehicles,休閒商品與交通工具,-0.03,official
2024-12,m7,Other durable goods,其他耐久財,0.0,official
2024-12,m9,Food and beverages purchased for off-premises consumption,食物與飲料（居家消費）,0.02,official
2024-12,m10,Clothing and footwear,服裝與鞋類,0.0,official
2024-12,m11,Gasoline and other energy goods,汽油與其他能源商品,0.08,official
2024-12,m12,Other nondurable goods,其他非耐久財,-0.01,official
2024-12,m15,Housing and utilities,住宅與公用事業,0.06,official
2024-12,m16,Health care,醫療服務,0.05,official
2024-12,m17,Transportation services,運輸服務,0.05,official
2024-12,m18,Recreation services,休閒服務,0.01,official
2024-12,m19,Food services and accommodations,餐飲與住宿,0.0,official
2024-12,m20,Financial services and insurance,金融服務與保險,0.02,official
2024-12,m21,Other services,其他服務,0.02,official
2024-12,m22,Final consumption expenditures of nonprofit institutions serving households,服務家庭之非營利機構淨消費,0.0,official
2024-12,residual,Residual,差額,-0.014918422023642908,official
2025-01,m4,Motor vehicles and parts,汽車與零組件,0.03,official
2025-01,m5,Furnishings and durable household equipment,家具與耐久家用設備,0.01,official
2025-01,m6,Recreational goods and vehicles,休閒商品與交通工具,0.02,official
2025-01,m7,Other durable goods,其他耐久財,-0.02,official
2025-01,m9,Food and beverages purchased for off-premises consumption,食物與飲料（居家消費）,0.02,official
2025-01,m10,Clothing and footwear,服裝與鞋類,-0.02,official
2025-01,m11,Gasoline and other energy goods,汽油與其他能源商品,0.03,official
2025-01,m12,Other nondurable goods,其他非耐久財,0.08,official
2025-01,m15,Housing and utilities,住宅與公用事業,0.06,official
2025-01,m16,Health care,醫療服務,-0.01,official
2025-01,m17,Transportation services,運輸服務,0.0,official
2025-01,m18,Recreation services,休閒服務,0.04,official
2025-01,m19,Food services and accommodations,餐飲與住宿,0.02,official
2025-01,m20,Financial services and insurance,金融服務與保險,0.03,official
2025-01,m21,Other services,其他服務,0.02,official
2025-01,m22,Final consumption expenditures of nonprofit institutions serving households,服務家庭之非營利機構淨消費,0.04,official
2025-01,residual,Residual,差額,0.0012449593548128357,official
2025-02,m4,Motor vehicles and parts,汽車與零組件,0.01,official
2025-02,m5,Furnishings and durable household equipment,家具與耐久家用設備,0.01,official
2025-02,m6,Recreational goods and vehicles,休閒商品與交通工具,0.0,official
2025-02,m7,Other durable goods,其他耐久財,0.01,official
2025-02,m9,Food and beverages purchased for off-premises consumption,食物與飲料（居家消費）,0.0,official
2025-02,m10,Clothing and footwear,服裝與鞋類,0.01,official
2025-02,m11,Gasoline and other energy goods,汽油與其他能源商品,-0.02,official
2025-02,m12,Other nondurable goods,其他非耐久財,0.03,official
2025-02,m15,Housing and utilities,住宅與公用事業,0.07,official
2025-02,m16,Health care,醫療服務,0.05,official
2025-02,m17,Transportation services,運輸服務,0.0,official
2025-02,m18,Recreation services,休閒服務,0.03,official
2025-02,m19,Food services and accommodations,餐飲與住宿,0.03,official
2025-02,m20,Financial services and insurance,金融服務與保險,0.02,official
2025-02,m21,Other services,其他服務,0.03,official
2025-02,m22,Final consumption expenditures of nonprofit institutions serving households,服務家庭之非營利機構淨消費,0.0,official
2025-02,residual,Residual,差額,-0.003336230197023893,official
2025-03,m4,Motor vehicles and parts,汽車與零組件,-0.01,official
2025-03,m5,Furnishings and durable household equipment,家具與耐久家用設備,0.0,official
2025-03,m6,Recreational goods and vehicles,休閒商品與交通工具,-0.01,official
2025-03,m7,Other durable goods,其他耐久財,0.01,official
2025-03,m9,Food and beverages purchased for off-premises consumption,食物與飲料（居家消費）,0.03,official
2025-03,m10,Clothing and footwear,服裝與鞋類,0.0,official
2025-03,m11,Gasoline and other energy goods,汽油與其他能源商品,-0.08,official
2025-03,m12,Other nondurable goods,其他非耐久財,-0.05,official
2025-03,m15,Housing and utilities,住宅與公用事業,0.08,official
2025-03,m16,Health care,醫療服務,0.04,official
2025-03,m17,Transportation services,運輸服務,-0.02,official
2025-03,m18,Recreation services,休閒服務,0.02,official
2025-03,m19,Food services and accommodations,餐飲與住宿,-0.01,official
2025-03,m20,Financial services and insurance,金融服務與保險,0.03,official
2025-03,m21,Other services,其他服務,0.05,official
2025-03,m22,Final consumption expenditures of nonprofit institutions serving households,服務家庭之非營利機構淨消費,-0.01,official
2025-03,residual,Residual,差額,0.00871511489225825,official
2025-04,m4,Motor vehicles and parts,汽車與零組件,0.0,official
2025-04,m5,Furnishings and durable household equipment,家具與耐久家用設備,0.01,official
2025-04,m6,Recreational goods and vehicles,休閒商品與交通工具,0.03,official
2025-04,m7,Other durable goods,其他耐久財,-0.01,official
2025-04,m9,Food and beverages purchased for off-premises consumption,食物與飲料（居家消費）,-0.01,official
2025-04,m10,Clothing and footwear,服裝與鞋類,0.0,official
2025-04,m11,Gasoline and other energy goods,汽油與其他能源商品,-0.05,official
2025-04,m12,Other nondurable goods,其他非耐久財,0.01,official
2025-04,m15,Housing and utilities,住宅與公用事業,0.08,official
2025-04,m16,Health care,醫療服務,0.04,official
2025-04,m17,Transportation services,運輸服務,0.01,official
2025-04,m18,Recreation services,休閒服務,0.0,official
2025-04,m19,Food services and accommodations,餐飲與住宿,0.03,official
2025-04,m20,Financial services and insurance,金融服務與保險,0.06,official
2025-04,m21,Other services,其他服務,0.03,official
2025-04,m22,Final consumption expenditures of nonprofit institutions serving households,服務家庭之非營利機構淨消費,-0.01,official
2025-04,residual,Residual,差額,0.01357617840771283,official
2025-05,m4,Motor vehicles and parts,汽車與零組件,-0.01,official
2025-05,m5,Furnishings and durable household equipment,家具與耐久家用設備,0.01,official
2025-05,m6,Recreational goods and vehicles,休閒商品與交通工具,0.01,official
2025-05,m7,Other durable goods,其他耐久財,0.0,official
2025-05,m9,Food and beverages purchased for off-premises consumption,食物與飲料（居家消費）,0.01,official
2025-05,m10,Clothing and footwear,服裝與鞋類,-0.01,official
2025-05,m11,Gasoline and other energy goods,汽油與其他能源商品,-0.03,official
2025-05,m12,Other nondurable goods,其他非耐久財,0.06,official
2025-05,m15,Housing and utilities,住宅與公用事業,0.05,official
2025-05,m16,Health care,醫療服務,0.03,official
2025-05,m17,Transportation services,運輸服務,-0.01,official
2025-05,m18,Recreation services,休閒服務,0.0,official
2025-05,m19,Food services and accommodations,餐飲與住宿,0.02,official
2025-05,m20,Financial services and insurance,金融服務與保險,0.02,official
2025-05,m21,Other services,其他服務,0.03,official
2025-05,m22,Final consumption expenditures of nonprofit institutions serving households,服務家庭之非營利機構淨消費,0.02,official
2025-05,residual,Residual,差額,-0.005806773776772911,official
2025-06,m4,Motor vehicles and parts,汽車與零組件,-0.01,official
2025-06,m5,Furnishings and durable household equipment,家具與耐久家用設備,0.03,official
2025-06,m6,Recreational goods and vehicles,休閒商品與交通工具,0.03,official
2025-06,m7,Other durable goods,其他耐久財,0.0,official
2025-06,m9,Food and beverages purchased for off-premises consumption,食物與飲料（居家消費）,0.02,official
2025-06,m10,Clothing and footwear,服裝與鞋類,0.01,official
2025-06,m11,Gasoline and other energy goods,汽油與其他能源商品,0.0,official
2025-06,m12,Other nondurable goods,其他非耐久財,0.02,official
2025-06,m15,Housing and utilities,住宅與公用事業,0.06,official
2025-06,m16,Health care,醫療服務,0.07,official
2025-06,m17,Transportation services,運輸服務,0.0,official
2025-06,m18,Recreation services,休閒服務,0.0,official
2025-06,m19,Food services and accommodations,餐飲與住宿,0.01,official
2025-06,m20,Financial services and insurance,金融服務與保險,0.02,official
2025-06,m21,Other services,其他服務,0.01,official
2025-06,m22,Final consumption expenditures of nonprofit institutions serving households,服務家庭之非營利機構淨消費,-0.02,official
2025-06,residual,Residual,差額,0.004730713245998608,official
2025-07,m4,Motor vehicles and parts,汽車與零組件,0.01,official
2025-07,m5,Furnishings and durable household equipment,家具與耐久家用設備,0.0,official
2025-07,m6,Recreational goods and vehicles,休閒商品與交通工具,-0.01,official
2025-07,m7,Other durable goods,其他耐久財,0.0,official
2025-07,m9,Food and beverages purchased for off-premises consumption,食物與飲料（居家消費）,0.0,official
2025-07,m10,Clothing and footwear,服裝與鞋類,0.0,official
2025-07,m11,Gasoline and other energy goods,汽油與其他能源商品,-0.02,official
2025-07,m12,Other nondurable goods,其他非耐久財,0.01,official
2025-07,m15,Housing and utilities,住宅與公用事業,0.04,official
2025-07,m16,Health care,醫療服務,0.03,official
2025-07,m17,Transportation services,運輸服務,0.01,official
2025-07,m18,Recreation services,休閒服務,0.01,official
2025-07,m19,Food services and accommodations,餐飲與住宿,0.01,official
2025-07,m20,Financial services and insurance,金融服務與保險,0.04,official
2025-07,m21,Other services,其他服務,0.0,official
2025-07,m22,Final consumption expenditures of nonprofit institutions serving households,服務家庭之非營利機構淨消費,0.0,official
2025-07,residual,Residual,差額,0.008877929456326927,official
2025-08,m4,Motor vehicles and parts,汽車與零組件,0.02,official
2025-08,m5,Furnishings and durable household equipment,家具與耐久家用設備,0.0,official
2025-08,m6,Recreational goods and vehicles,休閒商品與交通工具,-0.05,official
2025-08,m7,Other durable goods,其他耐久財,0.02,official
2025-08,m9,Food and beverages purchased for off-premises consumption,食物與飲料（居家消費）,0.03,official
2025-08,m10,Clothing and footwear,服裝與鞋類,0.0,official
2025-08,m11,Gasoline and other energy goods,汽油與其他能源商品,0.03,official
2025-08,m12,Other nondurable goods,其他非耐久財,-0.02,official
2025-08,m15,Housing and utilities,住宅與公用事業,0.05,official
2025-08,m16,Health care,醫療服務,0.03,official
2025-08,m17,Transportation services,運輸服務,0.04,official
2025-08,m18,Recreation services,休閒服務,-0.01,official
2025-08,m19,Food services and accommodations,餐飲與住宿,0.04,official
2025-08,m20,Financial services and insurance,金融服務與保險,0.04,official
2025-08,m21,Other services,其他服務,0.01,official
2025-08,m22,Final consumption expenditures of nonprofit institutions serving households,服務家庭之非營利機構淨消費,0.02,official
2025-08,residual,Residual,差額,0.004519092871885455,official
2025-09,m4,Motor vehicles and parts,汽車與零組件,0.01,official
2025-09,m5,Furnishings and durable household equipment,家具與耐久家用設備,0.01,official
2025-09,m6,Recreational goods and vehicles,休閒商品與交通工具,-0.01,official
2025-09,m7,Other durable goods,其他耐久財,-0.01,official
2025-09,m9,Food and beverages purchased for off-premises consumption,食物與飲料（居家消費）,0.03,official
2025-09,m10,Clothing and footwear,服裝與鞋類,0.02,official
2025-09,m11,Gasoline and other energy goods,汽油與其他能源商品,0.06,official
2025-09,m12,Other nondurable goods,其他非耐久財,0.03,official
2025-09,m15,Housing and utilities,住宅與公用事業,0.02,official
2025-09,m16,Health care,醫療服務,0.02,official
2025-09,m17,Transportation services,運輸服務,0.02,official
2025-09,m18,Recreation services,休閒服務,0.01,official
2025-09,m19,Food services and accommodations,餐飲與住宿,0.02,official
2025-09,m20,Financial services and insurance,金融服務與保險,0.04,official
2025-09,m21,Other services,其他服務,0.01,official
2025-09,m22,Final consumption expenditures of nonprofit institutions serving households,服務家庭之非營利機構淨消費,0.02,official
2025-09,residual,Residual,差額,-0.007613830180230596,official
2025-10,m4,Motor vehicles and parts,汽車與零組件,0.01,official
2025-10,m5,Furnishings and durable household equipment,家具與耐久家用設備,0.0,official
2025-10,m6,Recreational goods and vehicles,休閒商品與交通工具,-0.01,official
2025-10,m7,Other durable goods,其他耐久財,0.01,official
2025-10,m9,Food and beverages purchased for off-premises consumption,食物與飲料（居家消費）,0.0,official
2025-10,m10,Clothing and footwear,服裝與鞋類,-0.01,official
2025-10,m11,Gasoline and other energy goods,汽油與其他能源商品,-0.02,official
2025-10,m12,Other nondurable goods,其他非耐久財,0.0,official
2025-10,m15,Housing and utilities,住宅與公用事業,0.04,official
2025-10,m16,Health care,醫療服務,0.08,official
2025-10,m17,Transportation services,運輸服務,0.01,official
2025-10,m18,Recreation services,休閒服務,0.0,official
2025-10,m19,Food services and accommodations,餐飲與住宿,0.01,official
2025-10,m20,Financial services and insurance,金融服務與保險,0.03,official
2025-10,m21,Other services,其他服務,0.02,official
2025-10,m22,Final consumption expenditures of nonprofit institutions serving households,服務家庭之非營利機構淨消費,-0.01,official
2025-10,residual,Residual,差額,-0.01188203854200584,official
2025-11,m4,Motor vehicles and parts,汽車與零組件,0.0,official
2025-11,m5,Furnishings and durable household equipment,家具與耐久家用設備,0.0,official
2025-11,m6,Recreational goods and vehicles,休閒商品與交通工具,-0.02,official
2025-11,m7,Other durable goods,其他耐久財,0.01,official
2025-11,m9,Food and beverages purchased for off-premises consumption,食物與飲料（居家消費）,0.0,official
2025-11,m10,Clothing and footwear,服裝與鞋類,-0.01,official
2025-11,m11,Gasoline and other energy goods,汽油與其他能源商品,0.05,official
2025-11,m12,Other nondurable goods,其他非耐久財,0.0,official
2025-11,m15,Housing and utilities,住宅與公用事業,0.04,official
2025-11,m16,Health care,醫療服務,0.04,official
2025-11,m17,Transportation services,運輸服務,0.01,official
2025-11,m18,Recreation services,休閒服務,0.0,official
2025-11,m19,Food services and accommodations,餐飲與住宿,0.01,official
2025-11,m20,Financial services and insurance,金融服務與保險,0.04,official
2025-11,m21,Other services,其他服務,0.03,official
2025-11,m22,Final consumption expenditures of nonprofit institutions serving households,服務家庭之非營利機構淨消費,-0.01,official
2025-11,residual,Residual,差額,0.009546130370120698,official
2025-12,m4,Motor vehicles and parts,汽車與零組件,-0.01,official
2025-12,m5,Furnishings and durable household equipment,家具與耐久家用設備,0.02,official
2025-12,m6,Recreational goods and vehicles,休閒商品與交通工具,0.04,official
2025-12,m7,Other durable goods,其他耐久財,-0.01,official
2025-12,m9,Food and beverages purchased for off-premises consumption,食物與飲料（居家消費）,0.03,official
2025-12,m10,Clothing and footwear,服裝與鞋類,0.01,official
2025-12,m11,Gasoline and other energy goods,汽油與其他能源商品,-0.01,official
2025-12,m12,Other nondurable goods,其他非耐久財,0.02,official
2025-12,m15,Housing and utilities,住宅與公用事業,0.07,official
2025-12,m16,Health care,醫療服務,0.0,official
2025-12,m17,Transportation services,運輸服務,0.0,official
2025-12,m18,Recreation services,休閒服務,0.09,official
2025-12,m19,Food services and accommodations,餐飲與住宿,0.06,official
2025-12,m20,Financial services and insurance,金融服務與保險,0.03,official
2025-12,m21,Other services,其他服務,-0.03,official
2025-12,m22,Final consumption expenditures of nonprofit institutions serving households,服務家庭之非營利機構淨消費,0.0,official
2025-12,residual,Residual,差額,0.01019992971223932,official
2026-01,m4,Motor vehicles and parts,汽車與零組件,-0.02,official
2026-01,m5,Furnishings and durable household equipment,家具與耐久家用設備,0.02,official
2026-01,m6,Recreational goods and vehicles,休閒商品與交通工具,0.05,official
2026-01,m7,Other durable goods,其他耐久財,-0.01,official
2026-01,m9,Food and beverages purchased for off-premises consumption,食物與飲料（居家消費）,0.02,official
2026-01,m10,Clothing and footwear,服裝與鞋類,0.01,official
2026-01,m11,Gasoline and other energy goods,汽油與其他能源商品,-0.07,official
2026-01,m12,Other nondurable goods,其他非耐久財,0.01,official
2026-01,m15,Housing and utilities,住宅與公用事業,0.04,official
2026-01,m16,Health care,醫療服務,0.1,official
2026-01,m17,Transportation services,運輸服務,0.03,official
2026-01,m18,Recreation services,休閒服務,0.02,official
2026-01,m19,Food services and accommodations,餐飲與住宿,0.01,official
2026-01,m20,Financial services and insurance,金融服務與保險,0.04,official
2026-01,m21,Other services,其他服務,0.03,official
2026-01,m22,Final consumption expenditures of nonprofit institutions serving households,服務家庭之非營利機構淨消費,0.03,official
2026-01,residual,Residual,差額,-0.006391732513345294,official
2026-02,m4,Motor vehicles and parts,汽車與零組件,0.01,official
2026-02,m5,Furnishings and durable household equipment,家具與耐久家用設備,0.01,official
2026-02,m6,Recreational goods and vehicles,休閒商品與交通工具,0.03,official
2026-02,m7,Other durable goods,其他耐久財,0.02,official
2026-02,m9,Food and beverages purchased for off-premises consumption,食物與飲料（居家消費）,0.02,official
2026-02,m10,Clothing and footwear,服裝與鞋類,0.03,official
2026-02,m11,Gasoline and other energy goods,汽油與其他能源商品,0.03,official
2026-02,m12,Other nondurable goods,其他非耐久財,0.04,official
2026-02,m15,Housing and utilities,住宅與公用事業,0.04,official
2026-02,m16,Health care,醫療服務,0.03,official
2026-02,m17,Transportation services,運輸服務,0.03,official
2026-02,m18,Recreation services,休閒服務,-0.02,official
2026-02,m19,Food services and accommodations,餐飲與住宿,0.02,official
2026-02,m20,Financial services and insurance,金融服務與保險,0.01,official
2026-02,m21,Other services,其他服務,0.04,official
2026-02,m22,Final consumption expenditures of nonprofit institutions serving households,服務家庭之非營利機構淨消費,0.0,official
2026-02,residual,Residual,差額,0.007704606309906492,official
2026-03,m4,Motor vehicles and parts,汽車與零組件,0.0,official
2026-03,m5,Furnishings and durable household equipment,家具與耐久家用設備,-0.01,official
2026-03,m6,Recreational goods and vehicles,休閒商品與交通工具,0.04,official
2026-03,m7,Other durable goods,其他耐久財,0.01,official
2026-03,m9,Food and beverages purchased for off-premises consumption,食物與飲料（居家消費）,-0.01,official
2026-03,m10,Clothing and footwear,服裝與鞋類,0.03,official
2026-03,m11,Gasoline and other energy goods,汽油與其他能源商品,0.4,official
2026-03,m12,Other nondurable goods,其他非耐久財,-0.03,official
2026-03,m15,Housing and utilities,住宅與公用事業,0.05,official
2026-03,m16,Health care,醫療服務,0.06,official
2026-03,m17,Transportation services,運輸服務,0.04,official
2026-03,m18,Recreation services,休閒服務,0.01,official
2026-03,m19,Food services and accommodations,餐飲與住宿,0.02,official
2026-03,m20,Financial services and insurance,金融服務與保險,0.03,official
2026-03,m21,Other services,其他服務,0.0,official
2026-03,m22,Final consumption expenditures of nonprofit institutions serving households,服務家庭之非營利機構淨消費,-0.01,official
2026-03,residual,Residual,差額,-0.001969093454404214,official
2026-04,m4,Motor vehicles and parts,汽車與零組件,0.0,official
2026-04,m5,Furnishings and durable household equipment,家具與耐久家用設備,0.0,official
2026-04,m6,Recreational goods and vehicles,休閒商品與交通工具,0.03,official
2026-04,m7,Other durable goods,其他耐久財,0.01,official
2026-04,m9,Food and beverages purchased for off-premises consumption,食物與飲料（居家消費）,0.03,official
2026-04,m10,Clothing and footwear,服裝與鞋類,0.01,official
2026-04,m11,Gasoline and other energy goods,汽油與其他能源商品,0.13,official
2026-04,m12,Other nondurable goods,其他非耐久財,-0.01,official
2026-04,m15,Housing and utilities,住宅與公用事業,0.11,official
2026-04,m16,Health care,醫療服務,0.02,official
2026-04,m17,Transportation services,運輸服務,0.01,official
2026-04,m18,Recreation services,休閒服務,0.01,official
2026-04,m19,Food services and accommodations,餐飲與住宿,0.04,official
2026-04,m20,Financial services and insurance,金融服務與保險,0.04,official
2026-04,m21,Other services,其他服務,-0.01,official
2026-04,m22,Final consumption expenditures of nonprofit institutions serving households,服務家庭之非營利機構淨消費,0.02,official
2026-04,residual,Residual,差額,-0.00419814764996268,official
2026-05,m4,Motor vehicles and parts,汽車與零組件,-0.01,official
2026-05,m5,Furnishings and durable household equipment,家具與耐久家用設備,-0.01,official
2026-05,m6,Recreational goods and vehicles,休閒商品與交通工具,0.01,official
2026-05,m7,Other durable goods,其他耐久財,0.01,official
2026-05,m9,Food and beverages purchased for off-premises consumption,食物與飲料（居家消費）,0.0,official
2026-05,m10,Clothing and footwear,服裝與鞋類,0.0,official
2026-05,m11,Gasoline and other energy goods,汽油與其他能源商品,0.15,official
2026-05,m12,Other nondurable goods,其他非耐久財,-0.02,official
2026-05,m15,Housing and utilities,住宅與公用事業,0.06,official
2026-05,m16,Health care,醫療服務,0.05,official
2026-05,m17,Transportation services,運輸服務,0.03,official
2026-05,m18,Recreation services,休閒服務,0.01,official
2026-05,m19,Food services and accommodations,餐飲與住宿,0.02,official
2026-05,m20,Financial services and insurance,金融服務與保險,0.05,official
2026-05,m21,Other services,其他服務,0.06,official
2026-05,m22,Final consumption expenditures of nonprofit institutions serving households,服務家庭之非營利機構淨消費,0.02,official
2026-05,residual,Residual,差額,0.005441410554693327,official
2026-06,m4,Motor vehicles and parts,汽車與零組件,0.0,official
2026-06,m5,Furnishings and durable household equipment,家具與耐久家用設備,0.0,official
2026-06,m6,Recreational goods and vehicles,休閒商品與交通工具,0.02,official
2026-06,m7,Other durable goods,其他耐久財,-0.03,official
2026-06,m9,Food and beverages purchased for off-premises consumption,食物與飲料（居家消費）,0.02,official
2026-06,m10,Clothing and footwear,服裝與鞋類,0.0,official
2026-06,m11,Gasoline and other energy goods,汽油與其他能源商品,-0.23,official
2026-06,m12,Other nondurable goods,其他非耐久財,0.02,official
2026-06,m15,Housing and utilities,住宅與公用事業,0.02,official
2026-06,m16,Health care,醫療服務,0.06,official
2026-06,m17,Transportation services,運輸服務,0.02,official
2026-06,m18,Recreation services,休閒服務,-0.01,official
2026-06,m19,Food services and accommodations,餐飲與住宿,-0.01,official
2026-06,m20,Financial services and insurance,金融服務與保險,0.03,official
2026-06,m21,Other services,其他服務,0.01,official
2026-06,m22,Final consumption expenditures of nonprofit institutions serving households,服務家庭之非營利機構淨消費,-0.03,official
2026-06,residual,Residual,差額,0.007135803597947327,official
2026-07,m4,Motor vehicles and parts,汽車與零組件,0.01,official
2026-07,m5,Furnishings and durable household equipment,家具與耐久家用設備,-0.02,official
2026-07,m6,Recreational goods and vehicles,休閒商品與交通工具,0.04,official
2026-07,m7,Other durable goods,其他耐久財,0.01,official
2026-07,m9,Food and beverages purchased for off-premises consumption,食物與飲料（居家消費）,-0.01,official
2026-07,m10,Clothing and footwear,服裝與鞋類,0.0,official
2026-07,m11,Gasoline and other energy goods,汽油與其他能源商品,-0.06,official
2026-07,m12,Other nondurable goods,其他非耐久財,0.0,official
2026-07,m15,Housing and utilities,住宅與公用事業,0.05,official
2026-07,m16,Health care,醫療服務,0.03,official
2026-07,m17,Transportation services,運輸服務,0.01,official
2026-07,m18,Recreation services,休閒服務,0.0,official
2026-07,m19,Food services and accommodations,餐飲與住宿,-0.01,official
2026-07,m20,Financial services and insurance,金融服務與保險,0.0,official
2026-07,m21,Other services,其他服務,0.0,official
2026-07,m22,Final consumption expenditures of nonprofit institutions serving households,服務家庭之非營利機構淨消費,0.0,official
2026-07,residual,Residual,差額,0.00034094549449807665,official
2026-08,m4,Motor vehicles and parts,汽車與零組件,0.0,official
2026-08,m5,Furnishings and durable household equipment,家具與耐久家用設備,0.0,official
2026-08,m6,Recreational goods and vehicles,休閒商品與交通工具,0.01,official
2026-08,m7,Other durable goods,其他耐久財,0.0,official
2026-08,m9,Food and beverages purchased for off-premises consumption,食物與飲料（居家消費）,0.0,official
2026-08,m10,Clothing and footwear,服裝與鞋類,0.0,official
2026-08,m11,Gasoline and other energy goods,汽油與其他能源商品,0.09,official
2026-08,m12,Other nondurable goods,其他非耐久財,-0.01,official
2026-08,m15,Housing and utilities,住宅與公用事業,0.03,official
2026-08,m16,Health care,醫療服務,0.04,official
2026-08,m17,Transportation services,運輸服務,0.05,official
2026-08,m18,Recreation services,休閒服務,0.0,official
2026-08,m19,Food services and accommodations,餐飲與住宿,0.03,official
2026-08,m20,Financial services and insurance,金融服務與保險,0.02,official
2026-08,m21,Other services,其他服務,0.07,official
2026-08,m22,Final consumption expenditures of nonprofit institutions serving households,服務家庭之非營利機構淨消費,-0.03,official
2026-08,residual,Residual,差額,0.01027963284848693,official
