month,id,name,name_zh,contribution_pp,method
1990-01,m4,Motor vehicles and parts,汽車與零組件,0.08126852263630703,official
1990-01,m5,Furnishings and durable household equipment,家具與耐久家用設備,-0.009234723828159739,official
1990-01,m6,Recreational goods and vehicles,休閒商品與交通工具,-0.03024459663790803,official
1990-01,m7,Other durable goods,其他耐久財,0.060949212843547096,official
1990-01,m9,Food and beverages purchased for off-premises consumption,食物與飲料（居家消費）,0.6008149070532776,official
1990-01,m10,Clothing and footwear,服裝與鞋類,-0.009703815707551368,official
1990-01,m11,Gasoline and other energy goods,汽油與其他能源商品,0.5281181179400515,official
1990-01,m12,Other nondurable goods,其他非耐久財,0.35650289068753893,official
1990-01,m15,Housing and utilities,住宅與公用事業,0.7441124255092058,official
1990-01,m16,Health care,醫療服務,1.0482936938539535,official
1990-01,m17,Transportation services,運輸服務,0.09119896824690918,official
1990-01,m18,Recreation services,休閒服務,0.14293409232411278,official
1990-01,m19,Food services and accommodations,餐飲與住宿,0.3154257760384239,official
1990-01,m20,Financial services and insurance,金融服務與保險,0.09131228319843458,official
1990-01,m21,Other services,其他服務,0.2653327403717869,official
1990-01,m22,Final consumption expenditures of nonprofit institutions serving households,服務家庭之非營利機構淨消費,-0.1522061727296985,official
1990-01,residual,Residual,差額,0.03415796495597245,official
1990-02,m4,Motor vehicles and parts,汽車與零組件,0.061065387752207365,official
1990-02,m5,Furnishings and durable household equipment,家具與耐久家用設備,0.021110953512286805,official
1990-02,m6,Recreational goods and vehicles,休閒商品與交通工具,-0.020177475976029216,official
1990-02,m7,Other durable goods,其他耐久財,0.11306850820892876,official
1990-02,m9,Food and beverages purchased for off-premises consumption,食物與飲料（居家消費）,0.6125204779972342,official
1990-02,m10,Clothing and footwear,服裝與鞋類,0.16432449203928937,official
1990-02,m11,Gasoline and other energy goods,汽油與其他能源商品,0.4038633381794971,official
1990-02,m12,Other nondurable goods,其他非耐久財,0.3773272224389206,official
1990-02,m15,Housing and utilities,住宅與公用事業,0.7428889046487713,official
1990-02,m16,Health care,醫療服務,1.0082669054288855,official
1990-02,m17,Transportation services,運輸服務,0.06099606396936279,official
1990-02,m18,Recreation services,休閒服務,0.15325609020956704,official
1990-02,m19,Food services and accommodations,餐飲與住宿,0.31562355944824655,official
1990-02,m20,Financial services and insurance,金融服務與保險,0.11218680188645792,official
1990-02,m21,Other services,其他服務,0.27524892734300205,official
1990-02,m22,Final consumption expenditures of nonprofit institutions serving households,服務家庭之非營利機構淨消費,-0.14256373887450802,official
1990-02,residual,Residual,差額,0.012118719194363692,official
1990-03,m4,Motor vehicles and parts,汽車與零組件,0.040062000989189564,official
1990-03,m5,Furnishings and durable household equipment,家具與耐久家用設備,0.05092135942909631,official
1990-03,m6,Recreational goods and vehicles,休閒商品與交通工具,-0.02052815657457783,official
1990-03,m7,Other durable goods,其他耐久財,0.12303751854730445,official
1990-03,m9,Food and beverages purchased for off-premises consumption,食物與飲料（居家消費）,0.5604338302833322,official
1990-03,m10,Clothing and footwear,服裝與鞋類,0.20611972726630395,official
1990-03,m11,Gasoline and other energy goods,汽油與其他能源商品,0.3114224899314632,official
1990-03,m12,Other nondurable goods,其他非耐久財,0.356427259238324,official
1990-03,m15,Housing and utilities,住宅與公用事業,0.8050169575355048,official
1990-03,m16,Health care,醫療服務,1.0287078711227302,official
1990-03,m17,Transportation services,運輸服務,0.08282325302056101,official
1990-03,m18,Recreation services,休閒服務,0.16350155444075462,official
1990-03,m19,Food services and accommodations,餐飲與住宿,0.3265433123719353,official
1990-03,m20,Financial services and insurance,金融服務與保險,0.07106797145481522,official
1990-03,m21,Other services,其他服務,0.32617006994983394,official
1990-03,m22,Final consumption expenditures of nonprofit institutions serving households,服務家庭之非營利機構淨消費,-0.17277467674697944,official
1990-03,residual,Residual,差額,0.017526142867231087,official
1990-04,m4,Motor vehicles and parts,汽車與零組件,0.009570618891364995,official
1990-04,m5,Furnishings and durable household equipment,家具與耐久家用設備,0.06094316447033639,official
1990-04,m6,Recreational goods and vehicles,休閒商品與交通工具,-0.020392356419659936,official
1990-04,m7,Other durable goods,其他耐久財,0.10235589324255559,official
1990-04,m9,Food and beverages purchased for off-premises consumption,食物與飲料（居家消費）,0.4457547947849585,official
1990-04,m10,Clothing and footwear,服裝與鞋類,0.18531330607661126,official
1990-04,m11,Gasoline and other energy goods,汽油與其他能源商品,0.02170559230728733,official
1990-04,m12,Other nondurable goods,其他非耐久財,0.35534383828458127,official
1990-04,m15,Housing and utilities,住宅與公用事業,0.7819479197739916,official
1990-04,m16,Health care,醫療服務,1.0356598641843164,official
1990-04,m17,Transportation services,運輸服務,0.09263401709101757,official
1990-04,m18,Recreation services,休閒服務,0.1727786063977259,official
1990-04,m19,Food services and accommodations,餐飲與住宿,0.31487409851023884,official
1990-04,m20,Financial services and insurance,金融服務與保險,0.08180613802663672,official
1990-04,m21,Other services,其他服務,0.3153529628524803,official
1990-04,m22,Final consumption expenditures of nonprofit institutions serving households,服務家庭之非營利機構淨消費,-0.1724813560511678,official
1990-04,residual,Residual,差額,0.021075821649789717,official
1990-05,m4,Motor vehicles and parts,汽車與零組件,-0.0004278196408902604,official
1990-05,m5,Furnishings and durable household equipment,家具與耐久家用設備,0.06072154133958075,official
1990-05,m6,Recreational goods and vehicles,休閒商品與交通工具,-0.010354564050562086,official
1990-05,m7,Other durable goods,其他耐久財,0.11232634578736646,official
1990-05,m9,Food and beverages purchased for off-premises consumption,食物與飲料（居家消費）,0.40503732713254187,official
1990-05,m10,Clothing and footwear,服裝與鞋類,0.15436945993670995,official
1990-05,m11,Gasoline and other energy goods,汽油與其他能源商品,-0.05921953948633671,official
1990-05,m12,Other nondurable goods,其他非耐久財,0.365531408989982,official
1990-05,m15,Housing and utilities,住宅與公用事業,0.7503505428606395,official
1990-05,m16,Health care,醫療服務,1.0556113082853995,official
1990-05,m17,Transportation services,運輸服務,0.09229714845184188,official
1990-05,m18,Recreation services,休閒服務,0.18287200377642185,official
1990-05,m19,Food services and accommodations,餐飲與住宿,0.3148661643093169,official
1990-05,m20,Financial services and insurance,金融服務與保險,0.08188768641711977,official
1990-05,m21,Other services,其他服務,0.32568596255048343,official
1990-05,m22,Final consumption expenditures of nonprofit institutions serving households,服務家庭之非營利機構淨消費,-0.17261219994055632,official
1990-05,residual,Residual,差額,0.00034005279995863447,official
1990-06,m4,Motor vehicles and parts,汽車與零組件,-0.010770210390426017,official
1990-06,m5,Furnishings and durable household equipment,家具與耐久家用設備,0.02992428735912913,official
1990-06,m6,Recreational goods and vehicles,休閒商品與交通工具,-0.03065350127350755,official
1990-06,m7,Other durable goods,其他耐久財,0.12205959317539512,official
1990-06,m9,Food and beverages purchased for off-premises consumption,食物與飲料（居家消費）,0.4673094099996511,official
1990-06,m10,Clothing and footwear,服裝與鞋類,0.1843325424793273,official
1990-06,m11,Gasoline and other energy goods,汽油與其他能源商品,0.0015090192247304238,official
1990-06,m12,Other nondurable goods,其他非耐久財,0.38651634625449216,official
1990-06,m15,Housing and utilities,住宅與公用事業,0.8436298454345627,official
1990-06,m16,Health care,醫療服務,1.0359089005966295,official
1990-06,m17,Transportation services,運輸服務,0.11205226614563343,official
1990-06,m18,Recreation services,休閒服務,0.1832034820836677,official
1990-06,m19,Food services and accommodations,餐飲與住宿,0.3149098077526953,official
1990-06,m20,Financial services and insurance,金融服務與保險,0.0927827012316388,official
1990-06,m21,Other services,其他服務,0.3364144656501867,official
1990-06,m22,Final consumption expenditures of nonprofit institutions serving households,服務家庭之非營利機構淨消費,-0.16262272774850842,official
1990-06,residual,Residual,差額,-0.0162023306932757,official
1990-07,m4,Motor vehicles and parts,汽車與零組件,-0.000768373971005416,official
1990-07,m5,Furnishings and durable household equipment,家具與耐久家用設備,0.04060530117126995,official
1990-07,m6,Recreational goods and vehicles,休閒商品與交通工具,-0.03058041386031779,official
1990-07,m7,Other durable goods,其他耐久財,0.1018162515880889,official
1990-07,m9,Food and beverages purchased for off-premises consumption,食物與飲料（居家消費）,0.478111871073287,official
1990-07,m10,Clothing and footwear,服裝與鞋類,0.22418576724272957,official
1990-07,m11,Gasoline and other energy goods,汽油與其他能源商品,0.0417981517255782,official
1990-07,m12,Other nondurable goods,其他非耐久財,0.3767829234758697,official
1990-07,m15,Housing and utilities,住宅與公用事業,0.8236065716423885,official
1990-07,m16,Health care,醫療服務,1.0576604187333576,official
1990-07,m17,Transportation services,運輸服務,0.12176125585199882,official
1990-07,m18,Recreation services,休閒服務,0.18354287404932212,official
1990-07,m19,Food services and accommodations,餐飲與住宿,0.30534711707478374,official
1990-07,m20,Financial services and insurance,金融服務與保險,0.0814210132442263,official
1990-07,m21,Other services,其他服務,0.31488383020936667,official
1990-07,m22,Final consumption expenditures of nonprofit institutions serving households,服務家庭之非營利機構淨消費,-0.19332776414486852,official
1990-07,residual,Residual,差額,-0.02841486973320606,official
1990-08,m4,Motor vehicles and parts,汽車與零組件,0.009620297219225278,official
1990-08,m5,Furnishings and durable household equipment,家具與耐久家用設備,0.020212995510388757,official
1990-08,m6,Recreational goods and vehicles,休閒商品與交通工具,-0.0005803431594334028,official
1990-08,m7,Other durable goods,其他耐久財,0.1021936449378763,official
1990-08,m9,Food and beverages purchased for off-premises consumption,食物與飲料（居家消費）,0.5096091601990742,official
1990-08,m10,Clothing and footwear,服裝與鞋類,0.2941499321337835,official
1990-08,m11,Gasoline and other energy goods,汽油與其他能源商品,0.4422700379354748,official
1990-08,m12,Other nondurable goods,其他非耐久財,0.3571292590401281,official
1990-08,m15,Housing and utilities,住宅與公用事業,0.847401768001949,official
1990-08,m16,Health care,醫療服務,1.0918156823165002,official
1990-08,m17,Transportation services,運輸服務,0.13291459297671668,official
1990-08,m18,Recreation services,休閒服務,0.1839103121845961,official
1990-08,m19,Food services and accommodations,餐飲與住宿,0.316088295687885,official
1990-08,m20,Financial services and insurance,金融服務與保險,0.14296296940799777,official
1990-08,m21,Other services,其他服務,0.3264034385549716,official
1990-08,m22,Final consumption expenditures of nonprofit institutions serving households,服務家庭之非營利機構淨消費,-0.1940838060766366,official
1990-08,residual,Residual,差額,-0.005399018550098056,official
1990-09,m4,Motor vehicles and parts,汽車與零組件,0.0195766920165295,official
1990-09,m5,Furnishings and durable household equipment,家具與耐久家用設備,0.010190297600444497,official
1990-09,m6,Recreational goods and vehicles,休閒商品與交通工具,-0.010556828836337117,official
1990-09,m7,Other durable goods,其他耐久財,0.11240094454283431,official
1990-09,m9,Food and beverages purchased for off-premises consumption,食物與飲料（居家消費）,0.5397798381775879,official
1990-09,m10,Clothing and footwear,服裝與鞋類,0.25449838524846335,official
1990-09,m11,Gasoline and other energy goods,汽油與其他能源商品,0.8137297287911934,official
1990-09,m12,Other nondurable goods,其他非耐久財,0.3885521061221655,official
1990-09,m15,Housing and utilities,住宅與公用事業,0.8473450359412439,official
1990-09,m16,Health care,醫療服務,1.0626523596207937,official
1990-09,m17,Transportation services,運輸服務,0.1330758412334618,official
1990-09,m18,Recreation services,休閒服務,0.1943926450671945,official
1990-09,m19,Food services and accommodations,餐飲與住宿,0.3162990936555891,official
1990-09,m20,Financial services and insurance,金融服務與保險,0.1739485015800257,official
1990-09,m21,Other services,其他服務,0.32750460117373337,official
1990-09,m22,Final consumption expenditures of nonprofit institutions serving households,服務家庭之非營利機構淨消費,-0.15374136194742508,official
1990-09,residual,Residual,差額,-0.044753620168759056,official
1990-10,m4,Motor vehicles and parts,汽車與零組件,0.019997059790034417,official
1990-10,m5,Furnishings and durable household equipment,家具與耐久家用設備,0.021104827132949377,official
1990-10,m6,Recreational goods and vehicles,休閒商品與交通工具,-0.020476832875006484,official
1990-10,m7,Other durable goods,其他耐久財,0.12242117642989328,official
1990-10,m9,Food and beverages purchased for off-premises consumption,食物與飲料（居家消費）,0.5396655078780331,official
1990-10,m10,Clothing and footwear,服裝與鞋類,0.19324495408083847,official
1990-10,m11,Gasoline and other energy goods,汽油與其他能源商品,1.0321596706964837,official
1990-10,m12,Other nondurable goods,其他非耐久財,0.38803317248655284,official
1990-10,m15,Housing and utilities,住宅與公用事業,0.785770767394801,official
1990-10,m16,Health care,醫療服務,1.0933658485964821,official
1990-10,m17,Transportation services,運輸服務,0.1748850723810512,official
1990-10,m18,Recreation services,休閒服務,0.2040938099932548,official
1990-10,m19,Food services and accommodations,餐飲與住宿,0.3061002438644736,official
1990-10,m20,Financial services and insurance,金融服務與保險,0.16331050346771822,official
1990-10,m21,Other services,其他服務,0.3680606720974074,official
1990-10,m22,Final consumption expenditures of nonprofit institutions serving households,服務家庭之非營利機構淨消費,-0.14318199899686954,official
1990-10,residual,Residual,差額,-0.07378491499334672,official
1990-11,m4,Motor vehicles and parts,汽車與零組件,0.0005134178962809561,official
1990-11,m5,Furnishings and durable household equipment,家具與耐久家用設備,-0.0004466304254033913,official
1990-11,m6,Recreational goods and vehicles,休閒商品與交通工具,-0.030410561739580635,official
1990-11,m7,Other durable goods,其他耐久財,0.132649581499698,official
1990-11,m9,Food and beverages purchased for off-premises consumption,食物與飲料（居家消費）,0.5190518595219605,official
1990-11,m10,Clothing and footwear,服裝與鞋類,0.1723518854085771,official
1990-11,m11,Gasoline and other energy goods,汽油與其他能源商品,1.0593336784882215,official
1990-11,m12,Other nondurable goods,其他非耐久財,0.38770575545776165,official
1990-11,m15,Housing and utilities,住宅與公用事業,0.7352035550953491,official
1990-11,m16,Health care,醫療服務,1.1061301233928726,official
1990-11,m17,Transportation services,運輸服務,0.17450478902407457,official
1990-11,m18,Recreation services,休閒服務,0.20416636465613944,official
1990-11,m19,Food services and accommodations,餐飲與住宿,0.29597273276382774,official
1990-11,m20,Financial services and insurance,金融服務與保險,0.14248252653378202,official
1990-11,m21,Other services,其他服務,0.3782712917421693,official
1990-11,m22,Final consumption expenditures of nonprofit institutions serving households,服務家庭之非營利機構淨消費,-0.14390335663128828,official
1990-11,residual,Residual,差額,-0.054622831995864374,official
1990-12,m4,Motor vehicles and parts,汽車與零組件,0.021973396658234813,official
1990-12,m5,Furnishings and durable household equipment,家具與耐久家用設備,0.018990415225508928,official
1990-12,m6,Recreational goods and vehicles,休閒商品與交通工具,-0.06175520107377007,official
1990-12,m7,Other durable goods,其他耐久財,0.10032712129816047,official
1990-12,m9,Food and beverages purchased for off-premises consumption,食物與飲料（居家消費）,0.45671192332180405,official
1990-12,m10,Clothing and footwear,服裝與鞋類,0.2232283654259804,official
1990-12,m11,Gasoline and other energy goods,汽油與其他能源商品,1.0463001393836147,official
1990-12,m12,Other nondurable goods,其他非耐久財,0.38861063789513534,official
1990-12,m15,Housing and utilities,住宅與公用事業,0.6952194861734896,official
1990-12,m16,Health care,醫療服務,1.0770705349921705,official
1990-12,m17,Transportation services,運輸服務,0.15203241959630376,official
1990-12,m18,Recreation services,休閒服務,0.19411147247603805,official
1990-12,m19,Food services and accommodations,餐飲與住宿,0.3066074716500611,official
1990-12,m20,Financial services and insurance,金融服務與保險,0.08072479479634505,official
1990-12,m21,Other services,其他服務,0.34726446750296835,official
1990-12,m22,Final consumption expenditures of nonprofit institutions serving households,服務家庭之非營利機構淨消費,-0.16444237950200472,official
1990-12,residual,Residual,差額,-0.009710908058425893,official
1991-01,m4,Motor vehicles and parts,汽車與零組件,0.053033832596109505,official
1991-01,m5,Furnishings and durable household equipment,家具與耐久家用設備,-0.0005183338172254134,official
1991-01,m6,Recreational goods and vehicles,休閒商品與交通工具,-0.05136628353799122,official
1991-01,m7,Other durable goods,其他耐久財,0.12135757348043653,official
1991-01,m9,Food and beverages purchased for off-premises consumption,食物與飲料（居家消費）,0.4392341980769559,official
1991-01,m10,Clothing and footwear,服裝與鞋類,0.2111423838232029,official
1991-01,m11,Gasoline and other energy goods,汽油與其他能源商品,0.5121882738715352,official
1991-01,m12,Other nondurable goods,其他非耐久財,0.40844209519580554,official
1991-01,m15,Housing and utilities,住宅與公用事業,0.7747143613478388,official
1991-01,m16,Health care,醫療服務,1.1229540757945793,official
1991-01,m17,Transportation services,運輸服務,0.12159906409577649,official
1991-01,m18,Recreation services,休閒服務,0.19362013901935,official
1991-01,m19,Food services and accommodations,餐飲與住宿,0.3265714822468533,official
1991-01,m20,Financial services and insurance,金融服務與保險,0.11134373985961438,official
1991-01,m21,Other services,其他服務,0.35699810428159107,official
1991-01,m22,Final consumption expenditures of nonprofit institutions serving households,服務家庭之非營利機構淨消費,-0.20387341383020513,official
1991-01,residual,Residual,差額,-0.016031287893008006,official
1991-02,m4,Motor vehicles and parts,汽車與零組件,0.06320348234173878,official
1991-02,m5,Furnishings and durable household equipment,家具與耐久家用設備,-6.988488548060126e-05,official
1991-02,m6,Recreational goods and vehicles,休閒商品與交通工具,-0.01993402594752682,official
1991-02,m7,Other durable goods,其他耐久財,0.06108840182958971,official
1991-02,m9,Food and beverages purchased for off-premises consumption,食物與飲料（居家消費）,0.399713659009369,official
1991-02,m10,Clothing and footwear,服裝與鞋類,0.10069867881858835,official
1991-02,m11,Gasoline and other energy goods,汽油與其他能源商品,0.3299789155090033,official
1991-02,m12,Other nondurable goods,其他非耐久財,0.3984788559963272,official
1991-02,m15,Housing and utilities,住宅與公用事業,0.7934588767407458,official
1991-02,m16,Health care,醫療服務,1.121597150192991,official
1991-02,m17,Transportation services,運輸服務,0.1314679226675282,official
1991-02,m18,Recreation services,休閒服務,0.18326078454710854,official
1991-02,m19,Food services and accommodations,餐飲與住宿,0.3160750539864991,official
1991-02,m20,Financial services and insurance,金融服務與保險,-0.012633861012395626,official
1991-02,m21,Other services,其他服務,0.4187381612283416,official
1991-02,m22,Final consumption expenditures of nonprofit institutions serving households,服務家庭之非營利機構淨消費,-0.19346907891380863,official
1991-02,residual,Residual,差額,-0.015884953495096887,official
1991-03,m4,Motor vehicles and parts,汽車與零組件,0.08289058662104246,official
1991-03,m5,Furnishings and durable household equipment,家具與耐久家用設備,-0.010438060068097502,official
1991-03,m6,Recreational goods and vehicles,休閒商品與交通工具,0.00047177002693408847,official
1991-03,m7,Other durable goods,其他耐久財,0.040527840360476346,official
1991-03,m9,Food and beverages purchased for off-premises consumption,食物與飲料（居家消費）,0.39821049243643386,official
1991-03,m10,Clothing and footwear,服裝與鞋類,0.04054562702217403,official
1991-03,m11,Gasoline and other energy goods,汽油與其他能源商品,0.2030986058645164,official
1991-03,m12,Other nondurable goods,其他非耐久財,0.4388601290803449,official
1991-03,m15,Housing and utilities,住宅與公用事業,0.6916631375671235,official
1991-03,m16,Health care,醫療服務,1.1007028272322261,official
1991-03,m17,Transportation services,運輸服務,0.11226686768417665,official
1991-03,m18,Recreation services,休閒服務,0.18338370064201379,official
1991-03,m19,Food services and accommodations,餐飲與住宿,0.2754428878762726,official
1991-03,m20,Financial services and insurance,金融服務與保險,-0.023766876154015536,official
1991-03,m21,Other services,其他服務,0.3984567953517524,official
1991-03,m22,Final consumption expenditures of nonprofit institutions serving households,服務家庭之非營利機構淨消費,-0.1935536056104213,official
1991-03,residual,Residual,差額,-0.03236122168957989,official
1991-04,m4,Motor vehicles and parts,汽車與零組件,0.10304477914701557,official
1991-04,m5,Furnishings and durable household equipment,家具與耐久家用設備,-0.02039521950065081,official
1991-04,m6,Recreational goods and vehicles,休閒商品與交通工具,-0.009878120932434028,official
1991-04,m7,Other durable goods,其他耐久財,0.07148959548320571,official
1991-04,m9,Food and beverages purchased for off-premises consumption,食物與飲料（居家消費）,0.4890364622952483,official
1991-04,m10,Clothing and footwear,服裝與鞋類,0.04083050188481498,official
1991-04,m11,Gasoline and other energy goods,汽油與其他能源商品,0.17199604442415936,official
1991-04,m12,Other nondurable goods,其他非耐久財,0.4493987186638944,official
1991-04,m15,Housing and utilities,住宅與公用事業,0.6610159406325541,official
1991-04,m16,Health care,醫療服務,1.0810265902598173,official
1991-04,m17,Transportation services,運輸服務,0.07100579813039878,official
1991-04,m18,Recreation services,休閒服務,0.183369170174282,official
1991-04,m19,Food services and accommodations,餐飲與住宿,0.2959331947191372,official
1991-04,m20,Financial services and insurance,金融服務與保險,-0.09504978278141216,official
1991-04,m21,Other services,其他服務,0.38838227090623256,official
1991-04,m22,Final consumption expenditures of nonprofit institutions serving households,服務家庭之非營利機構淨消費,-0.1731898169278361,official
1991-04,residual,Residual,差額,-0.03135909528879521,official
1991-05,m4,Motor vehicles and parts,汽車與零組件,0.11315803676842638,official
1991-05,m5,Furnishings and durable household equipment,家具與耐久家用設備,0.0003393489627255882,official
1991-05,m6,Recreational goods and vehicles,休閒商品與交通工具,-0.030544779895429246,official
1991-05,m7,Other durable goods,其他耐久財,0.0613516613256873,official
1991-05,m9,Food and beverages purchased for off-premises consumption,食物與飲料（居家消費）,0.4990175409006578,official
1991-05,m10,Clothing and footwear,服裝與鞋類,0.08174970484061393,official
1991-05,m11,Gasoline and other energy goods,汽油與其他能源商品,0.2429205599595209,official
1991-05,m12,Other nondurable goods,其他非耐久財,0.41882475965592847,official
1991-05,m15,Housing and utilities,住宅與公用事業,0.6916668915500085,official
1991-05,m16,Health care,醫療服務,1.05123680215888,official
1991-05,m17,Transportation services,運輸服務,0.09153533479507506,official
1991-05,m18,Recreation services,休閒服務,0.18369151627593186,official
1991-05,m19,Food services and accommodations,餐飲與住宿,0.2860254680384551,official
1991-05,m20,Financial services and insurance,金融服務與保險,-0.04274768089053803,official
1991-05,m21,Other services,其他服務,0.35794518468544445,official
1991-05,m22,Final consumption expenditures of nonprofit institutions serving households,服務家庭之非營利機構淨消費,-0.12181295328048575,official
1991-05,residual,Residual,差額,-0.01186625063248714,official
1991-06,m4,Motor vehicles and parts,汽車與零組件,0.13295775120902742,official
1991-06,m5,Furnishings and durable household equipment,家具與耐久家用設備,-0.000433234819989246,official
1991-06,m6,Recreational goods and vehicles,休閒商品與交通工具,-0.030795943041375604,official
1991-06,m7,Other durable goods,其他耐久財,0.030057092960773784,official
1991-06,m9,Food and beverages purchased for off-premises consumption,食物與飲料（居家消費）,0.45892581273508865,official
1991-06,m10,Clothing and footwear,服裝與鞋類,0.08177559108006448,official
1991-06,m11,Gasoline and other energy goods,汽油與其他能源商品,0.1909151665771091,official
1991-06,m12,Other nondurable goods,其他非耐久財,0.37754365932294465,official
1991-06,m15,Housing and utilities,住宅與公用事業,0.5492398240193445,official
1991-06,m16,Health care,醫療服務,1.049310686458893,official
1991-06,m17,Transportation services,運輸服務,0.111815724073079,official
1991-06,m18,Recreation services,休閒服務,0.17331290300913488,official
1991-06,m19,Food services and accommodations,餐飲與住宿,0.2855381851155293,official
1991-06,m20,Financial services and insurance,金融服務與保險,-0.02071987506716818,official
1991-06,m21,Other services,其他服務,0.3475710303600215,official
1991-06,m22,Final consumption expenditures of nonprofit institutions serving households,服務家庭之非營利機構淨消費,-0.13200413084363247,official
1991-06,residual,Residual,差額,-0.014870533315427092,official
1991-07,m4,Motor vehicles and parts,汽車與零組件,0.16363088158930636,official
1991-07,m5,Furnishings and durable household equipment,家具與耐久家用設備,0.010617598284728389,official
1991-07,m6,Recreational goods and vehicles,休閒商品與交通工具,-0.05138712541248597,official
1991-07,m7,Other durable goods,其他耐久財,0.07131710748923768,official
1991-07,m9,Food and beverages purchased for off-premises consumption,食物與飲料（居家消費）,0.33558434814653515,official
1991-07,m10,Clothing and footwear,服裝與鞋類,0.07159885425216503,official
1991-07,m11,Gasoline and other energy goods,汽油與其他能源商品,0.12880215749007523,official
1991-07,m12,Other nondurable goods,其他非耐久財,0.36735489706695257,official
1991-07,m15,Housing and utilities,住宅與公用事業,0.5393445451347594,official
1991-07,m16,Health care,醫療服務,1.0093323171242399,official
1991-07,m17,Transportation services,運輸服務,0.12187390073535571,official
1991-07,m18,Recreation services,休閒服務,0.16326889897653227,official
1991-07,m19,Food services and accommodations,餐飲與住宿,0.26524246637297105,official
1991-07,m20,Financial services and insurance,金融服務與保險,0.04025779326286873,official
1991-07,m21,Other services,其他服務,0.38733295365081494,official
1991-07,m22,Final consumption expenditures of nonprofit institutions serving households,服務家庭之非營利機構淨消費,-0.13275347995778825,official
1991-07,residual,Residual,差額,0.006127908340169963,official
1991-08,m4,Motor vehicles and parts,汽車與零組件,0.1526159810969116,official
1991-08,m5,Furnishings and durable household equipment,家具與耐久家用設備,0.01020001331203408,official
1991-08,m6,Recreational goods and vehicles,休閒商品與交通工具,-0.06132904020234292,official
1991-08,m7,Other durable goods,其他耐久財,0.060912040734824285,official
1991-08,m9,Food and beverages purchased for off-premises consumption,食物與飲料（居家消費）,0.2627875399361022,official
1991-08,m10,Clothing and footwear,服裝與鞋類,0.10197001464323749,official
1991-08,m11,Gasoline and other energy goods,汽油與其他能源商品,-0.09913954339723108,official
1991-08,m12,Other nondurable goods,其他非耐久財,0.3961197084664537,official
1991-08,m15,Housing and utilities,住宅與公用事業,0.45700495873269437,official
1991-08,m16,Health care,醫療服務,0.9962050718849842,official
1991-08,m17,Transportation services,運輸服務,0.10154835596379128,official
1991-08,m18,Recreation services,休閒服務,0.16253777289669863,official
1991-08,m19,Food services and accommodations,餐飲與住宿,0.26418513711395103,official
1991-08,m20,Financial services and insurance,金融服務與保險,0.0002560902555910644,official
1991-08,m21,Other services,其他服務,0.36560120473908414,official
1991-08,m22,Final consumption expenditures of nonprofit institutions serving households,服務家庭之非營利機構淨消費,-0.12229000266240682,official
1991-08,residual,Residual,差額,0.0042625133120384184,official
1991-09,m4,Motor vehicles and parts,汽車與零組件,0.15168461093194407,official
1991-09,m5,Furnishings and durable household equipment,家具與耐久家用設備,0.020380219961961463,official
1991-09,m6,Recreational goods and vehicles,休閒商品與交通工具,-0.04046985859588191,official
1991-09,m7,Other durable goods,其他耐久財,0.06084379393037294,official
1991-09,m9,Food and beverages purchased for off-premises consumption,食物與飲料（居家消費）,0.22112445216240798,official
1991-09,m10,Clothing and footwear,服裝與鞋類,0.10195468452823947,official
1991-09,m11,Gasoline and other energy goods,汽油與其他能源商品,-0.37652228561977996,official
1991-09,m12,Other nondurable goods,其他非耐久財,0.36449235094682875,official
1991-09,m15,Housing and utilities,住宅與公用事業,0.46567237244687004,official
1991-09,m16,Health care,醫療服務,0.9922498966344167,official
1991-09,m17,Transportation services,運輸服務,0.12171702637889688,official
1991-09,m18,Recreation services,休閒服務,0.16215281567849169,official
1991-09,m19,Food services and accommodations,餐飲與住宿,0.27342231042752,official
1991-09,m20,Financial services and insurance,金融服務與保險,0.011407425783511137,official
1991-09,m21,Other services,其他服務,0.38506888282477464,official
1991-09,m22,Final consumption expenditures of nonprofit institutions serving households,服務家庭之非營利機構淨消費,-0.15227106590589595,official
1991-09,residual,Residual,差額,0.013905399818070041,official
1991-10,m4,Motor vehicles and parts,汽車與零組件,0.1510976632517143,official
1991-10,m5,Furnishings and durable household equipment,家具與耐久家用設備,0.0003780566016016833,official
1991-10,m6,Recreational goods and vehicles,休閒商品與交通工具,-0.04023959481014948,official
1991-10,m7,Other durable goods,其他耐久財,0.07099291246649456,official
1991-10,m9,Food and beverages purchased for off-premises consumption,食物與飲料（居家消費）,0.18009389748565224,official
1991-10,m10,Clothing and footwear,服裝與鞋類,0.10109848547137854,official
1991-10,m11,Gasoline and other energy goods,汽油與其他能源商品,-0.6331767278946243,official
1991-10,m12,Other nondurable goods,其他非耐久財,0.3527514758842973,official
1991-10,m15,Housing and utilities,住宅與公用事業,0.5047279275131145,official
1991-10,m16,Health care,醫療服務,0.9689268388942791,official
1991-10,m17,Transportation services,運輸服務,0.08152817746789232,official
1991-10,m18,Recreation services,休閒服務,0.15128710266234727,official
1991-10,m19,Food services and accommodations,餐飲與住宿,0.26219960204568254,official
1991-10,m20,Financial services and insurance,金融服務與保險,0.01134252026771474,official
1991-10,m21,Other services,其他服務,0.3635439311966585,official
1991-10,m22,Final consumption expenditures of nonprofit institutions serving households,服務家庭之非營利機構淨消費,-0.16162388383680584,official
1991-10,residual,Residual,差額,0.017864202200262636,official
1991-11,m4,Motor vehicles and parts,汽車與零組件,0.16136989226120088,official
1991-11,m5,Furnishings and durable household equipment,家具與耐久家用設備,0.020114308238076466,official
1991-11,m6,Recreational goods and vehicles,休閒商品與交通工具,-0.04018870713441072,official
1991-11,m7,Other durable goods,其他耐久財,0.07114111154907371,official
1991-11,m9,Food and beverages purchased for off-premises consumption,食物與飲料（居家消費）,0.19032945736434106,official
1991-11,m10,Clothing and footwear,服裝與鞋類,0.14163398370779134,official
1991-11,m11,Gasoline and other energy goods,汽油與其他能源商品,-0.5814873209827881,official
1991-11,m12,Other nondurable goods,其他非耐久財,0.3729940218105374,official
1991-11,m15,Housing and utilities,住宅與公用事業,0.5352415911181185,official
1991-11,m16,Health care,醫療服務,0.9598559650505847,official
1991-11,m17,Transportation services,運輸服務,0.0609744120352122,official
1991-11,m18,Recreation services,休閒服務,0.15133376034686638,official
1991-11,m19,Food services and accommodations,餐飲與住宿,0.23143000262777558,official
1991-11,m20,Financial services and insurance,金融服務與保險,-0.019585796872947037,official
1991-11,m21,Other services,其他服務,0.3737854749704375,official
1991-11,m22,Final consumption expenditures of nonprofit institutions serving households,服務家庭之非營利機構淨消費,-0.16189544737879386,official
1991-11,residual,Residual,差額,0.011274142688220135,official
1991-12,m4,Motor vehicles and parts,汽車與零組件,0.1414852736073509,official
1991-12,m5,Furnishings and durable household equipment,家具與耐久家用設備,0.01984789564361309,official
1991-12,m6,Recreational goods and vehicles,休閒商品與交通工具,-0.030655673147920254,official
1991-12,m7,Other durable goods,其他耐久財,0.0803224218557716,official
1991-12,m9,Food and beverages purchased for off-premises consumption,食物與飲料（居家消費）,0.21013274263680365,official
1991-12,m10,Clothing and footwear,服裝與鞋類,0.11152957584707524,official
1991-12,m11,Gasoline and other energy goods,汽油與其他能源商品,-0.5604669784231684,official
1991-12,m12,Other nondurable goods,其他非耐久財,0.3633973254573796,official
1991-12,m15,Housing and utilities,住宅與公用事業,0.5869226351628517,official
1991-12,m16,Health care,醫療服務,0.971177291000082,official
1991-12,m17,Transportation services,運輸服務,0.09064172614652555,official
1991-12,m18,Recreation services,休閒服務,0.1309633275904504,official
1991-12,m19,Food services and accommodations,餐飲與住宿,0.2217181064894577,official
1991-12,m20,Financial services and insurance,金融服務與保險,0.0718339486422184,official
1991-12,m21,Other services,其他服務,0.3939123800147674,official
1991-12,m22,Final consumption expenditures of nonprofit institutions serving households,服務家庭之非營利機構淨消費,-0.1520009844942161,official
1991-12,residual,Residual,差額,-0.012316514890472252,official
1992-01,m4,Motor vehicles and parts,汽車與零組件,0.11106249080536804,official
1992-01,m5,Furnishings and durable household equipment,家具與耐久家用設備,0.04048531310786733,official
1992-01,m6,Recreational goods and vehicles,休閒商品與交通工具,-0.04076433953936938,official
1992-01,m7,Other durable goods,其他耐久財,0.0503944292789774,official
1992-01,m9,Food and beverages purchased for off-premises consumption,食物與飲料（居家消費）,0.07956601337103812,official
1992-01,m10,Clothing and footwear,服裝與鞋類,0.11084378115958612,official
1992-01,m11,Gasoline and other energy goods,汽油與其他能源商品,-0.4309372803504585,official
1992-01,m12,Other nondurable goods,其他非耐久財,0.33292152279451426,official
1992-01,m15,Housing and utilities,住宅與公用事業,0.49556385569740263,official
1992-01,m16,Health care,醫療服務,0.9698599146738154,official
1992-01,m17,Transportation services,運輸服務,0.13146051620707128,official
1992-01,m18,Recreation services,休閒服務,0.10031760302074309,official
1992-01,m19,Food services and accommodations,餐飲與住宿,0.1710669042287134,official
1992-01,m20,Financial services and insurance,金融服務與保險,0.07235006620135018,official
1992-01,m21,Other services,其他服務,0.3630580119979731,official
1992-01,m22,Final consumption expenditures of nonprofit institutions serving households,服務家庭之非營利機構淨消費,-0.151950242738284,official
1992-01,residual,Residual,差額,-0.01714614969678463,official
1992-02,m4,Motor vehicles and parts,汽車與零組件,0.08054404652986538,official
1992-02,m5,Furnishings and durable household equipment,家具與耐久家用設備,0.05093713240099333,official
1992-02,m6,Recreational goods and vehicles,休閒商品與交通工具,-0.07072849954254345,official
1992-02,m7,Other durable goods,其他耐久財,0.07083616520716246,official
1992-02,m9,Food and beverages purchased for off-premises consumption,食物與飲料（居家消費）,0.07048555744347143,official
1992-02,m10,Clothing and footwear,服裝與鞋類,0.08008675336557312,official
1992-02,m11,Gasoline and other energy goods,汽油與其他能源商品,-0.2010742059861456,official
1992-02,m12,Other nondurable goods,其他非耐久財,0.33370768526989936,official
1992-02,m15,Housing and utilities,住宅與公用事業,0.48627270944974516,official
1992-02,m16,Health care,醫療服務,0.9815118938700824,official
1992-02,m17,Transportation services,運輸服務,0.12139900013070187,official
1992-02,m18,Recreation services,休閒服務,0.11073911906940269,official
1992-02,m19,Food services and accommodations,餐飲與住宿,0.16122402300352895,official
1992-02,m20,Financial services and insurance,金融服務與保險,0.1827350999869298,official
1992-02,m21,Other services,其他服務,0.33408279963403475,official
1992-02,m22,Final consumption expenditures of nonprofit institutions serving households,服務家庭之非營利機構淨消費,-0.1725792380081035,official
1992-02,residual,Residual,差額,-0.024114168082605136,official
1992-03,m4,Motor vehicles and parts,汽車與零組件,0.08052694336910537,official
1992-03,m5,Furnishings and durable household equipment,家具與耐久家用設備,0.07118162068571242,official
1992-03,m6,Recreational goods and vehicles,休閒商品與交通工具,-0.09096878522075759,official
1992-03,m7,Other durable goods,其他耐久財,0.07056157200960456,official
1992-03,m9,Food and beverages purchased for off-premises consumption,食物與飲料（居家消費）,0.10124287417716143,official
1992-03,m10,Clothing and footwear,服裝與鞋類,0.09032717531565967,official
1992-03,m11,Gasoline and other energy goods,汽油與其他能源商品,-0.04080593260482515,official
1992-03,m12,Other nondurable goods,其他非耐久財,0.30416229725094335,official
1992-03,m15,Housing and utilities,住宅與公用事業,0.5072034105944039,official
1992-03,m16,Health care,醫療服務,0.9936373139935644,official
1992-03,m17,Transportation services,運輸服務,0.09137959197007564,official
1992-03,m18,Recreation services,休閒服務,0.11123470704496824,official
1992-03,m19,Food services and accommodations,餐飲與住宿,0.16144933927900557,official
1992-03,m20,Financial services and insurance,金融服務與保險,0.24346221067934207,official
1992-03,m21,Other services,其他服務,0.3450479410659741,official
1992-03,m22,Final consumption expenditures of nonprofit institutions serving households,服務家庭之非營利機構淨消費,-0.19357655053004688,official
1992-03,residual,Residual,差額,-0.02350484310938672,official
1992-04,m4,Motor vehicles and parts,汽車與零組件,0.09092659623035283,official
1992-04,m5,Furnishings and durable household equipment,家具與耐久家用設備,0.08131644166177525,official
1992-04,m6,Recreational goods and vehicles,休閒商品與交通工具,-0.08082224613578556,official
1992-04,m7,Other durable goods,其他耐久財,0.030224515750342407,official
1992-04,m9,Food and beverages purchased for off-premises consumption,食物與飲料（居家消費）,0.030622839626948402,official
1992-04,m10,Clothing and footwear,服裝與鞋類,0.06991815039457379,official
1992-04,m11,Gasoline and other energy goods,汽油與其他能源商品,-0.031031924607056664,official
1992-04,m12,Other nondurable goods,其他非耐久財,0.3047387986695363,official
1992-04,m15,Housing and utilities,住宅與公用事業,0.5376398943455293,official
1992-04,m16,Health care,醫療服務,0.9938112241570469,official
1992-04,m17,Transportation services,運輸服務,0.14168721059153458,official
1992-04,m18,Recreation services,休閒服務,0.12157878432139829,official
1992-04,m19,Food services and accommodations,餐飲與住宿,0.1517387334507272,official
1992-04,m20,Financial services and insurance,金融服務與保險,0.32400378269092805,official
1992-04,m21,Other services,其他服務,0.32445966216656885,official
1992-04,m22,Final consumption expenditures of nonprofit institutions serving households,服務家庭之非營利機構淨消費,-0.182962564403574,official
1992-04,residual,Residual,差額,0.005800397834727633,official
1992-05,m4,Motor vehicles and parts,汽車與零組件,0.10109066995745786,official
1992-05,m5,Furnishings and durable household equipment,家具與耐久家用設備,0.0508146331958562,official
1992-05,m6,Recreational goods and vehicles,休閒商品與交通工具,-0.06057139609651545,official
1992-05,m7,Other durable goods,其他耐久財,0.040348780567011994,official
1992-05,m9,Food and beverages purchased for off-premises consumption,食物與飲料（居家消費）,-0.01987756957750139,official
1992-05,m10,Clothing and footwear,服裝與鞋類,0.06025135582762317,official
1992-05,m11,Gasoline and other energy goods,汽油與其他能源商品,-0.039992206020848894,official
1992-05,m12,Other nondurable goods,其他非耐久財,0.29352320332543114,official
1992-05,m15,Housing and utilities,住宅與公用事業,0.5166656382944176,official
1992-05,m16,Health care,醫療服務,1.001992498295067,official
1992-05,m17,Transportation services,運輸服務,0.09043857370181535,official
1992-05,m18,Recreation services,休閒服務,0.11140876173156238,official
1992-05,m19,Food services and accommodations,餐飲與住宿,0.14144432176143928,official
1992-05,m20,Financial services and insurance,金融服務與保險,0.2526660279933751,official
1992-05,m21,Other services,其他服務,0.33366057220796935,official
1992-05,m22,Final consumption expenditures of nonprofit institutions serving households,服務家庭之非營利機構淨消費,-0.24283100055207352,official
1992-05,residual,Residual,差額,-0.005436138083330988,official
1992-06,m4,Motor vehicles and parts,汽車與零組件,0.10118236343005349,official
1992-06,m5,Furnishings and durable household equipment,家具與耐久家用設備,0.07069525044577726,official
1992-06,m6,Recreational goods and vehicles,休閒商品與交通工具,-0.08122191603177177,official
1992-06,m7,Other durable goods,其他耐久財,0.07023018317393419,official
1992-06,m9,Food and beverages purchased for off-premises consumption,食物與飲料（居家消費）,-0.02877873237153511,official
1992-06,m10,Clothing and footwear,服裝與鞋類,0.05016663964986222,official
1992-06,m11,Gasoline and other energy goods,汽油與其他能源商品,0.05149619063057222,official
1992-06,m12,Other nondurable goods,其他非耐久財,0.2932904846814719,official
1992-06,m15,Housing and utilities,住宅與公用事業,0.5465303939050089,official
1992-06,m16,Health care,醫療服務,1.0021381099043605,official
1992-06,m17,Transportation services,運輸服務,0.019093532177014098,official
1992-06,m18,Recreation services,休閒服務,0.10123780191278976,official
1992-06,m19,Food services and accommodations,餐飲與住宿,0.13148484357270224,official
1992-06,m20,Financial services and insurance,金融服務與保險,0.22281488085589238,official
1992-06,m21,Other services,其他服務,0.3338844221105528,official
1992-06,m22,Final consumption expenditures of nonprofit institutions serving households,服務家庭之非營利機構淨消費,-0.24294585832387747,official
1992-06,residual,Residual,差額,-0.007160155616803721,official
1992-07,m4,Motor vehicles and parts,汽車與零組件,0.07107061355948663,official
1992-07,m5,Furnishings and durable household equipment,家具與耐久家用設備,0.05087866379659151,official
1992-07,m6,Recreational goods and vehicles,休閒商品與交通工具,-0.07137310437470665,official
1992-07,m7,Other durable goods,其他耐久財,0.05067732694579767,official
1992-07,m9,Food and beverages purchased for off-premises consumption,食物與飲料（居家消費）,0.030909252755434,official
1992-07,m10,Clothing and footwear,服裝與鞋類,0.05008788256429346,official
1992-07,m11,Gasoline and other energy goods,汽油與其他能源商品,0.12183145321831454,official
1992-07,m12,Other nondurable goods,其他非耐久財,0.31385064819460406,official
1992-07,m15,Housing and utilities,住宅與公用事業,0.5364770906501368,official
1992-07,m16,Health care,醫療服務,1.0126531471021412,official
1992-07,m17,Transportation services,運輸服務,0.09105766585204006,official
1992-07,m18,Recreation services,休閒服務,0.10134186803049186,official
1992-07,m19,Food services and accommodations,餐飲與住宿,0.1417887257837409,official
1992-07,m20,Financial services and insurance,金融服務與保險,0.1925121789373169,official
1992-07,m21,Other services,其他服務,0.3441335556023112,official
1992-07,m22,Final consumption expenditures of nonprofit institutions serving households,服務家庭之非營利機構淨消費,-0.2126115525919692,official
1992-07,residual,Residual,差額,-0.014014436693799315,official
1992-08,m4,Motor vehicles and parts,汽車與零組件,0.10167702765981496,official
1992-08,m5,Furnishings and durable household equipment,家具與耐久家用設備,0.050479888908624114,official
1992-08,m6,Recreational goods and vehicles,休閒商品與交通工具,-0.07148762332273015,official
1992-08,m7,Other durable goods,其他耐久財,0.0505594936300076,official
1992-08,m9,Food and beverages purchased for off-premises consumption,食物與飲料（居家消費）,0.13256818071724988,official
1992-08,m10,Clothing and footwear,服裝與鞋類,0.009783953109105296,official
1992-08,m11,Gasoline and other energy goods,汽油與其他能源商品,0.0611267378211235,official
1992-08,m12,Other nondurable goods,其他非耐久財,0.2732138993395876,official
1992-08,m15,Housing and utilities,住宅與公用事業,0.5563050814616267,official
1992-08,m16,Health care,醫療服務,0.9823316271334227,official
1992-08,m17,Transportation services,運輸服務,-0.011445802586749779,official
1992-08,m18,Recreation services,休閒服務,0.10138670455829876,official
1992-08,m19,Food services and accommodations,餐飲與住宿,0.13176276824207586,official
1992-08,m20,Financial services and insurance,金融服務與保險,0.20232177746201419,official
1992-08,m21,Other services,其他服務,0.35415155576367247,official
1992-08,m22,Final consumption expenditures of nonprofit institutions serving households,服務家庭之非營利機構淨消費,-0.21239766837286658,official
1992-08,residual,Residual,差額,-0.0028706140704981564,official
1992-09,m4,Motor vehicles and parts,汽車與零組件,0.1115642700823893,official
1992-09,m5,Furnishings and durable household equipment,家具與耐久家用設備,0.030105400360453137,official
1992-09,m6,Recreational goods and vehicles,休閒商品與交通工具,-0.10140979016477858,official
1992-09,m7,Other durable goods,其他耐久財,0.04042047502574666,official
1992-09,m9,Food and beverages purchased for off-premises consumption,食物與飲料（居家消費）,0.16255101055612772,official
1992-09,m10,Clothing and footwear,服裝與鞋類,5.471163748713495e-05,official
1992-09,m11,Gasoline and other energy goods,汽油與其他能源商品,0.04071575695159631,official
1992-09,m12,Other nondurable goods,其他非耐久財,0.2523460028321318,official
1992-09,m15,Housing and utilities,住宅與公用事業,0.514805451853759,official
1992-09,m16,Health care,醫療服務,0.9910905316683831,official
1992-09,m17,Transportation services,運輸服務,-0.0003607749742533476,official
1992-09,m18,Recreation services,休閒服務,0.08110774974253347,official
1992-09,m19,Food services and accommodations,餐飲與住宿,0.13212120236869207,official
1992-09,m20,Financial services and insurance,金融服務與保險,0.18223690139031926,official
1992-09,m21,Other services,其他服務,0.3033790872811535,official
1992-09,m22,Final consumption expenditures of nonprofit institutions serving households,服務家庭之非營利機構淨消費,-0.2124797245108136,official
1992-09,residual,Residual,差額,-0.0034671086508759608,official
1992-10,m4,Motor vehicles and parts,汽車與零組件,0.1013750401541921,official
1992-10,m5,Furnishings and durable household equipment,家具與耐久家用設備,0.04028268551236749,official
1992-10,m6,Recreational goods and vehicles,休閒商品與交通工具,-0.09098747189206555,official
1992-10,m7,Other durable goods,其他耐久財,0.020382428525538072,official
1992-10,m9,Food and beverages purchased for off-premises consumption,食物與飲料（居家消費）,0.15201477674269195,official
1992-10,m10,Clothing and footwear,服裝與鞋類,0.02026935432059107,official
1992-10,m11,Gasoline and other energy goods,汽油與其他能源商品,0.08132139415354964,official
1992-10,m12,Other nondurable goods,其他非耐久財,0.2316610986186958,official
1992-10,m15,Housing and utilities,住宅與公用事業,0.5053769675554128,official
1992-10,m16,Health care,醫療服務,0.9912600385480245,official
1992-10,m17,Transportation services,運輸服務,0.07152553806617412,official
1992-10,m18,Recreation services,休閒服務,0.0911900096370061,official
1992-10,m19,Food services and accommodations,餐飲與住宿,0.12189367169932541,official
1992-10,m20,Financial services and insurance,金融服務與保險,0.2535309990362994,official
1992-10,m21,Other services,其他服務,0.2930844844201735,official
1992-10,m22,Final consumption expenditures of nonprofit institutions serving households,服務家庭之非營利機構淨消費,-0.20210247349823324,official
1992-10,residual,Residual,差額,0.013070831994864474,official
1992-11,m4,Motor vehicles and parts,汽車與零組件,0.09144333862204913,official
1992-11,m5,Furnishings and durable household equipment,家具與耐久家用設備,0.07066621792714393,official
1992-11,m6,Recreational goods and vehicles,休閒商品與交通工具,-0.10103466512813117,official
1992-11,m7,Other durable goods,其他耐久財,0.02060659967626649,official
1992-11,m9,Food and beverages purchased for off-premises consumption,食物與飲料（居家消費）,0.10098402166770841,official
1992-11,m10,Clothing and footwear,服裝與鞋類,0.0005376861067038566,official
1992-11,m11,Gasoline and other energy goods,汽油與其他能源商品,0.051477635142715195,official
1992-11,m12,Other nondurable goods,其他非耐久財,0.2217122618074587,official
1992-11,m15,Housing and utilities,住宅與公用事業,0.5363528695289838,official
1992-11,m16,Health care,醫療服務,0.9710099844543809,official
1992-11,m17,Transportation services,運輸服務,0.10157154991425871,official
1992-11,m18,Recreation services,休閒服務,0.08101174735964871,official
1992-11,m19,Food services and accommodations,餐飲與住宿,0.141582127345866,official
1992-11,m20,Financial services and insurance,金融服務與保險,0.323627417984839,official
1992-11,m21,Other services,其他服務,0.26250685129092743,official
1992-11,m22,Final consumption expenditures of nonprofit institutions serving households,服務家庭之非營利機構淨消費,-0.212443546965399,official
1992-11,residual,Residual,差額,0.009990704681297036,official
1992-12,m4,Motor vehicles and parts,汽車與零組件,0.09148178344763641,official
1992-12,m5,Furnishings and durable household equipment,家具與耐久家用設備,0.059981935318849613,official
1992-12,m6,Recreational goods and vehicles,休閒商品與交通工具,-0.10131568429971385,official
1992-12,m7,Other durable goods,其他耐久財,0.04023883746582898,official
1992-12,m9,Food and beverages purchased for off-premises consumption,食物與飲料（居家消費）,0.10073217911211295,official
1992-12,m10,Clothing and footwear,服裝與鞋類,0.0005363451792879687,official
1992-12,m11,Gasoline and other energy goods,汽油與其他能源商品,0.041640688695985806,official
1992-12,m12,Other nondurable goods,其他非耐久財,0.2322003740827778,official
1992-12,m15,Housing and utilities,住宅與公用事業,0.4964474925263377,official
1992-12,m16,Health care,醫療服務,0.9505037328345564,official
1992-12,m17,Transportation services,運輸服務,0.10105174811759628,official
1992-12,m18,Recreation services,休閒服務,0.0907847745112145,official
1992-12,m19,Food services and accommodations,餐飲與住宿,0.12127891547967325,official
1992-12,m20,Financial services and insurance,金融服務與保險,0.30393618211756435,official
1992-12,m21,Other services,其他服務,0.25214362220836734,official
1992-12,m22,Final consumption expenditures of nonprofit institutions serving households,服務家庭之非營利機構淨消費,-0.22242178632519624,official
1992-12,residual,Residual,差額,0.035378638914217664,official
1993-01,m4,Motor vehicles and parts,汽車與零組件,0.11184871803058848,official
1993-01,m5,Furnishings and durable household equipment,家具與耐久家用設備,0.019695711868195024,official
1993-01,m6,Recreational goods and vehicles,休閒商品與交通工具,-0.09119176857498644,official
1993-01,m7,Other durable goods,其他耐久財,0.05068887895526677,official
1993-01,m9,Food and beverages purchased for off-premises consumption,食物與飲料（居家消費）,0.12082745298381176,official
1993-01,m10,Clothing and footwear,服裝與鞋類,-0.030460104090168902,official
1993-01,m11,Gasoline and other energy goods,汽油與其他能源商品,0.12147562182700597,official
1993-01,m12,Other nondurable goods,其他非耐久財,0.2326626009770427,official
1993-01,m15,Housing and utilities,住宅與公用事業,0.5167831029087775,official
1993-01,m16,Health care,醫療服務,0.9310547910214247,official
1993-01,m17,Transportation services,運輸服務,0.09196462211437145,official
1993-01,m18,Recreation services,休閒服務,0.11089354704811777,official
1993-01,m19,Food services and accommodations,餐飲與住宿,0.1313598773907213,official
1993-01,m20,Financial services and insurance,金融服務與保險,0.32479213895718256,official
1993-01,m21,Other services,其他服務,0.26256521600306526,official
1993-01,m22,Final consumption expenditures of nonprofit institutions serving households,服務家庭之非營利機構淨消費,-0.22263817490979917,official
1993-01,residual,Residual,差額,0.022106389092877432,official
1993-02,m4,Motor vehicles and parts,汽車與零組件,0.14175931971272515,official
1993-02,m5,Furnishings and durable household equipment,家具與耐久家用設備,-0.00030351768396579167,official
1993-02,m6,Recreational goods and vehicles,休閒商品與交通工具,-0.09096087392709844,official
1993-02,m7,Other durable goods,其他耐久財,0.010122298835931659,official
1993-02,m9,Food and beverages purchased for off-premises consumption,食物與飲料（居家消費）,0.11135611573801298,official
1993-02,m10,Clothing and footwear,服裝與鞋類,0.03027437616446645,official
1993-02,m11,Gasoline and other energy goods,汽油與其他能源商品,0.13114272974823638,official
1993-02,m12,Other nondurable goods,其他非耐久財,0.20241922384827302,official
1993-02,m15,Housing and utilities,住宅與公用事業,0.4755759033074829,official
1993-02,m16,Health care,醫療服務,0.8901474592735322,official
1993-02,m17,Transportation services,運輸服務,0.10197620905457268,official
1993-02,m18,Recreation services,休閒服務,0.10090784591620619,official
1993-02,m19,Food services and accommodations,餐飲與住宿,0.13129703648263452,official
1993-02,m20,Financial services and insurance,金融服務與保險,0.2732870997022151,official
1993-02,m21,Other services,其他服務,0.2325158845167763,official
1993-02,m22,Final consumption expenditures of nonprofit institutions serving households,服務家庭之非營利機構淨消費,-0.1716615443412902,official
1993-02,residual,Residual,差額,0.02899469719891412,official
1993-03,m4,Motor vehicles and parts,汽車與零組件,0.1618872420530906,official
1993-03,m5,Furnishings and durable household equipment,家具與耐久家用設備,0.010191583662965258,official
1993-03,m6,Recreational goods and vehicles,休閒商品與交通工具,-0.10123560342499485,official
1993-03,m7,Other durable goods,其他耐久財,-0.00039651146165943854,official
1993-03,m9,Food and beverages purchased for off-premises consumption,食物與飲料（居家消費）,0.08115966893834693,official
1993-03,m10,Clothing and footwear,服裝與鞋類,-0.00024480134712228513,official
1993-03,m11,Gasoline and other energy goods,汽油與其他能源商品,0.10037999015075696,official
1993-03,m12,Other nondurable goods,其他非耐久財,0.19221385566093188,official
1993-03,m15,Housing and utilities,住宅與公用事業,0.5266401372539675,official
1993-03,m16,Health care,醫療服務,0.828920713593544,official
1993-03,m17,Transportation services,運輸服務,0.12220019380768558,official
1993-03,m18,Recreation services,休閒服務,0.10118270345835519,official
1993-03,m19,Food services and accommodations,餐飲與住宿,0.13123925717644444,official
1993-03,m20,Financial services and insurance,金融服務與保險,0.29387520055918287,official
1993-03,m21,Other services,其他服務,0.21252124735897315,official
1993-03,m22,Final consumption expenditures of nonprofit institutions serving households,服務家庭之非營利機構淨消費,-0.13134362738089567,official
1993-03,residual,Residual,差額,0.03161193982432575,official
1993-04,m4,Motor vehicles and parts,汽車與零組件,0.17219046562841617,official
1993-04,m5,Furnishings and durable household equipment,家具與耐久家用設備,0.010419525024160717,official
1993-04,m6,Recreational goods and vehicles,休閒商品與交通工具,-0.10096294301240515,official
1993-04,m7,Other durable goods,其他耐久財,0.030034537936279096,official
1993-04,m9,Food and beverages purchased for off-premises consumption,食物與飲料（居家消費）,0.12134412775867807,official
1993-04,m10,Clothing and footwear,服裝與鞋類,-0.0004995326288439409,official
1993-04,m11,Gasoline and other energy goods,汽油與其他能源商品,0.09985424357166621,official
1993-04,m12,Other nondurable goods,其他非耐久財,0.16203235158985407,official
1993-04,m15,Housing and utilities,住宅與公用事業,0.5367271344603052,official
1993-04,m16,Health care,醫療服務,0.8080189800218635,official
1993-04,m17,Transportation services,運輸服務,0.08146802072276177,official
1993-04,m18,Recreation services,休閒服務,0.10142096674535402,official
1993-04,m19,Food services and accommodations,餐飲與住宿,0.1416250257450213,official
1993-04,m20,Financial services and insurance,金融服務與保險,0.3043337188485243,official
1993-04,m21,Other services,其他服務,0.22217731586368605,official
1993-04,m22,Final consumption expenditures of nonprofit institutions serving households,服務家庭之非營利機構淨消費,-0.14096294301240514,official
1993-04,residual,Residual,差額,0.007853736592796867,official
1993-05,m4,Motor vehicles and parts,汽車與零組件,0.17247235099599703,official
1993-05,m5,Furnishings and durable household equipment,家具與耐久家用設備,0.01015030932076009,official
1993-05,m6,Recreational goods and vehicles,休閒商品與交通工具,-0.11107083524516241,official
1993-05,m7,Other durable goods,其他耐久財,0.009765833900289546,official
1993-05,m9,Food and beverages purchased for off-premises consumption,食物與飲料（居家消費）,0.21285081404363718,official
1993-05,m10,Clothing and footwear,服裝與鞋類,-0.05119851905763967,official
1993-05,m11,Gasoline and other energy goods,汽油與其他能源商品,0.008308941031280158,official
1993-05,m12,Other nondurable goods,其他非耐久財,0.1720590794740756,official
1993-05,m15,Housing and utilities,住宅與公用事業,0.5575194215464456,official
1993-05,m16,Health care,醫療服務,0.8192300998370331,official
1993-05,m17,Transportation services,運輸服務,0.10107779694001864,official
1993-05,m18,Recreation services,休閒服務,0.08105738651646283,official
1993-05,m19,Food services and accommodations,餐飲與住宿,0.1519342436276759,official
1993-05,m20,Financial services and insurance,金融服務與保險,0.42657880163916273,official
1993-05,m21,Other services,其他服務,0.2633610746325332,official
1993-05,m22,Final consumption expenditures of nonprofit institutions serving households,服務家庭之非營利機構淨消費,-0.1108154676202079,official
1993-05,residual,Residual,差額,0.023930509627712482,official
1993-06,m4,Motor vehicles and parts,汽車與零組件,0.182696043591566,official
1993-06,m5,Furnishings and durable household equipment,家具與耐久家用設備,0.010132354102503358,official
1993-06,m6,Recreational goods and vehicles,休閒商品與交通工具,-0.09118297401879492,official
1993-06,m7,Other durable goods,其他耐久財,0.020004106451867648,official
1993-06,m9,Food and beverages purchased for off-premises consumption,食物與飲料（居家消費）,0.1520339571981363,official
1993-06,m10,Clothing and footwear,服裝與鞋類,-0.0613634999605149,official
1993-06,m11,Gasoline and other energy goods,汽油與其他能源商品,-0.09262181157703547,official
1993-06,m12,Other nondurable goods,其他非耐久財,0.14126131248519308,official
1993-06,m15,Housing and utilities,住宅與公用事業,0.5573529179499329,official
1993-06,m16,Health care,醫療服務,0.7889269525388929,official
1993-06,m17,Transportation services,運輸服務,0.1713216457395562,official
1993-06,m18,Recreation services,休閒服務,0.09116954907999684,official
1993-06,m19,Food services and accommodations,餐飲與住宿,0.15193871910289822,official
1993-06,m20,Financial services and insurance,金融服務與保險,0.37509294795861964,official
1993-06,m21,Other services,其他服務,0.24320382215904604,official
1993-06,m22,Final consumption expenditures of nonprofit institutions serving households,服務家庭之非營利機構淨消費,-0.09065482113243307,official
1993-06,residual,Residual,差額,0.040912264076437665,official
1993-07,m4,Motor vehicles and parts,汽車與零組件,0.21277076380580567,official
1993-07,m5,Furnishings and durable household equipment,家具與耐久家用設備,0.0001319186449216022,official
1993-07,m6,Recreational goods and vehicles,休閒商品與交通工具,-0.08091587431521945,official
1993-07,m7,Other durable goods,其他耐久財,4.092941250553872e-06,official
1993-07,m9,Food and beverages purchased for off-premises consumption,食物與飲料（居家消費）,0.16150085007241358,official
1993-07,m10,Clothing and footwear,服裝與鞋類,-0.061161608211069834,official
1993-07,m11,Gasoline and other energy goods,汽油與其他能源商品,-0.13270181348781562,official
1993-07,m12,Other nondurable goods,其他非耐久財,0.1009281531389711,official
1993-07,m15,Housing and utilities,住宅與公用事業,0.5562936842768088,official
1993-07,m16,Health care,醫療服務,0.7679461305963101,official
1993-07,m17,Transportation services,運輸服務,0.10124645803161009,official
1993-07,m18,Recreation services,休閒服務,0.09112776273534412,official
1993-07,m19,Food services and accommodations,餐飲與住宿,0.1417298973616271,official
1993-07,m20,Financial services and insurance,金融服務與保險,0.41475993325357347,official
1993-07,m21,Other services,其他服務,0.2329528996914552,official
1993-07,m22,Final consumption expenditures of nonprofit institutions serving households,服務家庭之非營利機構淨消費,-0.10058182734084754,official
1993-07,residual,Residual,差額,0.010378124803215982,official
1993-08,m4,Motor vehicles and parts,汽車與零組件,0.20298243959188164,official
1993-08,m5,Furnishings and durable household equipment,家具與耐久家用設備,0.020346334638180134,official
1993-08,m6,Recreational goods and vehicles,休閒商品與交通工具,-0.08104906538382933,official
1993-08,m7,Other durable goods,其他耐久財,4.087471898639797e-06,official
1993-08,m9,Food and beverages purchased for off-premises consumption,食物與飲料（居家消費）,0.11183448883019698,official
1993-08,m10,Clothing and footwear,服裝與鞋類,-0.010181420868116162,official
1993-08,m11,Gasoline and other energy goods,汽油與其他能源商品,-0.1227791664701536,official
1993-08,m12,Other nondurable goods,其他非耐久財,0.08033737364209467,official
1993-08,m15,Housing and utilities,住宅與公用事業,0.5462876322532975,official
1993-08,m16,Health care,醫療服務,0.7379252935905296,official
1993-08,m17,Transportation services,運輸服務,0.19099089751450266,official
1993-08,m18,Recreation services,休閒服務,0.1014752629344904,official
1993-08,m19,Food services and accommodations,餐飲與住宿,0.13155386816331022,official
1993-08,m20,Financial services and insurance,金融服務與保險,0.44513087770598503,official
1993-08,m21,Other services,其他服務,0.223137606313572,official
1993-08,m22,Final consumption expenditures of nonprofit institutions serving households,服務家庭之非營利機構淨消費,-0.11091669417849676,official
1993-08,residual,Residual,差額,-0.01302457199452789,official
1993-09,m4,Motor vehicles and parts,汽車與零組件,0.21312479399808515,official
1993-09,m5,Furnishings and durable household equipment,家具與耐久家用設備,0.030296799711204934,official
1993-09,m6,Recreational goods and vehicles,休閒商品與交通工具,-0.07093309057806099,official
1993-09,m7,Other durable goods,其他耐久財,0.02046144428923454,official
1993-09,m9,Food and beverages purchased for off-premises consumption,食物與飲料（居家消費）,0.09168458556338581,official
1993-09,m10,Clothing and footwear,服裝與鞋類,-0.05083452356661907,official
1993-09,m11,Gasoline and other energy goods,汽油與其他能源商品,-0.14328112002260135,official
1993-09,m12,Other nondurable goods,其他非耐久財,0.029062828622102237,official
1993-09,m15,Housing and utilities,住宅與公用事業,0.5660982844945301,official
1993-09,m16,Health care,醫療服務,0.7079947577417481,official
1993-09,m17,Transportation services,運輸服務,0.14051575031783153,official
1993-09,m18,Recreation services,休閒服務,0.11153830458462166,official
1993-09,m19,Food services and accommodations,餐飲與住宿,0.1116167815045595,official
1993-09,m20,Financial services and insurance,金融服務與保險,0.4858090185676393,official
1993-09,m21,Other services,其他服務,0.23324706103934834,official
1993-09,m22,Final consumption expenditures of nonprofit institutions serving households,服務家庭之非營利機構淨消費,-0.07055593050083969,official
1993-09,residual,Residual,差額,-0.012299687661858183,official
1993-10,m4,Motor vehicles and parts,汽車與零組件,0.23278144452438299,official
1993-10,m5,Furnishings and durable household equipment,家具與耐久家用設備,0.030428696549782603,official
1993-10,m6,Recreational goods and vehicles,休閒商品與交通工具,-0.0806482842753918,official
1993-10,m7,Other durable goods,其他耐久財,0.020389439769776974,official
1993-10,m9,Food and beverages purchased for off-premises consumption,食物與飲料（居家消費）,0.15234336388376238,official
1993-10,m10,Clothing and footwear,服裝與鞋類,-0.07082376677406238,official
1993-10,m11,Gasoline and other energy goods,汽油與其他能源商品,-0.04002815227251401,official
1993-10,m12,Other nondurable goods,其他非耐久財,0.03892536519753511,official
1993-10,m15,Housing and utilities,住宅與公用事業,0.5451305952641621,official
1993-10,m16,Health care,醫療服務,0.6665981106697113,official
1993-10,m17,Transportation services,運輸服務,0.08070943726735275,official
1993-10,m18,Recreation services,休閒服務,0.11138430980011886,official
1993-10,m19,Food services and accommodations,餐飲與住宿,0.12142732021645969,official
1993-10,m20,Financial services and insurance,金融服務與保險,0.3735324845944509,official
1993-10,m21,Other services,其他服務,0.25307141293127716,official
1993-10,m22,Final consumption expenditures of nonprofit institutions serving households,服務家庭之非營利機構淨消費,-0.0703076417779724,official
1993-10,residual,Residual,差額,-0.011071350370686517,official
1993-11,m4,Motor vehicles and parts,汽車與零組件,0.2529890422077922,official
1993-11,m5,Furnishings and durable household equipment,家具與耐久家用設備,0.020623439060939067,official
1993-11,m6,Recreational goods and vehicles,休閒商品與交通工具,-0.08072458791208792,official
1993-11,m7,Other durable goods,其他耐久財,0.010369005994006003,official
1993-11,m9,Food and beverages purchased for off-premises consumption,食物與飲料（居家消費）,0.20241524100899105,official
1993-11,m10,Clothing and footwear,服裝與鞋類,-0.03980378996003998,official
1993-11,m11,Gasoline and other energy goods,汽油與其他能源商品,-0.09079077172827175,official
1993-11,m12,Other nondurable goods,其他非耐久財,0.03931865009990009,official
1993-11,m15,Housing and utilities,住宅與公用事業,0.49486154470529475,official
1993-11,m16,Health care,醫療服務,0.6362857455044956,official
1993-11,m17,Transportation services,運輸服務,0.08078562062937063,official
1993-11,m18,Recreation services,休閒服務,0.12138049450549453,official
1993-11,m19,Food services and accommodations,餐飲與住宿,0.13140375249750252,official
1993-11,m20,Financial services and insurance,金融服務與保險,0.36328733766233773,official
1993-11,m21,Other services,其他服務,0.27300418331668336,official
1993-11,m22,Final consumption expenditures of nonprofit institutions serving households,服務家庭之非營利機構淨消費,-0.04022836538461538,official
1993-11,residual,Residual,差額,-0.029085133616381764,official
1993-12,m4,Motor vehicles and parts,汽車與零組件,0.2527817252555472,official
1993-12,m5,Furnishings and durable household equipment,家具與耐久家用設備,0.030335795312889553,official
1993-12,m6,Recreational goods and vehicles,休閒商品與交通工具,-0.07083535901271504,official
1993-12,m7,Other durable goods,其他耐久財,-0.00010003739715780738,official
1993-12,m9,Food and beverages purchased for off-premises consumption,食物與飲料（居家消費）,0.2224954811767639,official
1993-12,m10,Clothing and footwear,服裝與鞋類,-0.06016781974569933,official
1993-12,m11,Gasoline and other energy goods,汽油與其他能源商品,-0.14148186237845922,official
1993-12,m12,Other nondurable goods,其他非耐久財,0.019753334579905257,official
1993-12,m15,Housing and utilities,住宅與公用事業,0.4951689104961356,official
1993-12,m16,Health care,醫療服務,0.6061644540014959,official
1993-12,m17,Transportation services,運輸服務,0.059976938419346794,official
1993-12,m18,Recreation services,休閒服務,0.13138540887559214,official
1993-12,m19,Food services and accommodations,餐飲與住宿,0.14139117427075543,official
1993-12,m20,Financial services and insurance,金融服務與保險,0.28185614559960115,official
1993-12,m21,Other services,其他服務,0.2931954313138868,official
1993-12,m22,Final consumption expenditures of nonprofit institutions serving households,服務家庭之非營利機構淨消費,-0.02019306282722513,official
1993-12,residual,Residual,差額,-0.05087649588632681,official
1994-01,m4,Motor vehicles and parts,汽車與零組件,0.24241155257103775,official
1994-01,m5,Furnishings and durable household equipment,家具與耐久家用設備,0.06062659329727041,official
1994-01,m6,Recreational goods and vehicles,休閒商品與交通工具,-0.08085789342784307,official
1994-01,m7,Other durable goods,其他耐久財,-0.02005129639992538,official
1994-01,m9,Food and beverages purchased for off-premises consumption,食物與飲料（居家消費）,0.2119801964807561,official
1994-01,m10,Clothing and footwear,服裝與鞋類,-0.060896132562332915,official
1994-01,m11,Gasoline and other energy goods,汽油與其他能源商品,-0.17172169371385937,official
1994-01,m12,Other nondurable goods,其他非耐久財,-0.01022181806876827,official
1994-01,m15,Housing and utilities,住宅與公用事業,0.48464807560778467,official
1994-01,m16,Health care,醫療服務,0.6062244295218554,official
1994-01,m17,Transportation services,運輸服務,0.03012280047254865,official
1994-01,m18,Recreation services,休閒服務,0.1312853634272213,official
1994-01,m19,Food services and accommodations,餐飲與住宿,0.131072561089349,official
1994-01,m20,Financial services and insurance,金融服務與保險,0.1905166946465212,official
1994-01,m21,Other services,其他服務,0.28294581234844246,official
1994-01,m22,Final consumption expenditures of nonprofit institutions serving households,服務家庭之非營利機構淨消費,-0.02058120375551825,official
1994-01,residual,Residual,差額,-0.03026098986507586,official
1994-02,m4,Motor vehicles and parts,汽車與零組件,0.232061649257322,official
1994-02,m5,Furnishings and durable household equipment,家具與耐久家用設備,0.050352946654456845,official
1994-02,m6,Recreational goods and vehicles,休閒商品與交通工具,-0.08073615918297661,official
1994-02,m7,Other durable goods,其他耐久財,0.020313523413369762,official
1994-02,m9,Food and beverages purchased for off-premises consumption,食物與飲料（居家消費）,0.16134147666423507,official
1994-02,m10,Clothing and footwear,服裝與鞋類,-0.13148877058467462,official
1994-02,m11,Gasoline and other energy goods,汽油與其他能源商品,-0.1205513045367769,official
1994-02,m12,Other nondurable goods,其他非耐久財,-0.020191373449844018,official
1994-02,m15,Housing and utilities,住宅與公用事業,0.5450126495832621,official
1994-02,m16,Health care,醫療服務,0.606298871626131,official
1994-02,m17,Transportation services,運輸服務,0.03027487622033556,official
1994-02,m18,Recreation services,休閒服務,0.13128513557559485,official
1994-02,m19,Food services and accommodations,餐飲與住宿,0.12089028232628164,official
1994-02,m20,Financial services and insurance,金融服務與保險,0.26091418460631083,official
1994-02,m21,Other services,其他服務,0.31346179515435596,official
1994-02,m22,Final consumption expenditures of nonprofit institutions serving households,服務家庭之非營利機構淨消費,-0.04052010740505052,official
1994-02,residual,Residual,差額,-0.019088143537846047,official
1994-03,m4,Motor vehicles and parts,汽車與零組件,0.23199826520654881,official
1994-03,m5,Furnishings and durable household equipment,家具與耐久家用設備,0.02010579142206595,official
1994-03,m6,Recreational goods and vehicles,休閒商品與交通工具,-0.060611979368349306,official
1994-03,m7,Other durable goods,其他耐久財,0.06060129180155202,official
1994-03,m9,Food and beverages purchased for off-premises consumption,食物與飲料（居家消費）,0.15082650516565727,official
1994-03,m10,Clothing and footwear,服裝與鞋類,-0.10107572683198834,official
1994-03,m11,Gasoline and other energy goods,汽油與其他能源商品,-0.12071591208314615,official
1994-03,m12,Other nondurable goods,其他非耐久財,-0.01994454856647202,official
1994-03,m15,Housing and utilities,住宅與公用事業,0.5151929183253047,official
1994-03,m16,Health care,醫療服務,0.6158609686962717,official
1994-03,m17,Transportation services,運輸服務,0.050994253496693044,official
1994-03,m18,Recreation services,休閒服務,0.11105760443611468,official
1994-03,m19,Food services and accommodations,餐飲與住宿,0.12084865476061399,official
1994-03,m20,Financial services and insurance,金融服務與保險,0.2614084354331562,official
1994-03,m21,Other services,其他服務,0.3132319821564102,official
1994-03,m22,Final consumption expenditures of nonprofit institutions serving households,服務家庭之非營利機構淨消費,-0.030252164619507124,official
1994-03,residual,Residual,差額,0.011791329130568684,official
1994-04,m4,Motor vehicles and parts,汽車與零組件,0.21164753680502987,official
1994-04,m5,Furnishings and durable household equipment,家具與耐久家用設備,0.02026493442293729,official
1994-04,m6,Recreational goods and vehicles,休閒商品與交通工具,-0.06045092920148919,official
1994-04,m7,Other durable goods,其他耐久財,0.020121421840483215,official
1994-04,m9,Food and beverages purchased for off-premises consumption,食物與飲料（居家消費）,0.150850879767661,official
1994-04,m10,Clothing and footwear,服裝與鞋類,-0.070461742851405,official
1994-04,m11,Gasoline and other energy goods,汽油與其他能源商品,-0.12060772712526839,official
1994-04,m12,Other nondurable goods,其他非耐久財,-0.01967898907821359,official
1994-04,m15,Housing and utilities,住宅與公用事業,0.47435542922466123,official
1994-04,m16,Health care,醫療服務,0.605101416588139,official
1994-04,m17,Transportation services,運輸服務,0.0606196221401758,official
1994-04,m18,Recreation services,休閒服務,0.08062966338652619,official
1994-04,m19,Food services and accommodations,餐飲與住宿,0.11097925324023294,official
1994-04,m20,Financial services and insurance,金融服務與保險,0.23121869834551156,official
1994-04,m21,Other services,其他服務,0.312612268858233,official
1994-04,m22,Final consumption expenditures of nonprofit institutions serving households,服務家庭之非營利機構淨消費,-0.04035777733150016,official
1994-04,residual,Residual,差額,0.013598782691972122,official
1994-05,m4,Motor vehicles and parts,汽車與零組件,0.21139051021822491,official
1994-05,m5,Furnishings and durable household equipment,家具與耐久家用設備,0.05050498205842945,official
1994-05,m6,Recreational goods and vehicles,休閒商品與交通工具,-0.05029553539802565,official
1994-05,m7,Other durable goods,其他耐久財,0.03002864491090816,official
1994-05,m9,Food and beverages purchased for off-premises consumption,食物與飲料（居家消費）,0.10093511773674402,official
1994-05,m10,Clothing and footwear,服裝與鞋類,-0.0403371167203117,official
1994-05,m11,Gasoline and other energy goods,汽油與其他能源商品,-0.121420849183004,official
1994-05,m12,Other nondurable goods,其他非耐久財,0.0009123250119353679,official
1994-05,m15,Housing and utilities,住宅與公用事業,0.45374570711348616,official
1994-05,m16,Health care,醫療服務,0.5643480202670444,official
1994-05,m17,Transportation services,運輸服務,0.06023547348805691,official
1994-05,m18,Recreation services,休閒服務,0.10051714844532054,official
1994-05,m19,Food services and accommodations,餐飲與住宿,0.10086566152803658,official
1994-05,m20,Financial services and insurance,金融服務與保險,0.12084533288158562,official
1994-05,m21,Other services,其他服務,0.26200083162644566,official
1994-05,m22,Final consumption expenditures of nonprofit institutions serving households,服務家庭之非營利機構淨消費,-0.04023347142439129,official
1994-05,residual,Residual,差額,0.01013490829008612,official
1994-06,m4,Motor vehicles and parts,汽車與零組件,0.22185959510430298,official
1994-06,m5,Furnishings and durable household equipment,家具與耐久家用設備,0.06066584558540528,official
1994-06,m6,Recreational goods and vehicles,休閒商品與交通工具,-0.05045985682395505,official
1994-06,m7,Other durable goods,其他耐久財,0.009843891925178972,official
1994-06,m9,Food and beverages purchased for off-premises consumption,食物與飲料（居家消費）,0.1616060349472712,official
1994-06,m10,Clothing and footwear,服裝與鞋類,-0.009970902932799623,official
1994-06,m11,Gasoline and other energy goods,汽油與其他能源商品,-0.06103733353860364,official
1994-06,m12,Other nondurable goods,其他非耐久財,0.03108321145408359,official
1994-06,m15,Housing and utilities,住宅與公用事業,0.4439581248556693,official
1994-06,m16,Health care,醫療服務,0.585238241859749,official
1994-06,m17,Transportation services,運輸服務,0.04022184589331075,official
1994-06,m18,Recreation services,休閒服務,0.09048649064737126,official
1994-06,m19,Food services and accommodations,餐飲與住宿,0.10101285505349858,official
1994-06,m20,Financial services and insurance,金融服務與保險,0.15079424216765455,official
1994-06,m21,Other services,其他服務,0.27227141867446697,official
1994-06,m22,Final consumption expenditures of nonprofit institutions serving households,服務家庭之非營利機構淨消費,-0.03004187514433069,official
1994-06,residual,Residual,差額,0.010025710107004926,official
1994-07,m4,Motor vehicles and parts,汽車與零組件,0.21192579043637316,official
1994-07,m5,Furnishings and durable household equipment,家具與耐久家用設備,0.07075531440692295,official
1994-07,m6,Recreational goods and vehicles,休閒商品與交通工具,-0.05037919426981663,official
1994-07,m7,Other durable goods,其他耐久財,0.030201048279254218,official
1994-07,m9,Food and beverages purchased for off-premises consumption,食物與飲料（居家消費）,0.21227993052460079,official
1994-07,m10,Clothing and footwear,服裝與鞋類,-0.02014141010467422,official
1994-07,m11,Gasoline and other energy goods,汽油與其他能源商品,0.05070628199019353,official
1994-07,m12,Other nondurable goods,其他非耐久財,0.041219969566086166,official
1994-07,m15,Housing and utilities,住宅與公用事業,0.4438557309519052,official
1994-07,m16,Health care,醫療服務,0.5855172996818273,official
1994-07,m17,Transportation services,運輸服務,0.019987088642616706,official
1994-07,m18,Recreation services,休閒服務,0.09054427519636023,official
1994-07,m19,Food services and accommodations,餐飲與住宿,0.09086736654421372,official
1994-07,m20,Financial services and insurance,金融服務與保險,0.13099002443935504,official
1994-07,m21,Other services,其他服務,0.29261393504357586,official
1994-07,m22,Final consumption expenditures of nonprofit institutions serving households,服務家庭之非營利機構淨消費,-0.030196283373553234,official
1994-07,residual,Residual,差額,0.014961189074517822,official
1994-08,m4,Motor vehicles and parts,汽車與零組件,0.22220239373945067,official
1994-08,m5,Furnishings and durable household equipment,家具與耐久家用設備,0.05045066748503913,official
1994-08,m6,Recreational goods and vehicles,休閒商品與交通工具,-0.05051158508516188,official
1994-08,m7,Other durable goods,其他耐久財,0.03014960871566672,official
1994-08,m9,Food and beverages purchased for off-premises consumption,食物與飲料（居家消費）,0.21235476446217585,official
1994-08,m10,Clothing and footwear,服裝與鞋類,-0.1008436397115237,official
1994-08,m11,Gasoline and other energy goods,汽油與其他能源商品,0.17281571275126592,official
1994-08,m12,Other nondurable goods,其他非耐久財,0.07131686358754027,official
1994-08,m15,Housing and utilities,住宅與公用事業,0.4539555009973914,official
1994-08,m16,Health care,醫療服務,0.57519165260089,official
1994-08,m17,Transportation services,運輸服務,0.040355378241522175,official
1994-08,m18,Recreation services,休閒服務,0.07042412152831057,official
1994-08,m19,Food services and accommodations,餐飲與住宿,0.10091376400184134,official
1994-08,m20,Financial services and insurance,金融服務與保險,0.060231548258401116,official
1994-08,m21,Other services,其他服務,0.30275310725794075,official
1994-08,m22,Final consumption expenditures of nonprofit institutions serving households,服務家庭之非營利機構淨消費,0.0102234156820623,official
1994-08,residual,Residual,差額,0.024449133036679616,official
1994-09,m4,Motor vehicles and parts,汽車與零組件,0.23263358778625953,official
1994-09,m5,Furnishings and durable household equipment,家具與耐久家用設備,0.029970109445415248,official
1994-09,m6,Recreational goods and vehicles,休閒商品與交通工具,-0.05045893497654741,official
1994-09,m7,Other durable goods,其他耐久財,0.01013902940004292,official
1994-09,m9,Food and beverages purchased for off-premises consumption,食物與飲料（居家消費）,0.2223474048867225,official
1994-09,m10,Clothing and footwear,服裝與鞋類,-0.07076979674422881,official
1994-09,m11,Gasoline and other energy goods,汽油與其他能源商品,0.19239032465740827,official
1994-09,m12,Other nondurable goods,其他非耐久財,0.1314043962107974,official
1994-09,m15,Housing and utilities,住宅與公用事業,0.4337275820840614,official
1994-09,m16,Health care,醫療服務,0.5552861828995371,official
1994-09,m17,Transportation services,運輸服務,0.040088905239277724,official
1994-09,m18,Recreation services,休閒服務,0.06036113921334192,official
1994-09,m19,Food services and accommodations,餐飲與住宿,0.10103298690946995,official
1994-09,m20,Financial services and insurance,金融服務與保險,0.010445292620865155,official
1994-09,m21,Other services,其他服務,0.3233143260063153,official
1994-09,m22,Final consumption expenditures of nonprofit institutions serving households,服務家庭之非營利機構淨消費,0.010437168521413904,official
1994-09,residual,Residual,差額,0.020938256844172276,official
1994-10,m4,Motor vehicles and parts,汽車與零組件,0.24254740766774138,official
1994-10,m5,Furnishings and durable household equipment,家具與耐久家用設備,0.009714255153339546,official
1994-10,m6,Recreational goods and vehicles,休閒商品與交通工具,-0.07068746848402427,official
1994-10,m7,Other durable goods,其他耐久財,0.0101072689210458,official
1994-10,m9,Food and beverages purchased for off-premises consumption,食物與飲料（居家消費）,0.15142093119202973,official
1994-10,m10,Clothing and footwear,服裝與鞋類,-0.08096603150833549,official
1994-10,m11,Gasoline and other energy goods,汽油與其他能源商品,0.052001589169200696,official
1994-10,m12,Other nondurable goods,其他非耐久財,0.15137936830524273,official
1994-10,m15,Housing and utilities,住宅與公用事業,0.43326742355943343,official
1994-10,m16,Health care,醫療服務,0.5850251363782223,official
1994-10,m17,Transportation services,運輸服務,0.02002597680424187,official
1994-10,m18,Recreation services,休閒服務,0.060396681081246274,official
1994-10,m19,Food services and accommodations,餐飲與住宿,0.10094112433720949,official
1994-10,m20,Financial services and insurance,金融服務與保險,0.0910604648319912,official
1994-10,m21,Other services,其他服務,0.3229754137188087,official
1994-10,m22,Final consumption expenditures of nonprofit institutions serving households,服務家庭之非營利機構淨消費,0.010404474122518837,official
1994-10,residual,Residual,差額,0.016035175649038447,official
1994-11,m4,Motor vehicles and parts,汽車與零組件,0.24271920325773638,official
1994-11,m5,Furnishings and durable household equipment,家具與耐久家用設備,-0.00028520444735919206,official
1994-11,m6,Recreational goods and vehicles,休閒商品與交通工具,-0.07076395137797978,official
1994-11,m7,Other durable goods,其他耐久財,0.010088154101911027,official
1994-11,m9,Food and beverages purchased for off-premises consumption,食物與飲料（居家消費）,0.14136364329617035,official
1994-11,m10,Clothing and footwear,服裝與鞋類,-0.12073726112221088,official
1994-11,m11,Gasoline and other energy goods,汽油與其他能源商品,0.11221010569341286,official
1994-11,m12,Other nondurable goods,其他非耐久財,0.13113090426586546,official
1994-11,m15,Housing and utilities,住宅與公用事業,0.4534610398523648,official
1994-11,m16,Health care,醫療服務,0.5745681516616592,official
1994-11,m17,Transportation services,運輸服務,-0.00018423902267908354,official
1994-11,m18,Recreation services,休閒服務,0.06049262586362042,official
1994-11,m19,Food services and accommodations,餐飲與住宿,0.11115164640749159,official
1994-11,m20,Financial services and insurance,金融服務與保險,0.09130858511141277,official
1994-11,m21,Other services,其他服務,0.3125936827977489,official
1994-11,m22,Final consumption expenditures of nonprofit institutions serving households,服務家庭之非營利機構淨消費,0.020576051977366668,official
1994-11,residual,Residual,差額,0.03654933121843751,official
1994-12,m4,Motor vehicles and parts,汽車與零組件,0.253082553139581,official
1994-12,m5,Furnishings and durable household equipment,家具與耐久家用設備,-0.010704004147479493,official
1994-12,m6,Recreational goods and vehicles,休閒商品與交通工具,-0.07095834222805039,official
1994-12,m7,Other durable goods,其他耐久財,0.019872983440578213,official
1994-12,m9,Food and beverages purchased for off-premises consumption,食物與飲料（居家消費）,0.1621690402854442,official
1994-12,m10,Clothing and footwear,服裝與鞋類,-0.12113079808484037,official
1994-12,m11,Gasoline and other energy goods,汽油與其他能源商品,0.1521752920008539,official
1994-12,m12,Other nondurable goods,其他非耐久財,0.1008971974017261,official
1994-12,m15,Housing and utilities,住宅與公用事業,0.4442019151596475,official
1994-12,m16,Health care,醫療服務,0.5650707511207345,official
1994-12,m17,Transportation services,運輸服務,0.009392363758348331,official
1994-12,m18,Recreation services,休閒服務,0.05048107712482084,official
1994-12,m19,Food services and accommodations,餐飲與住宿,0.1011285108718856,official
1994-12,m20,Financial services and insurance,金融服務與保險,0.1312785520417188,official
1994-12,m21,Other services,其他服務,0.29273733646427375,official
1994-12,m22,Final consumption expenditures of nonprofit institutions serving households,服務家庭之非營利機構淨消費,0.0205713457961026,official
1994-12,residual,Residual,差額,0.048189594705875916,official
1995-01,m4,Motor vehicles and parts,汽車與零組件,0.2634238765928907,official
1995-01,m5,Furnishings and durable household equipment,家具與耐久家用設備,-0.020482287665386255,official
1995-01,m6,Recreational goods and vehicles,休閒商品與交通工具,-0.05072648009267728,official
1995-01,m7,Other durable goods,其他耐久財,0.030077739162246205,official
1995-01,m9,Food and beverages purchased for off-premises consumption,食物與飲料（居家消費）,0.15190323760746297,official
1995-01,m10,Clothing and footwear,服裝與鞋類,-0.09131501127980002,official
1995-01,m11,Gasoline and other energy goods,汽油與其他能源商品,0.16169136028290956,official
1995-01,m12,Other nondurable goods,其他非耐久財,0.11107478202548625,official
1995-01,m15,Housing and utilities,住宅與公用事業,0.4753315346625206,official
1995-01,m16,Health care,醫療服務,0.6174417718431803,official
1995-01,m17,Transportation services,運輸服務,-0.0006074324736296596,official
1995-01,m18,Recreation services,休閒服務,0.050678922016950186,official
1995-01,m19,Food services and accommodations,餐飲與住宿,0.10109459789037253,official
1995-01,m20,Financial services and insurance,金融服務與保險,0.1814325346015487,official
1995-01,m21,Other services,其他服務,0.31349155539296386,official
1995-01,m22,Final consumption expenditures of nonprofit institutions serving households,服務家庭之非營利機構淨消費,-0.030922199865861852,official
1995-01,residual,Residual,差額,0.057916285592338745,official
1995-02,m4,Motor vehicles and parts,汽車與零組件,0.2730234503315287,official
1995-02,m5,Furnishings and durable household equipment,家具與耐久家用設備,-0.010458057059431836,official
1995-02,m6,Recreational goods and vehicles,休閒商品與交通工具,-0.060817720055964475,official
1995-02,m7,Other durable goods,其他耐久財,-0.00015405438287000028,official
1995-02,m9,Food and beverages purchased for off-premises consumption,食物與飲料（居家消費）,0.21233986252205123,official
1995-02,m10,Clothing and footwear,服裝與鞋類,-0.10223888314374353,official
1995-02,m11,Gasoline and other energy goods,汽油與其他能源商品,0.1012246791167346,official
1995-02,m12,Other nondurable goods,其他非耐久財,0.1312350203783685,official
1995-02,m15,Housing and utilities,住宅與公用事業,0.45520545653628564,official
1995-02,m16,Health care,醫療服務,0.5865470831559098,official
1995-02,m17,Transportation services,運輸服務,0.020042581665551434,official
1995-02,m18,Recreation services,休閒服務,0.040584889591824325,official
1995-02,m19,Food services and accommodations,餐飲與住宿,0.11106940811484883,official
1995-02,m20,Financial services and insurance,金融服務與保險,0.16152259869821767,official
1995-02,m21,Other services,其他服務,0.2730909726869031,official
1995-02,m22,Final consumption expenditures of nonprofit institutions serving households,服務家庭之非營利機構淨消費,0.009983271488533356,official
1995-02,residual,Residual,差額,0.06375235719933547,official
1995-03,m4,Motor vehicles and parts,汽車與零組件,0.28292445819494366,official
1995-03,m5,Furnishings and durable household equipment,家具與耐久家用設備,-0.00045679967241457273,official
1995-03,m6,Recreational goods and vehicles,休閒商品與交通工具,-0.09124634120448306,official
1995-03,m7,Other durable goods,其他耐久財,0.0002983150583132418,official
1995-03,m9,Food and beverages purchased for off-premises consumption,食物與飲料（居家消費）,0.2217295297025949,official
1995-03,m10,Clothing and footwear,服裝與鞋類,-0.1017322595811153,official
1995-03,m11,Gasoline and other energy goods,汽油與其他能源商品,0.10049486631178246,official
1995-03,m12,Other nondurable goods,其他非耐久財,0.11070370201859352,official
1995-03,m15,Housing and utilities,住宅與公用事業,0.43491469129623733,official
1995-03,m16,Health care,醫療服務,0.5858408784142439,official
1995-03,m17,Transportation services,運輸服務,0.0208914569968303,official
1995-03,m18,Recreation services,休閒服務,0.05067200509577324,official
1995-03,m19,Food services and accommodations,餐飲與住宿,0.13138753658795516,official
1995-03,m20,Financial services and insurance,金融服務與保險,0.12141498703307703,official
1995-03,m21,Other services,其他服務,0.2523962267012451,official
1995-03,m22,Final consumption expenditures of nonprofit institutions serving households,服務家庭之非營利機構淨消費,0.020380363073843194,official
1995-03,residual,Residual,差額,0.03267300605123147,official
1995-04,m4,Motor vehicles and parts,汽車與零組件,0.2726019843974854,official
1995-04,m5,Furnishings and durable household equipment,家具與耐久家用設備,-0.010444444444444438,official
1995-04,m6,Recreational goods and vehicles,休閒商品與交通工具,-0.0809332727410437,official
1995-04,m7,Other durable goods,其他耐久財,0.02027433159130501,official
1995-04,m9,Food and beverages purchased for off-premises consumption,食物與飲料（居家消費）,0.272927970915701,official
1995-04,m10,Clothing and footwear,服裝與鞋類,-0.12158842687268044,official
1995-04,m11,Gasoline and other energy goods,汽油與其他能源商品,0.11036431114140725,official
1995-04,m12,Other nondurable goods,其他非耐久財,0.11078997197606605,official
1995-04,m15,Housing and utilities,住宅與公用事業,0.45524547451336816,official
1995-04,m16,Health care,醫療服務,0.5758117094599712,official
1995-04,m17,Transportation services,運輸服務,0.04106021358782094,official
1995-04,m18,Recreation services,休閒服務,0.07080557449064606,official
1995-04,m19,Food services and accommodations,餐飲與住宿,0.13166643944558054,official
1995-04,m20,Financial services and insurance,金融服務與保險,0.13191092933424223,official
1995-04,m21,Other services,其他服務,0.29313610543058394,official
1995-04,m22,Final consumption expenditures of nonprofit institutions serving households,服務家庭之非營利機構淨消費,-0.00027130197682346396,official
1995-04,residual,Residual,差額,0.04732712262364647,official
1995-05,m4,Motor vehicles and parts,汽車與零組件,0.26245239067628684,official
1995-05,m5,Furnishings and durable household equipment,家具與耐久家用設備,-0.05083465686496952,official
1995-05,m6,Recreational goods and vehicles,休閒商品與交通工具,-0.09103295971926002,official
1995-05,m7,Other durable goods,其他耐久財,-0.0001895297303020644,official
1995-05,m9,Food and beverages purchased for off-premises consumption,食物與飲料（居家消費）,0.24234348293022343,official
1995-05,m10,Clothing and footwear,服裝與鞋類,-0.13162907836819893,official
1995-05,m11,Gasoline and other energy goods,汽油與其他能源商品,0.19055134546444616,official
1995-05,m12,Other nondurable goods,其他非耐久財,0.10110707749088653,official
1995-05,m15,Housing and utilities,住宅與公用事業,0.45551133699384366,official
1995-05,m16,Health care,醫療服務,0.5454825974497436,official
1995-05,m17,Transportation services,運輸服務,0.08163770023142895,official
1995-05,m18,Recreation services,休閒服務,0.07093448896552768,official
1995-05,m19,Food services and accommodations,餐飲與住宿,0.14192418810787916,official
1995-05,m20,Financial services and insurance,金融服務與保險,0.13171938104097652,official
1995-05,m21,Other services,其他服務,0.31337659391024186,official
1995-05,m22,Final consumption expenditures of nonprofit institutions serving households,服務家庭之非營利機構淨消費,0.00994630243076038,official
1995-05,residual,Residual,差額,0.05611501868069135,official
1995-06,m4,Motor vehicles and parts,汽車與零組件,0.2420957568807339,official
1995-06,m5,Furnishings and durable household equipment,家具與耐久家用設備,-0.060686866248189274,official
1995-06,m6,Recreational goods and vehicles,休閒商品與交通工具,-0.13187650893288266,official
1995-06,m7,Other durable goods,其他耐久財,0.030202800579430224,official
1995-06,m9,Food and beverages purchased for off-premises consumption,食物與飲料（居家消費）,0.2018519133268952,official
1995-06,m10,Clothing and footwear,服裝與鞋類,-0.18188495895702558,official
1995-06,m11,Gasoline and other energy goods,汽油與其他能源商品,0.18034509295026557,official
1995-06,m12,Other nondurable goods,其他非耐久財,0.10109382544664412,official
1995-06,m15,Housing and utilities,住宅與公用事業,0.48549372283920805,official
1995-06,m16,Health care,醫療服務,0.5251355021728633,official
1995-06,m17,Transportation services,運輸服務,0.1018555347658136,official
1995-06,m18,Recreation services,休閒服務,0.060554080154514724,official
1995-06,m19,Food services and accommodations,餐飲與住宿,0.14181177571221631,official
1995-06,m20,Financial services and insurance,金融服務與保險,0.14160746619990341,official
1995-06,m21,Other services,其他服務,0.3130800338000965,official
1995-06,m22,Final consumption expenditures of nonprofit institutions serving households,服務家庭之非營利機構淨消費,-5.3567117334632486e-05,official
1995-06,residual,Residual,差額,0.029782411878298554,official
1995-07,m4,Motor vehicles and parts,汽車與零組件,0.21121162437388125,official
1995-07,m5,Furnishings and durable household equipment,家具與耐久家用設備,-0.05009280847159339,official
1995-07,m6,Recreational goods and vehicles,休閒商品與交通工具,-0.14164783923226185,official
1995-07,m7,Other durable goods,其他耐久財,-1.5192310584978552e-05,official
1995-07,m9,Food and beverages purchased for off-premises consumption,食物與飲料（居家消費）,0.16156044584166906,official
1995-07,m10,Clothing and footwear,服裝與鞋類,-0.16115867691520885,official
1995-07,m11,Gasoline and other energy goods,汽油與其他能源商品,0.069689234518133,official
1995-07,m12,Other nondurable goods,其他非耐久財,0.12136520208781457,official
1995-07,m15,Housing and utilities,住宅與公用事業,0.4948054331312706,official
1995-07,m16,Health care,醫療服務,0.46367322994539795,official
1995-07,m17,Transportation services,運輸服務,0.11150388832899626,official
1995-07,m18,Recreation services,休閒服務,0.06058106827514629,official
1995-07,m19,Food services and accommodations,餐飲與住宿,0.15155187196341813,official
1995-07,m20,Financial services and insurance,金融服務與保險,0.15178291541944317,official
1995-07,m21,Other services,其他服務,0.28240745476151086,official
1995-07,m22,Final consumption expenditures of nonprofit institutions serving households,服務家庭之非營利機構淨消費,0.02010108151201094,official
1995-07,residual,Residual,差額,0.03971495615290754,official
1995-08,m4,Motor vehicles and parts,汽車與零組件,0.1807955398145091,official
1995-08,m5,Furnishings and durable household equipment,家具與耐久家用設備,-0.029825464477594023,official
1995-08,m6,Recreational goods and vehicles,休閒商品與交通工具,-0.15169613110424107,official
1995-08,m7,Other durable goods,其他耐久財,0.02033541435303298,official
1995-08,m9,Food and beverages purchased for off-premises consumption,食物與飲料（居家消費）,0.15141069123870698,official
1995-08,m10,Clothing and footwear,服裝與鞋類,-0.11070519554581744,official
1995-08,m11,Gasoline and other energy goods,汽油與其他能源商品,-0.0707440645916499,official
1995-08,m12,Other nondurable goods,其他非耐久財,0.14163535132214786,official
1995-08,m15,Housing and utilities,住宅與公用事業,0.5148128583005673,official
1995-08,m16,Health care,醫療服務,0.48355389140678934,official
1995-08,m17,Transportation services,運輸服務,0.10146906984422366,official
1995-08,m18,Recreation services,休閒服務,0.07061725245370232,official
1995-08,m19,Food services and accommodations,餐飲與住宿,0.1514021370471531,official
1995-08,m20,Financial services and insurance,金融服務與保險,0.19154080499444728,official
1995-08,m21,Other services,其他服務,0.2620031815589639,official
1995-08,m22,Final consumption expenditures of nonprofit institutions serving households,服務家庭之非營利機構淨消費,0.010276135306300085,official
1995-08,residual,Residual,差額,0.055084791547852285,official
1995-09,m4,Motor vehicles and parts,汽車與零組件,0.1404423757270492,official
1995-09,m5,Furnishings and durable household equipment,家具與耐久家用設備,0.0003713197817353277,official
1995-09,m6,Recreational goods and vehicles,休閒商品與交通工具,-0.1718996222342148,official
1995-09,m7,Other durable goods,其他耐久財,0.01012697127780776,official
1995-09,m9,Food and beverages purchased for off-premises consumption,食物與飲料（居家消費）,0.1616255921328776,official
1995-09,m10,Clothing and footwear,服裝與鞋類,-0.1003965041674162,official
1995-09,m11,Gasoline and other energy goods,汽油與其他能源商品,-0.09123433471247826,official
1995-09,m12,Other nondurable goods,其他非耐久財,0.14167521136895125,official
1995-09,m15,Housing and utilities,住宅與公用事業,0.5144387479762548,official
1995-09,m16,Health care,醫療服務,0.48360841278407385,official
1995-09,m17,Transportation services,運輸服務,0.11134541584217784,official
1995-09,m18,Recreation services,休閒服務,0.09091068537506747,official
1995-09,m19,Food services and accommodations,餐飲與住宿,0.16161704743059305,official
1995-09,m20,Financial services and insurance,金融服務與保險,0.21189707381423517,official
1995-09,m21,Other services,其他服務,0.2217569107153565,official
1995-09,m22,Final consumption expenditures of nonprofit institutions serving households,服務家庭之非營利機構淨消費,-0.020095940516879542,official
1995-09,residual,Residual,差額,0.06311446902920492,official
1995-10,m4,Motor vehicles and parts,汽車與零組件,0.13060699480702173,official
1995-10,m5,Furnishings and durable household equipment,家具與耐久家用設備,0.010353780996991968,official
1995-10,m6,Recreational goods and vehicles,休閒商品與交通工具,-0.17199413358076054,official
1995-10,m7,Other durable goods,其他耐久財,0.010109845707187861,official
1995-10,m9,Food and beverages purchased for off-premises consumption,食物與飲料（居家消費）,0.20166983433351793,official
1995-10,m10,Clothing and footwear,服裝與鞋類,-0.08026054683407911,official
1995-10,m11,Gasoline and other energy goods,汽油與其他能源商品,-0.08109696053635833,official
1995-10,m12,Other nondurable goods,其他非耐久財,0.13164514149743345,official
1995-10,m15,Housing and utilities,住宅與公用事業,0.5448662845512638,official
1995-10,m16,Health care,醫療服務,0.46378743209470075,official
1995-10,m17,Transportation services,運輸服務,0.13150850780443274,official
1995-10,m18,Recreation services,休閒服務,0.09094955178761169,official
1995-10,m19,Food services and accommodations,餐飲與住宿,0.16153634336510977,official
1995-10,m20,Financial services and insurance,金融服務與保險,0.2123091543077775,official
1995-10,m21,Other services,其他服務,0.2016083267236348,official
1995-10,m22,Final consumption expenditures of nonprofit institutions serving households,服務家庭之非營利機構淨消費,-0.02006195657053922,official
1995-10,residual,Residual,差額,0.08278535191034764,official
1995-11,m4,Motor vehicles and parts,汽車與零組件,0.11059882296707893,official
1995-11,m5,Furnishings and durable household equipment,家具與耐久家用設備,-0.010031218258947245,official
1995-11,m6,Recreational goods and vehicles,休閒商品與交通工具,-0.18205218975921614,official
1995-11,m7,Other durable goods,其他耐久財,0.010090667383641033,official
1995-11,m9,Food and beverages purchased for off-premises consumption,食物與飲料（居家消費）,0.18112355858278067,official
1995-11,m10,Clothing and footwear,服裝與鞋類,-0.1004736511919699,official
1995-11,m11,Gasoline and other energy goods,汽油與其他能源商品,-0.15181857561092194,official
1995-11,m12,Other nondurable goods,其他非耐久財,0.15176076955248852,official
1995-11,m15,Housing and utilities,住宅與公用事業,0.5346582422178408,official
1995-11,m16,Health care,醫療服務,0.46351257692537495,official
1995-11,m17,Transportation services,運輸服務,0.12087470872916294,official
1995-11,m18,Recreation services,休閒服務,0.09097867001254706,official
1995-11,m19,Food services and accommodations,餐飲與住宿,0.14126784967437417,official
1995-11,m20,Financial services and insurance,金融服務與保險,0.20212702395889348,official
1995-11,m21,Other services,其他服務,0.2014275258409512,official
1995-11,m22,Final consumption expenditures of nonprofit institutions serving households,服務家庭之非營利機構淨消費,-0.030004929198781158,official
1995-11,residual,Residual,差額,0.08976369719782018,official
1995-12,m4,Motor vehicles and parts,汽車與零組件,0.12106820319147348,official
1995-12,m5,Furnishings and durable household equipment,家具與耐久家用設備,0.00996238300667254,official
1995-12,m6,Recreational goods and vehicles,休閒商品與交通工具,-0.18211759788628323,official
1995-12,m7,Other durable goods,其他耐久財,0.03025361615739428,official
1995-12,m9,Food and beverages purchased for off-premises consumption,食物與飲料（居家消費）,0.16138466361152992,official
1995-12,m10,Clothing and footwear,服裝與鞋類,-0.09059784150109716,official
1995-12,m11,Gasoline and other energy goods,汽油與其他能源商品,-0.10084190413637653,official
1995-12,m12,Other nondurable goods,其他非耐久財,0.16165693899180486,official
1995-12,m15,Housing and utilities,住宅與公用事業,0.5553957994357451,official
1995-12,m16,Health care,醫療服務,0.46376184860652925,official
1995-12,m17,Transportation services,運輸服務,0.10008090639041065,official
1995-12,m18,Recreation services,休閒服務,0.10109611738890299,official
1995-12,m19,Food services and accommodations,餐飲與住宿,0.14117717305309668,official
1995-12,m20,Financial services and insurance,金融服務與保險,0.22234897225000372,official
1995-12,m21,Other services,其他服務,0.22183218641310026,official
1995-12,m22,Final consumption expenditures of nonprofit institutions serving households,服務家庭之非營利機構淨消費,-0.029985669716827642,official
1995-12,residual,Residual,差額,0.06751802480930147,official
1996-01,m4,Motor vehicles and parts,汽車與零組件,0.1212129247545697,official
1996-01,m5,Furnishings and durable household equipment,家具與耐久家用設備,0.020311946012781742,official
1996-01,m6,Recreational goods and vehicles,休閒商品與交通工具,-0.21207785242897792,official
1996-01,m7,Other durable goods,其他耐久財,0.010037838723613447,official
1996-01,m9,Food and beverages purchased for off-premises consumption,食物與飲料（居家消費）,0.19138692329465046,official
1996-01,m10,Clothing and footwear,服裝與鞋類,-0.07025980603929864,official
1996-01,m11,Gasoline and other energy goods,汽油與其他能源商品,0.010894572973617171,official
1996-01,m12,Other nondurable goods,其他非耐久財,0.15134968045644825,official
1996-01,m15,Housing and utilities,住宅與公用事業,0.5350910959822427,official
1996-01,m16,Health care,醫療服務,0.35324012692359263,official
1996-01,m17,Transportation services,運輸服務,0.059179167846023215,official
1996-01,m18,Recreation services,休閒服務,0.09091155570783739,official
1996-01,m19,Food services and accommodations,餐飲與住宿,0.15106589002934737,official
1996-01,m20,Financial services and insurance,金融服務與保險,0.23226823781786762,official
1996-01,m21,Other services,其他服務,0.2018132793063894,official
1996-01,m22,Final consumption expenditures of nonprofit institutions serving households,服務家庭之非營利機構淨消費,0.050108004230786415,official
1996-01,residual,Residual,差額,0.07733683912583689,official
1996-02,m4,Motor vehicles and parts,汽車與零組件,0.13137480296225798,official
1996-02,m5,Furnishings and durable household equipment,家具與耐久家用設備,0.020276001546560393,official
1996-02,m6,Recreational goods and vehicles,休閒商品與交通工具,-0.21189959254082028,official
1996-02,m7,Other durable goods,其他耐久財,-0.00035630372066740475,official
1996-02,m9,Food and beverages purchased for off-premises consumption,食物與飲料（居家消費）,0.18165705023347117,official
1996-02,m10,Clothing and footwear,服裝與鞋類,-0.030403295363292986,official
1996-02,m11,Gasoline and other energy goods,汽油與其他能源商品,0.020857597477916885,official
1996-02,m12,Other nondurable goods,其他非耐久財,0.1616552657407132,official
1996-02,m15,Housing and utilities,住宅與公用事業,0.5451116795051008,official
1996-02,m16,Health care,醫療服務,0.3631884424352378,official
1996-02,m17,Transportation services,運輸服務,0.03930687327127264,official
1996-02,m18,Recreation services,休閒服務,0.11110935966451538,official
1996-02,m19,Food services and accommodations,餐飲與住宿,0.1509955982511971,official
1996-02,m20,Financial services and insurance,金融服務與保險,0.2220719447996907,official
1996-02,m21,Other services,其他服務,0.20165318383249564,official
1996-02,m22,Final consumption expenditures of nonprofit institutions serving households,服務家庭之非營利機構淨消費,-0.010268566160069003,official
1996-02,residual,Residual,差額,0.05768952800167981,official
1996-03,m4,Motor vehicles and parts,汽車與零組件,0.1215414873088912,official
1996-03,m5,Furnishings and durable household equipment,家具與耐久家用設備,0.020238681905892827,official
1996-03,m6,Recreational goods and vehicles,休閒商品與交通工具,-0.20191806442036514,official
1996-03,m7,Other durable goods,其他耐久財,-0.010142199792192368,official
1996-03,m9,Food and beverages purchased for off-premises consumption,食物與飲料（居家消費）,0.2220292415021523,official
1996-03,m10,Clothing and footwear,服裝與鞋類,-0.019975656820543267,official
1996-03,m11,Gasoline and other energy goods,汽油與其他能源商品,0.11201885112067685,official
1996-03,m12,Other nondurable goods,其他非耐久財,0.18151595665726583,official
1996-03,m15,Housing and utilities,住宅與公用事業,0.5550651625352531,official
1996-03,m16,Health care,醫療服務,0.3429468606204542,official
1996-03,m17,Transportation services,運輸服務,0.0298380584830043,official
1996-03,m18,Recreation services,休閒服務,0.11109989609618524,official
1996-03,m19,Food services and accommodations,餐飲與住宿,0.141126168917916,official
1996-03,m20,Financial services and insurance,金融服務與保險,0.17097506308445895,official
1996-03,m21,Other services,其他服務,0.23181193409529463,official
1996-03,m22,Final consumption expenditures of nonprofit institutions serving households,服務家庭之非營利機構淨消費,0.0003170550690218196,official
1996-03,residual,Residual,差額,0.06513477809111734,official
1996-04,m4,Motor vehicles and parts,汽車與零組件,0.10086177032288629,official
1996-04,m5,Furnishings and durable household equipment,家具與耐久家用設備,0.030366263490606542,official
1996-04,m6,Recreational goods and vehicles,休閒商品與交通工具,-0.241904599760167,official
1996-04,m7,Other durable goods,其他耐久財,-0.010115623195700769,official
1996-04,m9,Food and beverages purchased for off-premises consumption,食物與飲料（居家消費）,0.18217270937273308,official
1996-04,m10,Clothing and footwear,服裝與鞋類,-0.040284542614771934,official
1996-04,m11,Gasoline and other energy goods,汽油與其他能源商品,0.24407331191614728,official
1996-04,m12,Other nondurable goods,其他非耐久財,0.18124713162686723,official
1996-04,m15,Housing and utilities,住宅與公用事業,0.5646185618902394,official
1996-04,m16,Health care,醫療服務,0.3426686603402076,official
1996-04,m17,Transportation services,運輸服務,0.019786074881193834,official
1996-04,m18,Recreation services,休閒服務,0.11101558914533585,official
1996-04,m19,Food services and accommodations,餐飲與住宿,0.14117000014804507,official
1996-04,m20,Financial services and insurance,金融服務與保險,0.21186995721497626,official
1996-04,m21,Other services,其他服務,0.18133551453062313,official
1996-04,m22,Final consumption expenditures of nonprofit institutions serving households,服務家庭之非營利機構淨消費,0.050598842287592344,official
1996-04,residual,Residual,差額,0.0416430041304654,official
1996-05,m4,Motor vehicles and parts,汽車與零組件,0.09072208836528656,official
1996-05,m5,Furnishings and durable household equipment,家具與耐久家用設備,0.029898005942262496,official
1996-05,m6,Recreational goods and vehicles,休閒商品與交通工具,-0.26213433652126356,official
1996-05,m7,Other durable goods,其他耐久財,-0.00032623316728503174,official
1996-05,m9,Food and beverages purchased for off-premises consumption,食物與飲料（居家消費）,0.19187728193227005,official
1996-05,m10,Clothing and footwear,服裝與鞋類,-0.040433400836646906,official
1996-05,m11,Gasoline and other energy goods,汽油與其他能源商品,0.24411967302774534,official
1996-05,m12,Other nondurable goods,其他非耐久財,0.17119466083280366,official
1996-05,m15,Housing and utilities,住宅與公用事業,0.5747891383719383,official
1996-05,m16,Health care,醫療服務,0.35275886535306206,official
1996-05,m17,Transportation services,運輸服務,-2.8085320246500067e-06,official
1996-05,m18,Recreation services,休閒服務,0.11105571240632069,official
1996-05,m19,Food services and accommodations,餐飲與住宿,0.14137455469985663,official
1996-05,m20,Financial services and insurance,金融服務與保險,0.2523259079688401,official
1996-05,m21,Other services,其他服務,0.19188452498854416,official
1996-05,m22,Final consumption expenditures of nonprofit institutions serving households,服務家庭之非營利機構淨消費,0.05073184431863535,official
1996-05,residual,Residual,差額,0.030214335338731413,official
1996-06,m4,Motor vehicles and parts,汽車與零組件,0.08064341302774784,official
1996-06,m5,Furnishings and durable household equipment,家具與耐久家用設備,0.02986886601591919,official
1996-06,m6,Recreational goods and vehicles,休閒商品與交通工具,-0.23233368282705968,official
1996-06,m7,Other durable goods,其他耐久財,-0.02030642231640504,official
1996-06,m9,Food and beverages purchased for off-premises consumption,食物與飲料（居家消費）,0.24270552446209961,official
1996-06,m10,Clothing and footwear,服裝與鞋類,-0.041032384777825365,official
1996-06,m11,Gasoline and other energy goods,汽油與其他能源商品,0.13186098025606569,official
1996-06,m12,Other nondurable goods,其他非耐久財,0.14063145148190265,official
1996-06,m15,Housing and utilities,住宅與公用事業,0.5344807064695719,official
1996-06,m16,Health care,醫療服務,0.363469291315327,official
1996-06,m17,Transportation services,運輸服務,-0.019983312905178907,official
1996-06,m18,Recreation services,休閒服務,0.13114077705745972,official
1996-06,m19,Food services and accommodations,餐飲與住宿,0.14144956214835272,official
1996-06,m20,Financial services and insurance,金融服務與保險,0.27269887915885227,official
1996-06,m21,Other services,其他服務,0.20232615148337937,official
1996-06,m22,Final consumption expenditures of nonprofit institutions serving households,服務家庭之非營利機構淨消費,0.030276296941683774,official
1996-06,residual,Residual,差額,0.0411364945286925,official
1996-07,m4,Motor vehicles and parts,汽車與零組件,0.09052977788265831,official
1996-07,m5,Furnishings and durable household equipment,家具與耐久家用設備,0.02004660629479956,official
1996-07,m6,Recreational goods and vehicles,休閒商品與交通工具,-0.24243517890327715,official
1996-07,m7,Other durable goods,其他耐久財,0.010086723105513114,official
1996-07,m9,Food and beverages purchased for off-premises consumption,食物與飲料（居家消費）,0.2629841302616442,official
1996-07,m10,Clothing and footwear,服裝與鞋類,-0.07134863278369369,official
1996-07,m11,Gasoline and other energy goods,汽油與其他能源商品,0.14148048730125953,official
1996-07,m12,Other nondurable goods,其他非耐久財,0.1308729830978437,official
1996-07,m15,Housing and utilities,住宅與公用事業,0.5448113624966815,official
1996-07,m16,Health care,醫療服務,0.3630136279165806,official
1996-07,m17,Transportation services,運輸服務,-0.01995826081826494,official
1996-07,m18,Recreation services,休閒服務,0.1311790212678092,official
1996-07,m19,Food services and accommodations,餐飲與住宿,0.15166499513288692,official
1996-07,m20,Financial services and insurance,金融服務與保險,0.2933451815580661,official
1996-07,m21,Other services,其他服務,0.2124652665113123,official
1996-07,m22,Final consumption expenditures of nonprofit institutions serving households,服務家庭之非營利機構淨消費,0.04063110232736497,official
1996-07,residual,Residual,差額,0.057087549039825713,official
1996-08,m4,Motor vehicles and parts,汽車與零組件,0.11071466415494202,official
1996-08,m5,Furnishings and durable household equipment,家具與耐久家用設備,0.010025019132277619,official
1996-08,m6,Recreational goods and vehicles,休閒商品與交通工具,-0.23214693589215285,official
1996-08,m7,Other durable goods,其他耐久財,-0.030271383999529052,official
1996-08,m9,Food and beverages purchased for off-premises consumption,食物與飲料（居家消費）,0.28300965444163184,official
1996-08,m10,Clothing and footwear,服裝與鞋類,-0.14231206216518516,official
1996-08,m11,Gasoline and other energy goods,汽油與其他能源商品,0.15073261906163538,official
1996-08,m12,Other nondurable goods,其他非耐久財,0.11084594101371638,official
1996-08,m15,Housing and utilities,住宅與公用事業,0.534718166833461,official
1996-08,m16,Health care,醫療服務,0.34291016659798673,official
1996-08,m17,Transportation services,運輸服務,-0.01970418555365868,official
1996-08,m18,Recreation services,休閒服務,0.13110834755989875,official
1996-08,m19,Food services and accommodations,餐飲與住宿,0.15155030317301466,official
1996-08,m20,Financial services and insurance,金融服務與保險,0.30311576499676224,official
1996-08,m21,Other services,其他服務,0.2325993406722788,official
1996-08,m22,Final consumption expenditures of nonprofit institutions serving households,服務家庭之非營利機構淨消費,0.030565285218107963,official
1996-08,residual,Residual,差額,0.026711308647793253,official
1996-09,m4,Motor vehicles and parts,汽車與零組件,0.14101595705566586,official
1996-09,m5,Furnishings and durable household equipment,家具與耐久家用設備,0.010217368924185599,official
1996-09,m6,Recreational goods and vehicles,休閒商品與交通工具,-0.24257739539672032,official
1996-09,m7,Other durable goods,其他耐久財,-0.02025737186557835,official
1996-09,m9,Food and beverages purchased for off-premises consumption,食物與飲料（居家消費）,0.2832125891609677,official
1996-09,m10,Clothing and footwear,服裝與鞋類,-0.10124494448121184,official
1996-09,m11,Gasoline and other energy goods,汽油與其他能源商品,0.18060769174203986,official
1996-09,m12,Other nondurable goods,其他非耐久財,0.11096860063239943,official
1996-09,m15,Housing and utilities,住宅與公用事業,0.5549325685712184,official
1996-09,m16,Health care,醫療服務,0.34327097580704463,official
1996-09,m17,Transportation services,運輸服務,0.04146363703213471,official
1996-09,m18,Recreation services,休閒服務,0.12122391352305316,official
1996-09,m19,Food services and accommodations,餐飲與住宿,0.1416517390984631,official
1996-09,m20,Financial services and insurance,金融服務與保險,0.2933117140966247,official
1996-09,m21,Other services,其他服務,0.2528232958305757,official
1996-09,m22,Final consumption expenditures of nonprofit institutions serving households,服務家庭之非營利機構淨消費,0.060722700198544,official
1996-09,residual,Residual,差額,0.04058430766966792,official
1996-10,m4,Motor vehicles and parts,汽車與零組件,0.13089832920156663,official
1996-10,m5,Furnishings and durable household equipment,家具與耐久家用設備,-3.81393847824138e-06,official
1996-10,m6,Recreational goods and vehicles,休閒商品與交通工具,-0.24239236625544583,official
1996-10,m7,Other durable goods,其他耐久財,-0.01001026829590295,official
1996-10,m9,Food and beverages purchased for off-premises consumption,食物與飲料（居家消費）,0.3033122588784087,official
1996-10,m10,Clothing and footwear,服裝與鞋類,-0.11117836029983422,official
1996-10,m11,Gasoline and other energy goods,汽油與其他能源商品,0.2413102345572164,official
1996-10,m12,Other nondurable goods,其他非耐久財,0.10070792565753765,official
1996-10,m15,Housing and utilities,住宅與公用事業,0.514265010048261,official
1996-10,m16,Health care,醫療服務,0.3230982382538029,official
1996-10,m17,Transportation services,運輸服務,0.06218744040721127,official
1996-10,m18,Recreation services,休閒服務,0.13132637045077816,official
1996-10,m19,Food services and accommodations,餐飲與住宿,0.16189626087339187,official
1996-10,m20,Financial services and insurance,金融服務與保險,0.2832421410863857,official
1996-10,m21,Other services,其他服務,0.28297560546273337,official
1996-10,m22,Final consumption expenditures of nonprofit institutions serving households,服務家庭之非營利機構淨消費,0.060565929794194,official
1996-10,residual,Residual,差額,0.023890363937736137,official
1996-11,m4,Motor vehicles and parts,汽車與零組件,0.12090187621939591,official
1996-11,m5,Furnishings and durable household equipment,家具與耐久家用設備,0.009770863589021402,official
1996-11,m6,Recreational goods and vehicles,休閒商品與交通工具,-0.24285070926667546,official
1996-11,m7,Other durable goods,其他耐久財,-0.02023647112323784,official
1996-11,m9,Food and beverages purchased for off-premises consumption,食物與飲料（居家消費）,0.32354736023705793,official
1996-11,m10,Clothing and footwear,服裝與鞋類,-0.08095512623039797,official
1996-11,m11,Gasoline and other energy goods,汽油與其他能源商品,0.33222241781454914,official
1996-11,m12,Other nondurable goods,其他非耐久財,0.09093620267276915,official
1996-11,m15,Housing and utilities,住宅與公用事業,0.5151825609881324,official
1996-11,m16,Health care,醫療服務,0.3340104739691062,official
1996-11,m17,Transportation services,運輸服務,0.041286215141779985,official
1996-11,m18,Recreation services,休閒服務,0.12132993002684506,official
1996-11,m19,Food services and accommodations,餐飲與住宿,0.1823528289985184,official
1996-11,m20,Financial services and insurance,金融服務與保險,0.3141537942466517,official
1996-11,m21,Other services,其他服務,0.29343543252798193,official
1996-11,m22,Final consumption expenditures of nonprofit institutions serving households,服務家庭之非營利機構淨消費,0.07079361586644956,official
1996-11,residual,Residual,差額,0.03511097419649234,official
1996-12,m4,Motor vehicles and parts,汽車與零組件,0.09072752562225476,official
1996-12,m5,Furnishings and durable household equipment,家具與耐久家用設備,-0.000472327964860908,official
1996-12,m6,Recreational goods and vehicles,休閒商品與交通工具,-0.2630774524158126,official
1996-12,m7,Other durable goods,其他耐久財,-0.06085183016105417,official
1996-12,m9,Food and beverages purchased for off-premises consumption,食物與飲料（居家消費）,0.30296515373352856,official
1996-12,m10,Clothing and footwear,服裝與鞋類,-0.06059458272327964,official
1996-12,m11,Gasoline and other energy goods,汽油與其他能源商品,0.34302781844802344,official
1996-12,m12,Other nondurable goods,其他非耐久財,0.10098623718887262,official
1996-12,m15,Housing and utilities,住宅與公用事業,0.5054317715959005,official
1996-12,m16,Health care,醫療服務,0.3238762811127379,official
1996-12,m17,Transportation services,運輸服務,0.060681405563689596,official
1996-12,m18,Recreation services,休閒服務,0.12134084919472914,official
1996-12,m19,Food services and accommodations,餐飲與住宿,0.19222752562225476,official
1996-12,m20,Financial services and insurance,金融服務與保險,0.29358960468521234,official
1996-12,m21,Other services,其他服務,0.2833790629575403,official
1996-12,m22,Final consumption expenditures of nonprofit institutions serving households,服務家庭之非營利機構淨消費,0.08088228404099561,official
1996-12,residual,Residual,差額,0.04898462664716163,official
1997-01,m4,Motor vehicles and parts,汽車與零組件,0.0705704727400222,official
1997-01,m5,Furnishings and durable household equipment,家具與耐久家用設備,-0.010213288143516628,official
1997-01,m6,Recreational goods and vehicles,休閒商品與交通工具,-0.2731784316017063,official
1997-01,m7,Other durable goods,其他耐久財,-0.030311751300181145,official
1997-01,m9,Food and beverages purchased for off-premises consumption,食物與飲料（居家消費）,0.27212323964237717,official
1997-01,m10,Clothing and footwear,服裝與鞋類,-0.06022424472623151,official
1997-01,m11,Gasoline and other energy goods,汽油與其他能源商品,0.26267954186875475,official
1997-01,m12,Other nondurable goods,其他非耐久財,0.11097557412493426,official
1997-01,m15,Housing and utilities,住宅與公用事業,0.5358933267106878,official
1997-01,m16,Health care,醫療服務,0.3131793081283235,official
1997-01,m17,Transportation services,運輸服務,0.09024425875065739,official
1997-01,m18,Recreation services,休閒服務,0.1312849880208029,official
1997-01,m19,Food services and accommodations,餐飲與住宿,0.19203646350727516,official
1997-01,m20,Financial services and insurance,金融服務與保險,0.2831956699585111,official
1997-01,m21,Other services,其他服務,0.2627942207678373,official
1997-01,m22,Final consumption expenditures of nonprofit institutions serving households,服務家庭之非營利機構淨消費,0.07072488751241746,official
1997-01,residual,Residual,差額,0.04696882486997023,official
1997-02,m4,Motor vehicles and parts,汽車與零組件,0.07091233955659276,official
1997-02,m5,Furnishings and durable household equipment,家具與耐久家用設備,1.3564760793463582e-05,official
1997-02,m6,Recreational goods and vehicles,休閒商品與交通工具,-0.27297462077012835,official
1997-02,m7,Other durable goods,其他耐久財,-0.010295507584597428,official
1997-02,m9,Food and beverages purchased for off-premises consumption,食物與飲料（居家消費）,0.27237412485414236,official
1997-02,m10,Clothing and footwear,服裝與鞋類,-0.0705666569428238,official
1997-02,m11,Gasoline and other energy goods,汽油與其他能源商品,0.26226575262543755,official
1997-02,m12,Other nondurable goods,其他非耐久財,0.09105878063010502,official
1997-02,m15,Housing and utilities,住宅與公用事業,0.5259709743290548,official
1997-02,m16,Health care,醫療服務,0.30315475495915983,official
1997-02,m17,Transportation services,運輸服務,0.0903286172695449,official
1997-02,m18,Recreation services,休閒服務,0.12132044924154026,official
1997-02,m19,Food services and accommodations,餐飲與住宿,0.1919604725787631,official
1997-02,m20,Financial services and insurance,金融服務與保險,0.31360837222870475,official
1997-02,m21,Other services,其他服務,0.26260676779463243,official
1997-02,m22,Final consumption expenditures of nonprofit institutions serving households,服務家庭之非營利機構淨消費,0.12121426487747958,official
1997-02,residual,Residual,差額,0.047642648774785634,official
1997-03,m4,Motor vehicles and parts,汽車與零組件,0.06096034435121497,official
1997-03,m5,Furnishings and durable household equipment,家具與耐久家用設備,-0.010187735396338361,official
1997-03,m6,Recreational goods and vehicles,休閒商品與交通工具,-0.2726156441316329,official
1997-03,m7,Other durable goods,其他耐久財,-0.010033155437928074,official
1997-03,m9,Food and beverages purchased for off-premises consumption,食物與飲料（居家消費）,0.21127212180260882,official
1997-03,m10,Clothing and footwear,服裝與鞋類,-0.09029403638373056,official
1997-03,m11,Gasoline and other energy goods,汽油與其他能源商品,0.13047944508267045,official
1997-03,m12,Other nondurable goods,其他非耐久財,0.10121729899515756,official
1997-03,m15,Housing and utilities,住宅與公用事業,0.48473948260066607,official
1997-03,m16,Health care,醫療服務,0.33330870911919963,official
1997-03,m17,Transportation services,運輸服務,0.10095205549173294,official
1997-03,m18,Recreation services,休閒服務,0.12118661567321536,official
1997-03,m19,Food services and accommodations,餐飲與住宿,0.19184536187415477,official
1997-03,m20,Financial services and insurance,金融服務與保險,0.4035502493928774,official
1997-03,m21,Other services,其他服務,0.2523091017493856,official
1997-03,m22,Final consumption expenditures of nonprofit institutions serving households,服務家庭之非營利機構淨消費,0.0705371762618698,official
1997-03,residual,Residual,差額,0.040975613302885794,official
1997-04,m4,Motor vehicles and parts,汽車與零組件,0.05017398112304815,official
1997-04,m5,Furnishings and durable household equipment,家具與耐久家用設備,-0.009945920867585872,official
1997-04,m6,Recreational goods and vehicles,休閒商品與交通工具,-0.3029801516535456,official
1997-04,m7,Other durable goods,其他耐久財,-0.030366230264016355,official
1997-04,m9,Food and beverages purchased for off-premises consumption,食物與飲料（居家消費）,0.19091224102184912,official
1997-04,m10,Clothing and footwear,服裝與鞋類,-0.008994969045858517,official
1997-04,m11,Gasoline and other energy goods,汽油與其他能源商品,-0.07079262899975353,official
1997-04,m12,Other nondurable goods,其他非耐久財,0.13167094370260826,official
1997-04,m15,Housing and utilities,住宅與公用事業,0.4639856175604947,official
1997-04,m16,Health care,醫療服務,0.33294738520870487,official
1997-04,m17,Transportation services,運輸服務,0.12101358502602466,official
1997-04,m18,Recreation services,休閒服務,0.12103605758775172,official
1997-04,m19,Food services and accommodations,餐飲與住宿,0.1916951560755658,official
1997-04,m20,Financial services and insurance,金融服務與保險,0.35291708349644063,official
1997-04,m21,Other services,其他服務,0.27191857683441345,official
1997-04,m22,Final consumption expenditures of nonprofit institutions serving households,服務家庭之非營利機構淨消費,0.05038623809316689,official
1997-04,residual,Residual,差額,0.05966523132239199,official
1997-05,m4,Motor vehicles and parts,汽車與零組件,0.0399135934695768,official
1997-05,m5,Furnishings and durable household equipment,家具與耐久家用設備,0.010036762577432985,official
1997-05,m6,Recreational goods and vehicles,休閒商品與交通工具,-0.30303189949632375,official
1997-05,m7,Other durable goods,其他耐久財,-0.020331152666010537,official
1997-05,m9,Food and beverages purchased for off-premises consumption,食物與飲料（居家消費）,0.20075739593585365,official
1997-05,m10,Clothing and footwear,服裝與鞋類,0.021351241822497556,official
1997-05,m11,Gasoline and other energy goods,汽油與其他能源商品,-0.19237596248480288,official
1997-05,m12,Other nondurable goods,其他非耐久財,0.12146138482023969,official
1997-05,m15,Housing and utilities,住宅與公用事業,0.43362053493892205,official
1997-05,m16,Health care,醫療服務,0.3227735483123951,official
1997-05,m17,Transportation services,運輸服務,0.08030046893996409,official
1997-05,m18,Recreation services,休閒服務,0.1210187865454756,official
1997-05,m19,Food services and accommodations,餐飲與住宿,0.17139943842991953,official
1997-05,m20,Financial services and insurance,金融服務與保險,0.33272607537775717,official
1997-05,m21,Other services,其他服務,0.2620410467203149,official
1997-05,m22,Final consumption expenditures of nonprofit institutions serving households,服務家庭之非營利機構淨消費,0.040316679210328256,official
1997-05,residual,Residual,差額,0.051416372373061625,official
1997-06,m4,Motor vehicles and parts,汽車與零組件,0.019575197927371148,official
1997-06,m5,Furnishings and durable household equipment,家具與耐久家用設備,0.010036907846173884,official
1997-06,m6,Recreational goods and vehicles,休閒商品與交通工具,-0.29320548262436497,official
1997-06,m7,Other durable goods,其他耐久財,-0.01016196031321011,official
1997-06,m9,Food and beverages purchased for off-premises consumption,食物與飲料（居家消費）,0.16092906456702033,official
1997-06,m10,Clothing and footwear,服裝與鞋類,0.031013011824984452,official
1997-06,m11,Gasoline and other energy goods,汽油與其他能源商品,-0.12288575936084296,official
1997-06,m12,Other nondurable goods,其他非耐久財,0.11095497242766786,official
1997-06,m15,Housing and utilities,住宅與公用事業,0.4846435859952816,official
1997-06,m16,Health care,醫療服務,0.3032859562026892,official
1997-06,m17,Transportation services,運輸服務,0.09047111780116078,official
1997-06,m18,Recreation services,休閒服務,0.12118988001331578,official
1997-06,m19,Food services and accommodations,餐飲與住宿,0.1817407477095425,official
1997-06,m20,Financial services and insurance,金融服務與保險,0.37391686326728524,official
1997-06,m21,Other services,其他服務,0.2625528650620197,official
1997-06,m22,Final consumption expenditures of nonprofit institutions serving households,服務家庭之非營利機構淨消費,0.06031755221374709,official
1997-06,residual,Residual,差額,0.0407546569017847,official
1997-07,m4,Motor vehicles and parts,汽車與零組件,0.019533919725002527,official
1997-07,m5,Furnishings and durable household equipment,家具與耐久家用設備,-0.010124211043228335,official
1997-07,m6,Recreational goods and vehicles,休閒商品與交通工具,-0.30311249765298903,official
1997-07,m7,Other durable goods,其他耐久財,-0.03009835781446336,official
1997-07,m9,Food and beverages purchased for off-premises consumption,食物與飲料（居家消費）,0.14081401562748241,official
1997-07,m10,Clothing and footwear,服裝與鞋類,0.04074439967069631,official
1997-07,m11,Gasoline and other energy goods,汽油與其他能源商品,-0.12280875832286207,official
1997-07,m12,Other nondurable goods,其他非耐久財,0.09076317575862616,official
1997-07,m15,Housing and utilities,住宅與公用事業,0.484532258763378,official
1997-07,m16,Health care,醫療服務,0.3128074584398515,official
1997-07,m17,Transportation services,運輸服務,0.09028034143593744,official
1997-07,m18,Recreation services,休閒服務,0.12111645507459885,official
1997-07,m19,Food services and accommodations,餐飲與住宿,0.17156072620130855,official
1997-07,m20,Financial services and insurance,金融服務與保險,0.3029117379435851,official
1997-07,m21,Other services,其他服務,0.24204139405231306,official
1997-07,m22,Final consumption expenditures of nonprofit institutions serving households,服務家庭之非營利機構淨消費,0.09103773993673904,official
1997-07,residual,Residual,差額,0.029072027961943192,official
1997-08,m4,Motor vehicles and parts,汽車與零組件,-0.00046563640823629737,official
1997-08,m5,Furnishings and durable household equipment,家具與耐久家用設備,-0.02027199399737386,official
1997-08,m6,Recreational goods and vehicles,休閒商品與交通工具,-0.3131482042624417,official
1997-08,m7,Other durable goods,其他耐久財,-0.010088740747153801,official
1997-08,m9,Food and beverages purchased for off-premises consumption,食物與飲料（居家消費）,0.13102333232327606,official
1997-08,m10,Clothing and footwear,服裝與鞋類,0.060018758206715435,official
1997-08,m11,Gasoline and other energy goods,汽油與其他能源商品,0.009020821609454142,official
1997-08,m12,Other nondurable goods,其他非耐久財,0.06037141249296567,official
1997-08,m15,Housing and utilities,住宅與公用事業,0.46459071035885896,official
1997-08,m16,Health care,醫療服務,0.30285297894752033,official
1997-08,m17,Transportation services,運輸服務,0.07004646263509515,official
1997-08,m18,Recreation services,休閒服務,0.12116805910278054,official
1997-08,m19,Food services and accommodations,餐飲與住宿,0.17156429014616972,official
1997-08,m20,Financial services and insurance,金融服務與保險,0.30295715914173993,official
1997-08,m21,Other services,其他服務,0.20168203396678355,official
1997-08,m22,Final consumption expenditures of nonprofit institutions serving households,服務家庭之非營利機構淨消費,0.07063619179544897,official
1997-08,residual,Residual,差額,0.03309337258129097,official
1997-09,m4,Motor vehicles and parts,汽車與零組件,-0.010271083037166003,official
1997-09,m5,Furnishings and durable household equipment,家具與耐久家用設備,-0.020049784888991215,official
1997-09,m6,Recreational goods and vehicles,休閒商品與交通工具,-0.2924865105972748,official
1997-09,m7,Other durable goods,其他耐久財,-0.020197125138491194,official
1997-09,m9,Food and beverages purchased for off-premises consumption,食物與飲料（居家消費）,0.11071022604641795,official
1997-09,m10,Clothing and footwear,服裝與鞋類,0.020127339961726057,official
1997-09,m11,Gasoline and other energy goods,汽油與其他能源商品,0.04954272723348539,official
1997-09,m12,Other nondurable goods,其他非耐久財,0.05022935581806932,official
1997-09,m15,Housing and utilities,住宅與公用事業,0.49418610339717123,official
1997-09,m16,Health care,醫療服務,0.3024939927193197,official
1997-09,m17,Transportation services,運輸服務,0.07083914876473042,official
1997-09,m18,Recreation services,休閒服務,0.12099138117095211,official
1997-09,m19,Food services and accommodations,餐飲與住宿,0.18138232204779925,official
1997-09,m20,Financial services and insurance,金融服務與保險,0.3125696772615434,official
1997-09,m21,Other services,其他服務,0.1811696571173686,official
1997-09,m22,Final consumption expenditures of nonprofit institutions serving households,服務家庭之非營利機構淨消費,0.07060202305069138,official
1997-09,residual,Residual,差額,-0.008866602397137324,official
1997-10,m4,Motor vehicles and parts,汽車與零組件,5.1356352838229785e-05,official
1997-10,m5,Furnishings and durable household equipment,家具與耐久家用設備,-0.010019509675938546,official
1997-10,m6,Recreational goods and vehicles,休閒商品與交通工具,-0.2919270108594299,official
1997-10,m7,Other durable goods,其他耐久財,-0.030106155589665604,official
1997-10,m9,Food and beverages purchased for off-premises consumption,食物與飲料（居家消費）,0.08062789596752212,official
1997-10,m10,Clothing and footwear,服裝與鞋類,0.009775208366208082,official
1997-10,m11,Gasoline and other energy goods,汽油與其他能源商品,-0.020556456124747147,official
1997-10,m12,Other nondurable goods,其他非耐久財,0.07033941097993085,official
1997-10,m15,Housing and utilities,住宅與公用事業,0.4931797902709837,official
1997-10,m16,Health care,醫療服務,0.2412810397509647,official
1997-10,m17,Transportation services,運輸服務,0.08139967579509103,official
1997-10,m18,Recreation services,休閒服務,0.11081782840092384,official
1997-10,m19,Food services and accommodations,餐飲與住宿,0.1711876515227589,official
1997-10,m20,Financial services and insurance,金融服務與保險,0.28171842947108694,official
1997-10,m21,Other services,其他服務,0.1407443802091552,official
1997-10,m22,Final consumption expenditures of nonprofit institutions serving households,服務家庭之非營利機構淨消費,0.1210427634882153,official
1997-10,residual,Residual,差額,-0.010717697858246389,official
1997-11,m4,Motor vehicles and parts,汽車與零組件,-0.020200478283905893,official
1997-11,m5,Furnishings and durable household equipment,家具與耐久家用設備,-0.010145346755831775,official
1997-11,m6,Recreational goods and vehicles,休閒商品與交通工具,-0.2916959030830696,official
1997-11,m7,Other durable goods,其他耐久財,-0.030196325519453553,official
1997-11,m9,Food and beverages purchased for off-premises consumption,食物與飲料（居家消費）,0.08062835622127075,official
1997-11,m10,Clothing and footwear,服裝與鞋類,-0.00022439247920039151,official
1997-11,m11,Gasoline and other energy goods,汽油與其他能源商品,-0.11107828676986527,official
1997-11,m12,Other nondurable goods,其他非耐久財,0.07035814013432044,official
1997-11,m15,Housing and utilities,住宅與公用事業,0.5232561969269544,official
1997-11,m16,Health care,醫療服務,0.22117537553878538,official
1997-11,m17,Transportation services,運輸服務,0.07055475205132244,official
1997-11,m18,Recreation services,休閒服務,0.10049518136124755,official
1997-11,m19,Food services and accommodations,餐飲與住宿,0.16104506465424656,official
1997-11,m20,Financial services and insurance,金融服務與保險,0.28179270545444135,official
1997-11,m21,Other services,其他服務,0.1306558503859207,official
1997-11,m22,Final consumption expenditures of nonprofit institutions serving households,服務家庭之非營利機構淨消費,0.1108455887617602,official
1997-11,residual,Residual,差額,-0.022821302249649733,official
1997-12,m4,Motor vehicles and parts,汽車與零組件,-0.040406499413565236,official
1997-12,m5,Furnishings and durable household equipment,家具與耐久家用設備,-0.00014517836198758675,official
1997-12,m6,Recreational goods and vehicles,休閒商品與交通工具,-0.2816221357667992,official
1997-12,m7,Other durable goods,其他耐久財,-0.00019609806333495405,official
1997-12,m9,Food and beverages purchased for off-premises consumption,食物與飲料（居家消費）,0.08053494292988529,official
1997-12,m10,Clothing and footwear,服裝與鞋類,-0.01021254684326459,official
1997-12,m11,Gasoline and other energy goods,汽油與其他能源商品,-0.19110950596447063,official
1997-12,m12,Other nondurable goods,其他非耐久財,0.05017349887004033,official
1997-12,m15,Housing and utilities,住宅與公用事業,0.4625931859141231,official
1997-12,m16,Health care,醫療服務,0.24140114998426637,official
1997-12,m17,Transportation services,運輸服務,0.06010570129015649,official
1997-12,m18,Recreation services,休閒服務,0.10050504906027405,official
1997-12,m19,Food services and accommodations,餐飲與住宿,0.18121420602454444,official
1997-12,m20,Financial services and insurance,金融服務與保險,0.2713515175787396,official
1997-12,m21,Other services,其他服務,0.11052764825356866,official
1997-12,m22,Final consumption expenditures of nonprofit institutions serving households,服務家庭之非營利機構淨消費,0.100728752467317,official
1997-12,residual,Residual,差額,-0.0097750092971427,official
1998-01,m4,Motor vehicles and parts,汽車與零組件,-0.05045339618598671,official
1998-01,m5,Furnishings and durable household equipment,家具與耐久家用設備,-3.256910220699079e-05,official
1998-01,m6,Recreational goods and vehicles,休閒商品與交通工具,-0.2815933147632312,official
1998-01,m7,Other durable goods,其他耐久財,-0.020169845011070636,official
1998-01,m9,Food and beverages purchased for off-premises consumption,食物與飲料（居家消費）,0.12071552031997715,official
1998-01,m10,Clothing and footwear,服裝與鞋類,-0.04038511534890366,official
1998-01,m11,Gasoline and other energy goods,汽油與其他能源商品,-0.30184229697878723,official
1998-01,m12,Other nondurable goods,其他非耐久財,0.0805189629312192,official
1998-01,m15,Housing and utilities,住宅與公用事業,0.41228169416470256,official
1998-01,m16,Health care,醫療服務,0.26128619384329693,official
1998-01,m17,Transportation services,運輸服務,0.11041225626740948,official
1998-01,m18,Recreation services,休閒服務,0.10048682236983073,official
1998-01,m19,Food services and accommodations,餐飲與住宿,0.170991643454039,official
1998-01,m20,Financial services and insurance,金融服務與保險,0.26101178487250914,official
1998-01,m21,Other services,其他服務,0.12048339404328262,official
1998-01,m22,Final consumption expenditures of nonprofit institutions serving households,服務家庭之非營利機構淨消費,0.1308960788515106,official
1998-01,residual,Residual,差額,-0.03039668595099565,official
1998-02,m4,Motor vehicles and parts,汽車與零組件,-0.07030676683154909,official
1998-02,m5,Furnishings and durable household equipment,家具與耐久家用設備,-0.010011689070718885,official
1998-02,m6,Recreational goods and vehicles,休閒商品與交通工具,-0.3012782426480022,official
1998-02,m7,Other durable goods,其他耐久財,-0.02012786702969309,official
1998-02,m9,Food and beverages purchased for off-premises consumption,食物與飲料（居家消費）,0.07035993784835569,official
1998-02,m10,Clothing and footwear,服裝與鞋類,-0.06067625550597997,official
1998-02,m11,Gasoline and other energy goods,汽油與其他能源商品,-0.3818812276375248,official
1998-02,m12,Other nondurable goods,其他非耐久財,0.12078915482316717,official
1998-02,m15,Housing and utilities,住宅與公用事業,0.3815902838163391,official
1998-02,m16,Health care,醫療服務,0.2609508061182307,official
1998-02,m17,Transportation services,運輸服務,0.11028666733189835,official
1998-02,m18,Recreation services,休閒服務,0.11046528203446851,official
1998-02,m19,Food services and accommodations,餐飲與住宿,0.17073997519636214,official
1998-02,m20,Financial services and insurance,金融服務與保險,0.21046841812661263,official
1998-02,m21,Other services,其他服務,0.12033684480620375,official
1998-02,m22,Final consumption expenditures of nonprofit institutions serving households,服務家庭之非營利機構淨消費,0.11076948297244517,official
1998-02,residual,Residual,差額,-0.041302761186579495,official
1998-03,m4,Motor vehicles and parts,汽車與零組件,-0.09028964044143824,official
1998-03,m5,Furnishings and durable household equipment,家具與耐久家用設備,0.010055820576717688,official
1998-03,m6,Recreational goods and vehicles,休閒商品與交通工具,-0.2809818440726237,official
1998-03,m7,Other durable goods,其他耐久財,-0.04016361694553222,official
1998-03,m9,Food and beverages purchased for off-premises consumption,食物與飲料（居家消費）,0.10033221787112852,official
1998-03,m10,Clothing and footwear,服裝與鞋類,-0.07067981488074049,official
1998-03,m11,Gasoline and other energy goods,汽油與其他能源商品,-0.4121495194019224,official
1998-03,m12,Other nondurable goods,其他非耐久財,0.05034546101815592,official
1998-03,m15,Housing and utilities,住宅與公用事業,0.42153620505517986,official
1998-03,m16,Health care,醫療服務,0.2509985048059808,official
1998-03,m17,Transportation services,運輸服務,0.0802800996796013,official
1998-03,m18,Recreation services,休閒服務,0.12049441082235672,official
1998-03,m19,Food services and accommodations,餐飲與住宿,0.16064862940548238,official
1998-03,m20,Financial services and insurance,金融服務與保險,0.16029932360270563,official
1998-03,m21,Other services,其他服務,0.13043360626557493,official
1998-03,m22,Final consumption expenditures of nonprofit institutions serving households,服務家庭之非營利機構淨消費,0.13063168387326451,official
1998-03,residual,Residual,差額,-0.03115428978284951,official
1998-04,m4,Motor vehicles and parts,汽車與零組件,-0.060230460636754204,official
1998-04,m5,Furnishings and durable household equipment,家具與耐久家用設備,0.020174125814436505,official
1998-04,m6,Recreational goods and vehicles,休閒商品與交通工具,-0.2408832901812388,official
1998-04,m7,Other durable goods,其他耐久財,-0.020143824508492905,official
1998-04,m9,Food and beverages purchased for off-premises consumption,食物與飲料（居家消費）,0.10030272854013145,official
1998-04,m10,Clothing and footwear,服裝與鞋類,-0.14061072068739866,official
1998-04,m11,Gasoline and other energy goods,汽油與其他能源商品,-0.3921095683842149,official
1998-04,m12,Other nondurable goods,其他非耐久財,0.08074956610806043,official
1998-04,m15,Housing and utilities,住宅與公用事業,0.44144777648163436,official
1998-04,m16,Health care,醫療服務,0.24089993456055994,official
1998-04,m17,Transportation services,運輸服務,0.050161749224684915,official
1998-04,m18,Recreation services,休閒服務,0.11038595043673714,official
1998-04,m19,Food services and accommodations,餐飲與住宿,0.1606289299228953,official
1998-04,m20,Financial services and insurance,金融服務與保險,0.10998406691894047,official
1998-04,m21,Other services,其他服務,0.14050274561128973,official
1998-04,m22,Final consumption expenditures of nonprofit institutions serving households,服務家庭之非營利機構淨消費,0.16068099695564345,official
1998-04,residual,Residual,差額,-0.04495205849716377,official
1998-05,m4,Motor vehicles and parts,汽車與零組件,-0.08048219521220575,official
1998-05,m5,Furnishings and durable household equipment,家具與耐久家用設備,3.074207964475113e-05,official
1998-05,m6,Recreational goods and vehicles,休閒商品與交通工具,-0.25128447809626825,official
1998-05,m7,Other durable goods,其他耐久財,-0.03022928467735049,official
1998-05,m9,Food and beverages purchased for off-premises consumption,食物與飲料（居家消費）,0.10042014175514502,official
1998-05,m10,Clothing and footwear,服裝與鞋類,-0.14053129714497167,official
1998-05,m11,Gasoline and other energy goods,汽油與其他能源商品,-0.25193746263983374,official
1998-05,m12,Other nondurable goods,其他非耐久財,0.10093891434915032,official
1998-05,m15,Housing and utilities,住宅與公用事業,0.4720211494122001,official
1998-05,m16,Health care,醫療服務,0.25122939853690474,official
1998-05,m17,Transportation services,運輸服務,0.07012197204747944,official
1998-05,m18,Recreation services,休閒服務,0.10043167003501181,official
1998-05,m19,Food services and accommodations,餐飲與住宿,0.18085465827901284,official
1998-05,m20,Financial services and insurance,金融服務與保險,0.09002504910193278,official
1998-05,m21,Other services,其他服務,0.15085821639008284,official
1998-05,m22,Final consumption expenditures of nonprofit institutions serving households,服務家庭之非營利機構淨消費,0.17083046312373687,official
1998-05,residual,Residual,差額,-0.03238393441691345,official
1998-06,m4,Motor vehicles and parts,汽車與零組件,-0.07048200477598363,official
1998-06,m5,Furnishings and durable household equipment,家具與耐久家用設備,3.0702751876270085e-05,official
1998-06,m6,Recreational goods and vehicles,休閒商品與交通工具,-0.2611301739822606,official
1998-06,m7,Other durable goods,其他耐久財,-0.06033218671821697,official
1998-06,m9,Food and beverages purchased for off-premises consumption,食物與飲料（居家消費）,0.10038165226290652,official
1998-06,m10,Clothing and footwear,服裝與鞋類,-0.12037710370707301,official
1998-06,m11,Gasoline and other energy goods,汽油與其他能源商品,-0.19142199226745507,official
1998-06,m12,Other nondurable goods,其他非耐久財,0.10053985672049125,official
1998-06,m15,Housing and utilities,住宅與公用事業,0.45180279167614285,official
1998-06,m16,Health care,醫療服務,0.2411007505117125,official
1998-06,m17,Transportation services,運輸服務,0.06004505913122584,official
1998-06,m18,Recreation services,休閒服務,0.10039316579486013,official
1998-06,m19,Food services and accommodations,餐飲與住宿,0.160648879918126,official
1998-06,m20,Financial services and insurance,金融服務與保險,-0.09084958494428017,official
1998-06,m21,Other services,其他服務,0.13078078803729815,official
1998-06,m22,Final consumption expenditures of nonprofit institutions serving households,服務家庭之非營利機構淨消費,0.17061192290197863,official
1998-06,residual,Residual,差額,-0.03519487718900016,official
1998-07,m4,Motor vehicles and parts,汽車與零組件,-0.04025201011449839,official
1998-07,m5,Furnishings and durable household equipment,家具與耐久家用設備,0.020087365400460258,official
1998-07,m6,Recreational goods and vehicles,休閒商品與交通工具,-0.2611802142228031,official
1998-07,m7,Other durable goods,其他耐久財,-0.06029619001619456,official
1998-07,m9,Food and beverages purchased for off-premises consumption,食物與飲料（居家消費）,0.10039037417961758,official
1998-07,m10,Clothing and footwear,服裝與鞋類,-0.1103112481177373,official
1998-07,m11,Gasoline and other energy goods,汽油與其他能源商品,-0.18131374833082364,official
1998-07,m12,Other nondurable goods,其他非耐久財,0.14073045998238484,official
1998-07,m15,Housing and utilities,住宅與公用事業,0.44181364889053043,official
1998-07,m16,Health care,醫療服務,0.2410255135380856,official
1998-07,m17,Transportation services,運輸服務,0.08013452851095262,official
1998-07,m18,Recreation services,休閒服務,0.09033923345739693,official
1998-07,m19,Food services and accommodations,餐飲與住宿,0.16062164389010425,official
1998-07,m20,Financial services and insurance,金融服務與保險,0.01975651333920505,official
1998-07,m21,Other services,其他服務,0.14076540614256894,official
1998-07,m22,Final consumption expenditures of nonprofit institutions serving households,服務家庭之非營利機構淨消費,0.13060260817683325,official
1998-07,residual,Residual,差額,-0.037839304486168346,official
1998-08,m4,Motor vehicles and parts,汽車與零組件,-0.03014052519517388,official
1998-08,m5,Furnishings and durable household equipment,家具與耐久家用設備,0.009904471256210072,official
1998-08,m6,Recreational goods and vehicles,休閒商品與交通工具,-0.28130645848119235,official
1998-08,m7,Other durable goods,其他耐久財,-0.06024826117814053,official
1998-08,m9,Food and beverages purchased for off-premises consumption,食物與飲料（居家消費）,0.10048545067423703,official
1998-08,m10,Clothing and footwear,服裝與鞋類,-0.009778424414478354,official
1998-08,m11,Gasoline and other energy goods,汽油與其他能源商品,-0.34147963094393186,official
1998-08,m12,Other nondurable goods,其他非耐久財,0.1606026969481902,official
1998-08,m15,Housing and utilities,住宅與公用事業,0.4518042583392477,official
1998-08,m16,Health care,醫療服務,0.24100880056777854,official
1998-08,m17,Transportation services,運輸服務,0.10014237047551455,official
1998-08,m18,Recreation services,休閒服務,0.09035486160397445,official
1998-08,m19,Food services and accommodations,餐飲與住宿,0.16058140525195172,official
1998-08,m20,Financial services and insurance,金融服務與保險,0.02999517388218594,official
1998-08,m21,Other services,其他服務,0.16072505322924058,official
1998-08,m22,Final consumption expenditures of nonprofit institutions serving households,服務家庭之非營利機構淨消費,0.1605623846699787,official
1998-08,residual,Residual,差額,-0.00921788502483889,official
1998-09,m4,Motor vehicles and parts,汽車與零組件,-0.02997479467572925,official
1998-09,m5,Furnishings and durable household equipment,家具與耐久家用設備,-0.02023350325686775,official
1998-09,m6,Recreational goods and vehicles,休閒商品與交通工具,-0.3008606627017842,official
1998-09,m7,Other durable goods,其他耐久財,-0.0501273010478618,official
1998-09,m9,Food and beverages purchased for off-premises consumption,食物與飲料（居家消費）,0.09017445482866042,official
1998-09,m10,Clothing and footwear,服裝與鞋類,-0.08014542622486548,official
1998-09,m11,Gasoline and other energy goods,汽油與其他能源商品,-0.4006995185499858,official
1998-09,m12,Other nondurable goods,其他非耐久財,0.2004924950438969,official
1998-09,m15,Housing and utilities,住宅與公用事業,0.42106839422259984,official
1998-09,m16,Health care,醫療服務,0.2507772585669782,official
1998-09,m17,Transportation services,運輸服務,0.04004573775134522,official
1998-09,m18,Recreation services,休閒服務,0.10029963183234211,official
1998-09,m19,Food services and accommodations,餐飲與住宿,0.17045029736618522,official
1998-09,m20,Financial services and insurance,金融服務與保險,-0.11076493911073351,official
1998-09,m21,Other services,其他服務,0.180476352308128,official
1998-09,m22,Final consumption expenditures of nonprofit institutions serving households,服務家庭之非營利機構淨消費,0.15019994335882186,official
1998-09,residual,Residual,差額,0.02178674596430652,official
1998-10,m4,Motor vehicles and parts,汽車與零組件,-0.05995997850435569,official
1998-10,m5,Furnishings and durable household equipment,家具與耐久家用設備,-0.010156974770901698,official
1998-10,m6,Recreational goods and vehicles,休閒商品與交通工具,-0.30059565561715124,official
1998-10,m7,Other durable goods,其他耐久財,-0.050062082814798056,official
1998-10,m9,Food and beverages purchased for off-premises consumption,食物與飲料（居家消費）,0.12027095825319604,official
1998-10,m10,Clothing and footwear,服裝與鞋類,-0.07011737753139495,official
1998-10,m11,Gasoline and other energy goods,汽油與其他能源商品,-0.37009079081344043,official
1998-10,m12,Other nondurable goods,其他非耐久財,0.1802576648942188,official
1998-10,m15,Housing and utilities,住宅與公用事業,0.4307604084172418,official
1998-10,m16,Health care,醫療服務,0.3005123599954746,official
1998-10,m17,Transportation services,運輸服務,0.00010889240864350724,official
1998-10,m18,Recreation services,休閒服務,0.09018214730173096,official
1998-10,m19,Food services and accommodations,餐飲與住宿,0.1603047573254893,official
1998-10,m20,Financial services and insurance,金融服務與保險,-0.030219199004412296,official
1998-10,m21,Other services,其他服務,0.21039215408982914,official
1998-10,m22,Final consumption expenditures of nonprofit institutions serving households,服務家庭之非營利機構淨消費,0.10006957800656183,official
1998-10,residual,Residual,差額,0.02099275936190792,official
1998-11,m4,Motor vehicles and parts,汽車與零組件,-0.02988602296509984,official
1998-11,m5,Furnishings and durable household equipment,家具與耐久家用設備,-0.010228661123366714,official
1998-11,m6,Recreational goods and vehicles,休閒商品與交通工具,-0.3107948696193224,official
1998-11,m7,Other durable goods,其他耐久財,-0.040059816731715596,official
1998-11,m9,Food and beverages purchased for off-premises consumption,食物與飲料（居家消費）,0.12033641608688274,official
1998-11,m10,Clothing and footwear,服裝與鞋類,-0.06004171616041632,official
1998-11,m11,Gasoline and other energy goods,汽油與其他能源商品,-0.35028777080151596,official
1998-11,m12,Other nondurable goods,其他非耐久財,0.150104643927824,official
1998-11,m15,Housing and utilities,住宅與公用事業,0.40102678318909446,official
1998-11,m16,Health care,醫療服務,0.310711578709203,official
1998-11,m17,Transportation services,運輸服務,0.040034362803325986,official
1998-11,m18,Recreation services,休閒服務,0.11024817580179876,official
1998-11,m19,Food services and accommodations,餐飲與住宿,0.17043964590757396,official
1998-11,m20,Financial services and insurance,金融服務與保險,-0.11050200803212855,official
1998-11,m21,Other services,其他服務,0.2205242095141128,official
1998-11,m22,Final consumption expenditures of nonprofit institutions serving households,服務家庭之非營利機構淨消費,0.1000639176424006,official
1998-11,residual,Residual,差額,0.009505769557117794,official
1998-12,m4,Motor vehicles and parts,汽車與零組件,-0.019962376769776947,official
1998-12,m5,Furnishings and durable household equipment,家具與耐久家用設備,-0.010230831247082796,official
1998-12,m6,Recreational goods and vehicles,休閒商品與交通工具,-0.3210793340971132,official
1998-12,m7,Other durable goods,其他耐久財,-0.05014257224084526,official
1998-12,m9,Food and beverages purchased for off-premises consumption,食物與飲料（居家消費）,0.12036194679000296,official
1998-12,m10,Clothing and footwear,服裝與鞋類,-0.09027722380164355,official
1998-12,m11,Gasoline and other energy goods,汽油與其他能源商品,-0.3807291268864656,official
1998-12,m12,Other nondurable goods,其他非耐久財,0.3112524575324253,official
1998-12,m15,Housing and utilities,住宅與公用事業,0.4413367561986394,official
1998-12,m16,Health care,醫療服務,0.3009917822944513,official
1998-12,m17,Transportation services,運輸服務,0.04990070861798277,official
1998-12,m18,Recreation services,休閒服務,0.11034370093775195,official
1998-12,m19,Food services and accommodations,餐飲與住宿,0.16061795448437788,official
1998-12,m20,Financial services and insurance,金融服務與保險,-0.10052333064595978,official
1998-12,m21,Other services,其他服務,0.2407195089178371,official
1998-12,m22,Final consumption expenditures of nonprofit institutions serving households,服務家庭之非營利機構淨消費,0.1000851473105048,official
1998-12,residual,Residual,差額,-0.018264098103263904,official
1999-01,m4,Motor vehicles and parts,汽車與零組件,-0.009957447410088215,official
1999-01,m5,Furnishings and durable household equipment,家具與耐久家用設備,-0.010141370730603944,official
1999-01,m6,Recreational goods and vehicles,休閒商品與交通工具,-0.3110942094548744,official
1999-01,m7,Other durable goods,其他耐久財,-0.060197212169192486,official
1999-01,m9,Food and beverages purchased for off-premises consumption,食物與飲料（居家消費）,0.12055558697127346,official
1999-01,m10,Clothing and footwear,服裝與鞋類,-0.09040135150418457,official
1999-01,m11,Gasoline and other energy goods,汽油與其他能源商品,-0.30074912350147026,official
1999-01,m12,Other nondurable goods,其他非耐久財,0.3618332956344718,official
1999-01,m15,Housing and utilities,住宅與公用事業,0.4513666308527482,official
1999-01,m16,Health care,醫療服務,0.31109109929880113,official
1999-01,m17,Transportation services,運輸服務,0.009895809771544896,official
1999-01,m18,Recreation services,休閒服務,0.1103735014702556,official
1999-01,m19,Food services and accommodations,餐飲與住宿,0.1605384811128704,official
1999-01,m20,Financial services and insurance,金融服務與保險,-0.13071194299932143,official
1999-01,m21,Other services,其他服務,0.2507642501696449,official
1999-01,m22,Final consumption expenditures of nonprofit institutions serving households,服務家庭之非營利機構淨消費,0.0700504693508256,official
1999-01,residual,Residual,差額,0.002657769735343707,official
1999-02,m4,Motor vehicles and parts,汽車與零組件,-0.030160398308321193,official
1999-02,m5,Furnishings and durable household equipment,家具與耐久家用設備,-0.03034441788426994,official
1999-02,m6,Recreational goods and vehicles,休閒商品與交通工具,-0.3014390585439681,official
1999-02,m7,Other durable goods,其他耐久財,-0.05012984624959335,official
1999-02,m9,Food and beverages purchased for off-premises consumption,食物與飲料（居家消費）,0.1406291460982475,official
1999-02,m10,Clothing and footwear,服裝與鞋類,-0.08072433839233935,official
1999-02,m11,Gasoline and other energy goods,汽油與其他能源商品,-0.2612601309778073,official
1999-02,m12,Other nondurable goods,其他非耐久財,0.30189762231431844,official
1999-02,m15,Housing and utilities,住宅與公用事業,0.4718942276411265,official
1999-02,m16,Health care,醫療服務,0.3215400500714296,official
1999-02,m17,Transportation services,運輸服務,0.009994625100779354,official
1999-02,m18,Recreation services,休閒服務,0.10051966788780606,official
1999-02,m19,Food services and accommodations,餐飲與住宿,0.15061726474207557,official
1999-02,m20,Financial services and insurance,金融服務與保險,-0.1510717266156523,official
1999-02,m21,Other services,其他服務,0.2610879927580305,official
1999-02,m22,Final consumption expenditures of nonprofit institutions serving households,服務家庭之非營利機構淨消費,0.060081896490756584,official
1999-02,residual,Residual,差額,0.018988104499357394,official
1999-03,m4,Motor vehicles and parts,汽車與零組件,-0.030248903973978225,official
1999-03,m5,Furnishings and durable household equipment,家具與耐久家用設備,-0.040338141705557926,official
1999-03,m6,Recreational goods and vehicles,休閒商品與交通工具,-0.3316670909348042,official
1999-03,m7,Other durable goods,其他耐久財,-0.05021524536840617,official
1999-03,m9,Food and beverages purchased for off-premises consumption,食物與飲料（居家消費）,0.12051718285956725,official
1999-03,m10,Clothing and footwear,服裝與鞋類,-0.08080497807947956,official
1999-03,m11,Gasoline and other energy goods,汽油與其他能源商品,-0.11068363739216519,official
1999-03,m12,Other nondurable goods,其他非耐久財,0.3114763116956583,official
1999-03,m15,Housing and utilities,住宅與公用事業,0.452103521425541,official
1999-03,m16,Health care,醫療服務,0.30167953613350307,official
1999-03,m17,Transportation services,運輸服務,0.0403611936076934,official
1999-03,m18,Recreation services,休閒服務,0.08050714184698063,official
1999-03,m19,Food services and accommodations,餐飲與住宿,0.1607786734549569,official
1999-03,m20,Financial services and insurance,金融服務與保險,-0.16113986706265032,official
1999-03,m21,Other services,其他服務,0.24114368547588746,official
1999-03,m22,Final consumption expenditures of nonprofit institutions serving households,服務家庭之非營利機構淨消費,0.07016419176919814,official
1999-03,residual,Residual,差額,0.019153867911211986,official
1999-04,m4,Motor vehicles and parts,汽車與零組件,-0.02012457979038956,official
1999-04,m5,Furnishings and durable household equipment,家具與耐久家用設備,-0.05017641741292127,official
1999-04,m6,Recreational goods and vehicles,休閒商品與交通工具,-0.32136642278030453,official
1999-04,m7,Other durable goods,其他耐久財,-0.040066103562247525,official
1999-04,m9,Food and beverages purchased for off-premises consumption,食物與飲料（居家消費）,0.1305532642165033,official
1999-04,m10,Clothing and footwear,服裝與鞋類,-0.03037006695104381,official
1999-04,m11,Gasoline and other energy goods,汽油與其他能源商品,0.18147320545778128,official
1999-04,m12,Other nondurable goods,其他非耐久財,0.3016965168507585,official
1999-04,m15,Housing and utilities,住宅與公用事業,0.4318638944602955,official
1999-04,m16,Health care,醫療服務,0.29141614169891805,official
1999-04,m17,Transportation services,運輸服務,0.020038419164383175,official
1999-04,m18,Recreation services,休閒服務,0.100580524873584,official
1999-04,m19,Food services and accommodations,餐飲與住宿,0.160777140597192,official
1999-04,m20,Financial services and insurance,金融服務與保險,-0.1208901381394955,official
1999-04,m21,Other services,其他服務,0.22096796519675696,official
1999-04,m22,Final consumption expenditures of nonprofit institutions serving households,服務家庭之非營利機構淨消費,0.06028771999209018,official
1999-04,residual,Residual,差額,0.037896974490802426,official
1999-05,m4,Motor vehicles and parts,汽車與零組件,0.009861908456167575,official
1999-05,m5,Furnishings and durable household equipment,家具與耐久家用設備,-0.060499894209746816,official
1999-05,m6,Recreational goods and vehicles,休閒商品與交通工具,-0.2911030397066084,official
1999-05,m7,Other durable goods,其他耐久財,-0.030024966499753163,official
1999-05,m9,Food and beverages purchased for off-premises consumption,食物與飲料（居家消費）,0.13050990902038226,official
1999-05,m10,Clothing and footwear,服裝與鞋類,-0.05030114958741802,official
1999-05,m11,Gasoline and other energy goods,汽油與其他能源商品,0.11091487410959872,official
1999-05,m12,Other nondurable goods,其他非耐久財,0.27118950560688343,official
1999-05,m15,Housing and utilities,住宅與公用事業,0.41170618520346997,official
1999-05,m16,Health care,醫療服務,0.2914232315396008,official
1999-05,m17,Transportation services,運輸服務,0.060362084773256226,official
1999-05,m18,Recreation services,休閒服務,0.110564496791029,official
1999-05,m19,Food services and accommodations,餐飲與住宿,0.15070611467663447,official
1999-05,m20,Financial services and insurance,金融服務與保險,-0.12072473376119618,official
1999-05,m21,Other services,其他服務,0.19084194936173215,official
1999-05,m22,Final consumption expenditures of nonprofit institutions serving households,服務家庭之非營利機構淨消費,0.050218915297270614,official
1999-05,residual,Residual,差額,0.046532477607732714,official
1999-06,m4,Motor vehicles and parts,汽車與零組件,0.03001552904637539,official
1999-06,m5,Furnishings and durable household equipment,家具與耐久家用設備,-0.060551139973177105,official
1999-06,m6,Recreational goods and vehicles,休閒商品與交通工具,-0.3118798616503141,official
1999-06,m7,Other durable goods,其他耐久財,-0.02017025481753371,official
1999-06,m9,Food and beverages purchased for off-premises consumption,食物與飲料（居家消費）,0.12061198560033881,official
1999-06,m10,Clothing and footwear,服裝與鞋類,-0.040206959836239155,official
1999-06,m11,Gasoline and other energy goods,汽油與其他能源商品,0.07084661537375592,official
1999-06,m12,Other nondurable goods,其他非耐久財,0.3217182183948613,official
1999-06,m15,Housing and utilities,住宅與公用事業,0.40243142514293784,official
1999-06,m16,Health care,醫療服務,0.291926731135738,official
1999-06,m17,Transportation services,運輸服務,0.060413213806733965,official
1999-06,m18,Recreation services,休閒服務,0.11078647561233855,official
1999-06,m19,Food services and accommodations,餐飲與住宿,0.15083376861720904,official
1999-06,m20,Financial services and insurance,金融服務與保險,-0.041144208371567736,official
1999-06,m21,Other services,其他服務,0.1911319263076163,official
1999-06,m22,Final consumption expenditures of nonprofit institutions serving households,服務家庭之非營利機構淨消費,0.06039824945295406,official
1999-06,residual,Residual,差額,0.061864191430783144,official
1999-07,m4,Motor vehicles and parts,汽車與零組件,0.020245317560906917,official
1999-07,m5,Furnishings and durable household equipment,家具與耐久家用設備,-0.0703772708069286,official
1999-07,m6,Recreational goods and vehicles,休閒商品與交通工具,-0.30141501197014503,official
1999-07,m7,Other durable goods,其他耐久財,-0.020120546401915226,official
1999-07,m9,Food and beverages purchased for off-premises consumption,食物與飲料（居家消費）,0.12045430221095618,official
1999-07,m10,Clothing and footwear,服裝與鞋類,-0.050222785523165746,official
1999-07,m11,Gasoline and other energy goods,汽油與其他能源商品,0.16170623855794955,official
1999-07,m12,Other nondurable goods,其他非耐久財,0.31136868046753974,official
1999-07,m15,Housing and utilities,住宅與公用事業,0.4019978876214617,official
1999-07,m16,Health care,醫療服務,0.31157667934093786,official
1999-07,m17,Transportation services,運輸服務,0.040313617800309814,official
1999-07,m18,Recreation services,休閒服務,0.12062836220250668,official
1999-07,m19,Food services and accommodations,餐飲與住宿,0.160716518800169,official
1999-07,m20,Financial services and insurance,金融服務與保險,-0.10047627094775385,official
1999-07,m21,Other services,其他服務,0.19080045064075482,official
1999-07,m22,Final consumption expenditures of nonprofit institutions serving households,服務家庭之非營利機構淨消費,0.060388959301506825,official
1999-07,residual,Residual,差額,0.06052499647934684,official
1999-08,m4,Motor vehicles and parts,汽車與零組件,0.03048686505034595,official
1999-08,m5,Furnishings and durable household equipment,家具與耐久家用設備,-0.06043567531079484,official
1999-08,m6,Recreational goods and vehicles,休閒商品與交通工具,-0.29143823479777237,official
1999-08,m7,Other durable goods,其他耐久財,-0.020092816560724536,official
1999-08,m9,Food and beverages purchased for off-premises consumption,食物與飲料（居家消費）,0.11044369128649377,official
1999-08,m10,Clothing and footwear,服裝與鞋類,-0.13032654553636722,official
1999-08,m11,Gasoline and other energy goods,汽油與其他能源商品,0.3329484727456826,official
1999-08,m12,Other nondurable goods,其他非耐久財,0.3008117230128818,official
1999-08,m15,Housing and utilities,住宅與公用事業,0.4020103223266018,official
1999-08,m16,Health care,醫療服務,0.31143050008437867,official
1999-08,m17,Transportation services,運輸服務,0.030271840018000783,official
1999-08,m18,Recreation services,休閒服務,0.1206037295381673,official
1999-08,m19,Food services and accommodations,餐飲與住宿,0.16063663722787871,official
1999-08,m20,Financial services and insurance,金融服務與保險,-0.13029645046970806,official
1999-08,m21,Other services,其他服務,0.20080694155369297,official
1999-08,m22,Final consumption expenditures of nonprofit institutions serving households,服務家庭之非營利機構淨消費,0.06044734769646172,official
1999-08,residual,Residual,差額,0.03425563930921771,official
1999-09,m4,Motor vehicles and parts,汽車與零組件,0.03065079432085216,official
1999-09,m5,Furnishings and durable household equipment,家具與耐久家用設備,-0.03030689349487104,official
1999-09,m6,Recreational goods and vehicles,休閒商品與交通工具,-0.2920453937833312,official
1999-09,m7,Other durable goods,其他耐久財,-0.02010440851590753,official
1999-09,m9,Food and beverages purchased for off-premises consumption,食物與飲料（居家消費）,0.1408173976669903,official
1999-09,m10,Clothing and footwear,服裝與鞋類,-0.060215008372380995,official
1999-09,m11,Gasoline and other energy goods,汽油與其他能源商品,0.4343689757552732,official
1999-09,m12,Other nondurable goods,其他非耐久財,0.3218748504931966,official
1999-09,m15,Housing and utilities,住宅與公用事業,0.4331376025440782,official
1999-09,m16,Health care,醫療服務,0.302043423811333,official
1999-09,m17,Transportation services,運輸服務,0.040441414439894754,official
1999-09,m18,Recreation services,休閒服務,0.11081387985985058,official
1999-09,m19,Food services and accommodations,餐飲與住宿,0.15101622412652851,official
1999-09,m20,Financial services and insurance,金融服務與保險,0.020300280017448318,official
1999-09,m21,Other services,其他服務,0.20121547272292345,official
1999-09,m22,Final consumption expenditures of nonprofit institutions serving households,服務家庭之非營利機構淨消費,0.0807864409641606,official
1999-09,residual,Residual,差額,0.02074957434534208,official
1999-10,m4,Motor vehicles and parts,汽車與零組件,0.04056175673588588,official
1999-10,m5,Furnishings and durable household equipment,家具與耐久家用設備,-0.05038484759136795,official
1999-10,m6,Recreational goods and vehicles,休閒商品與交通工具,-0.2917820086208107,official
1999-10,m7,Other durable goods,其他耐久財,-0.02006037375566882,official
1999-10,m9,Food and beverages purchased for off-premises consumption,食物與飲料（居家消費）,0.11076281538267133,official
1999-10,m10,Clothing and footwear,服裝與鞋類,-0.03993878381983347,official
1999-10,m11,Gasoline and other energy goods,汽油與其他能源商品,0.4236276202911981,official
1999-10,m12,Other nondurable goods,其他非耐久財,0.3211698468191455,official
1999-10,m15,Housing and utilities,住宅與公用事業,0.42277522710360416,official
1999-10,m16,Health care,醫療服務,0.31192437836092274,official
1999-10,m17,Transportation services,運輸服務,0.050707215365822844,official
1999-10,m18,Recreation services,休閒服務,0.12073740224365725,official
1999-10,m19,Food services and accommodations,餐飲與住宿,0.15087359420411947,official
1999-10,m20,Financial services and insurance,金融服務與保險,-0.02907024416270025,official
1999-10,m21,Other services,其他服務,0.19117293570897043,official
1999-10,m22,Final consumption expenditures of nonprofit institutions serving households,服務家庭之非營利機構淨消費,0.10094197099251646,official
1999-10,residual,Residual,差額,0.019658818078435836,official
1999-11,m4,Motor vehicles and parts,汽車與零組件,0.03056046949147783,official
1999-11,m5,Furnishings and durable household equipment,家具與耐久家用設備,-0.05056608541824614,official
1999-11,m6,Recreational goods and vehicles,休閒商品與交通工具,-0.271953921320866,official
1999-11,m7,Other durable goods,其他耐久財,-0.030242467638221998,official
1999-11,m9,Food and beverages purchased for off-premises consumption,食物與飲料（居家消費）,0.12112444893718587,official
1999-11,m10,Clothing and footwear,服裝與鞋類,-0.06011961924016511,official
1999-11,m11,Gasoline and other energy goods,汽油與其他能源商品,0.43324263611602504,official
1999-11,m12,Other nondurable goods,其他非耐久財,0.32078959930362505,official
1999-11,m15,Housing and utilities,住宅與公用事業,0.4336737988936624,official
1999-11,m16,Health care,醫療服務,0.3124613203043832,official
1999-11,m17,Transportation services,運輸服務,0.07088759722573218,official
1999-11,m18,Recreation services,休閒服務,0.12091567685957376,official
1999-11,m19,Food services and accommodations,餐飲與住宿,0.14105102069469014,official
1999-11,m20,Financial services and insurance,金融服務與保險,0.02111223429646477,official
1999-11,m21,Other services,其他服務,0.20171454244236656,official
1999-11,m22,Final consumption expenditures of nonprofit institutions serving households,服務家庭之非營利機構淨消費,0.09075478055766154,official
1999-11,residual,Residual,差額,0.03524092325835593,official
1999-12,m4,Motor vehicles and parts,汽車與零組件,0.030337737383937833,official
1999-12,m5,Furnishings and durable household equipment,家具與耐久家用設備,-0.060696793738954806,official
1999-12,m6,Recreational goods and vehicles,休閒商品與交通工具,-0.26207312968105695,official
1999-12,m7,Other durable goods,其他耐久財,-0.02022202586327807,official
1999-12,m9,Food and beverages purchased for off-premises consumption,食物與飲料（居家消費）,0.13118390417683523,official
1999-12,m10,Clothing and footwear,服裝與鞋類,-0.01990743078347218,official
1999-12,m11,Gasoline and other energy goods,汽油與其他能源商品,0.6049359028303739,official
1999-12,m12,Other nondurable goods,其他非耐久財,0.1706171281101854,official
1999-12,m15,Housing and utilities,住宅與公用事業,0.423629695082611,official
1999-12,m16,Health care,醫療服務,0.32290316698925636,official
1999-12,m17,Transportation services,運輸服務,0.0806140424696345,official
1999-12,m18,Recreation services,休閒服務,0.13116721366658252,official
1999-12,m19,Food services and accommodations,餐飲與住宿,0.14129232236528375,official
1999-12,m20,Financial services and insurance,金融服務與保險,0.041454458750596085,official
1999-12,m21,Other services,其他服務,0.20189458329826923,official
1999-12,m22,Final consumption expenditures of nonprofit institutions serving households,服務家庭之非營利機構淨消費,0.10084490448539932,official
1999-12,residual,Residual,差額,0.036780414597894495,official
2000-01,m4,Motor vehicles and parts,汽車與零組件,0.020104064539622955,official
2000-01,m5,Furnishings and durable household equipment,家具與耐久家用設備,-0.060406594022241515,official
2000-01,m6,Recreational goods and vehicles,休閒商品與交通工具,-0.2519252640129976,official
2000-01,m7,Other durable goods,其他耐久財,-0.01020770889940895,official
2000-01,m9,Food and beverages purchased for off-premises consumption,食物與飲料（居家消費）,0.11123336788145327,official
2000-01,m10,Clothing and footwear,服裝與鞋類,-0.020289924087509455,official
2000-01,m11,Gasoline and other energy goods,汽油與其他能源商品,0.6750165270735875,official
2000-01,m12,Other nondurable goods,其他非耐久財,0.09069539763018572,official
2000-01,m15,Housing and utilities,住宅與公用事業,0.4746078321521611,official
2000-01,m16,Health care,醫療服務,0.3434488361018516,official
2000-01,m17,Transportation services,運輸服務,0.09069231631138128,official
2000-01,m18,Recreation services,休閒服務,0.13118868875878878,official
2000-01,m19,Food services and accommodations,餐飲與住宿,0.1614767920670047,official
2000-01,m20,Financial services and insurance,金融服務與保險,0.11211910697778649,official
2000-01,m21,Other services,其他服務,0.2122133673212135,official
2000-01,m22,Final consumption expenditures of nonprofit institutions serving households,服務家庭之非營利機構淨消費,0.08032129751533656,official
2000-01,residual,Residual,差額,0.028848847306651493,official
2000-02,m4,Motor vehicles and parts,汽車與零組件,0.01967726113400039,official
2000-02,m5,Furnishings and durable household equipment,家具與耐久家用設備,-0.040429244093164035,official
2000-02,m6,Recreational goods and vehicles,休閒商品與交通工具,-0.2627291964460887,official
2000-02,m7,Other durable goods,其他耐久財,-0.020219036407971073,official
2000-02,m9,Food and beverages purchased for off-premises consumption,食物與飲料（居家消費）,0.13174500406401524,official
2000-02,m10,Clothing and footwear,服裝與鞋類,-0.0005091230135373746,official
2000-02,m11,Gasoline and other energy goods,汽油與其他能源商品,0.8585623195717368,official
2000-02,m12,Other nondurable goods,其他非耐久財,0.12120112671319261,official
2000-02,m15,Housing and utilities,住宅與公用事業,0.506204910451526,official
2000-02,m16,Health care,醫療服務,0.34429846688528265,official
2000-02,m17,Transportation services,運輸服務,0.10118683259059952,official
2000-02,m18,Recreation services,休閒服務,0.13148126348832645,official
2000-02,m19,Food services and accommodations,餐飲與住宿,0.17179195044704168,official
2000-02,m20,Financial services and insurance,金融服務與保險,0.18309734017209,official
2000-02,m21,Other services,其他服務,0.19232111325990076,official
2000-02,m22,Final consumption expenditures of nonprofit institutions serving households,服務家庭之非營利機構淨消費,0.09059096387230584,official
2000-02,residual,Residual,差額,0.04046596036883754,official
2000-03,m4,Motor vehicles and parts,汽車與零組件,0.05015305550887806,official
2000-03,m5,Furnishings and durable household equipment,家具與耐久家用設備,-0.019900436901361104,official
2000-03,m6,Recreational goods and vehicles,休閒商品與交通工具,-0.2428023301405926,official
2000-03,m7,Other durable goods,其他耐久財,-0.010211309023693495,official
2000-03,m9,Food and beverages purchased for off-premises consumption,食物與飲料（居家消費）,0.16213605556489105,official
2000-03,m10,Clothing and footwear,服裝與鞋類,0.009483700218450682,official
2000-03,m11,Gasoline and other energy goods,汽油與其他能源商品,1.0336881756567524,official
2000-03,m12,Other nondurable goods,其他非耐久財,0.20207570156276256,official
2000-03,m15,Housing and utilities,住宅與公用事業,0.5168412871786254,official
2000-03,m16,Health care,醫療服務,0.3343023581470901,official
2000-03,m17,Transportation services,運輸服務,0.08163880020164678,official
2000-03,m18,Recreation services,休閒服務,0.1518800761776732,official
2000-03,m19,Food services and accommodations,餐飲與住宿,0.17217540469388898,official
2000-03,m20,Financial services and insurance,金融服務與保險,0.17245308911667506,official
2000-03,m21,Other services,其他服務,0.1719341287178625,official
2000-03,m22,Final consumption expenditures of nonprofit institutions serving households,服務家庭之非營利機構淨消費,0.11127737635131349,official
2000-03,residual,Residual,差額,0.0337548311208038,official
2000-04,m4,Motor vehicles and parts,汽車與零組件,0.050203603829591534,official
2000-04,m5,Furnishings and durable household equipment,家具與耐久家用設備,-0.04000027871845255,official
2000-04,m6,Recreational goods and vehicles,休閒商品與交通工具,-0.25217024123082066,official
2000-04,m7,Other durable goods,其他耐久財,-0.020114135206321333,official
2000-04,m9,Food and beverages purchased for off-premises consumption,食物與飲料（居家消費）,0.15169628050225065,official
2000-04,m10,Clothing and footwear,服裝與鞋類,-0.05085678052315454,official
2000-04,m11,Gasoline and other energy goods,汽油與其他能源商品,0.6362182086765055,official
2000-04,m12,Other nondurable goods,其他非耐久財,0.22334141616845743,official
2000-04,m15,Housing and utilities,住宅與公用事業,0.5254750059227671,official
2000-04,m16,Health care,醫療服務,0.34323034686511417,official
2000-04,m17,Transportation services,運輸服務,0.12134565268893627,official
2000-04,m18,Recreation services,休閒服務,0.1312460108421478,official
2000-04,m19,Food services and accommodations,餐飲與住宿,0.16168736151176888,official
2000-04,m20,Financial services and insurance,金融服務與保險,0.06947963264907954,official
2000-04,m21,Other services,其他服務,0.17139916663182683,official
2000-04,m22,Final consumption expenditures of nonprofit institutions serving households,服務家庭之非營利機構淨消費,0.11132572431957857,official
2000-04,residual,Residual,差額,0.01748317237341457,official
2000-05,m4,Motor vehicles and parts,汽車與零組件,0.07062754164113419,official
2000-05,m5,Furnishings and durable household equipment,家具與耐久家用設備,-0.02022213247172859,official
2000-05,m6,Recreational goods and vehicles,休閒商品與交通工具,-0.21132652777004066,official
2000-05,m7,Other durable goods,其他耐久財,-0.050786167901509666,official
2000-05,m9,Food and beverages purchased for off-premises consumption,食物與飲料（居家消費）,0.18251712996490446,official
2000-05,m10,Clothing and footwear,服裝與鞋類,-0.050823491727480366,official
2000-05,m11,Gasoline and other energy goods,汽油與其他能源商品,0.614640131468999,official
2000-05,m12,Other nondurable goods,其他非耐久財,0.2025034817001838,official
2000-05,m15,Housing and utilities,住宅與公用事業,0.5360642861121943,official
2000-05,m16,Health care,醫療服務,0.3437105175199153,official
2000-05,m17,Transportation services,運輸服務,0.10151426104395299,official
2000-05,m18,Recreation services,休閒服務,0.1313950476296585,official
2000-05,m19,Food services and accommodations,餐飲與住宿,0.16181647261990975,official
2000-05,m20,Financial services and insurance,金融服務與保險,0.04897735502200434,official
2000-05,m21,Other services,其他服務,0.1817503203164169,official
2000-05,m22,Final consumption expenditures of nonprofit institutions serving households,服務家庭之非營利機構淨消費,0.12148125452621024,official
2000-05,residual,Residual,差額,0.005109325385770802,official
2000-06,m4,Motor vehicles and parts,汽車與零組件,0.06060897168156378,official
2000-06,m5,Furnishings and durable household equipment,家具與耐久家用設備,-0.03044969788099017,official
2000-06,m6,Recreational goods and vehicles,休閒商品與交通工具,-0.19174156990504831,official
2000-06,m7,Other durable goods,其他耐久財,-0.06124119399660291,official
2000-06,m9,Food and beverages purchased for off-premises consumption,食物與飲料（居家消費）,0.18246122573998275,official
2000-06,m10,Clothing and footwear,服裝與鞋類,-0.0710386211121321,official
2000-06,m11,Gasoline and other energy goods,汽油與其他能源商品,0.8598252721855597,official
2000-06,m12,Other nondurable goods,其他非耐久財,0.17221382229276308,official
2000-06,m15,Housing and utilities,住宅與公用事業,0.5980131150279844,official
2000-06,m16,Health care,醫療服務,0.3338451257204912,official
2000-06,m17,Transportation services,運輸服務,0.11171692701807145,official
2000-06,m18,Recreation services,休閒服務,0.14182538356583968,official
2000-06,m19,Food services and accommodations,餐飲與住宿,0.18223442764458553,official
2000-06,m20,Financial services and insurance,金融服務與保險,0.06871940522930417,official
2000-06,m21,Other services,其他服務,0.16146395455684573,official
2000-06,m22,Final consumption expenditures of nonprofit institutions serving households,服務家庭之非營利機構淨消費,0.14214838637819174,official
2000-06,residual,Residual,差額,0.023659816779459053,official
2000-07,m4,Motor vehicles and parts,汽車與零組件,0.02001888443006513,official
2000-07,m5,Furnishings and durable household equipment,家具與耐久家用設備,-0.020127747615146418,official
2000-07,m6,Recreational goods and vehicles,休閒商品與交通工具,-0.20200966438479803,official
2000-07,m7,Other durable goods,其他耐久財,-0.0508375800158296,official
2000-07,m9,Food and beverages purchased for off-premises consumption,食物與飲料（居家消費）,0.21296860463501677,official
2000-07,m10,Clothing and footwear,服裝與鞋類,-0.07111793048863463,official
2000-07,m11,Gasoline and other energy goods,汽油與其他能源商品,0.7473011927739285,official
2000-07,m12,Other nondurable goods,其他非耐久財,0.19304261493813962,official
2000-07,m15,Housing and utilities,住宅與公用事業,0.6282215310273963,official
2000-07,m16,Health care,醫療服務,0.4054512129080634,official
2000-07,m17,Transportation services,運輸服務,0.1011794437424497,official
2000-07,m18,Recreation services,休閒服務,0.1519581487704292,official
2000-07,m19,Food services and accommodations,餐飲與住宿,0.18228654345501757,official
2000-07,m20,Financial services and insurance,金融服務與保險,0.05909910160101088,official
2000-07,m21,Other services,其他服務,0.1715446352944444,official
2000-07,m22,Final consumption expenditures of nonprofit institutions serving households,服務家庭之非營利機構淨消費,0.10107432967216073,official
2000-07,residual,Residual,差額,0.03876098698917829,official
2000-08,m4,Motor vehicles and parts,汽車與零組件,-0.010229389588068969,official
2000-08,m5,Furnishings and durable household equipment,家具與耐久家用設備,-0.030605837999667346,official
2000-08,m6,Recreational goods and vehicles,休閒商品與交通工具,-0.19219382380661973,official
2000-08,m7,Other durable goods,其他耐久財,-0.050745273604257915,official
2000-08,m9,Food and beverages purchased for off-premises consumption,食物與飲料（居家消費）,0.23334479126240507,official
2000-08,m10,Clothing and footwear,服裝與鞋類,-0.051025115041304,official
2000-08,m11,Gasoline and other energy goods,汽油與其他能源商品,0.4826868381659922,official
2000-08,m12,Other nondurable goods,其他非耐久財,0.19242570826634142,official
2000-08,m15,Housing and utilities,住宅與公用事業,0.6281464489660143,official
2000-08,m16,Health care,醫療服務,0.41549606364694797,official
2000-08,m17,Transportation services,運輸服務,0.1522369296446194,official
2000-08,m18,Recreation services,休閒服務,0.15194863336475026,official
2000-08,m19,Food services and accommodations,餐飲與住宿,0.18222196041470312,official
2000-08,m20,Financial services and insurance,金融服務與保險,0.06924003437378723,official
2000-08,m21,Other services,其他服務,0.1615177135887343,official
2000-08,m22,Final consumption expenditures of nonprofit institutions serving households,服務家庭之非營利機構淨消費,0.1011572046349171,official
2000-08,residual,Residual,差額,0.03984420912567943,official
2000-09,m4,Motor vehicles and parts,汽車與零組件,-0.00994613780435593,official
2000-09,m5,Furnishings and durable household equipment,家具與耐久家用設備,-0.02003880840250252,official
2000-09,m6,Recreational goods and vehicles,休閒商品與交通工具,-0.17182454735039432,official
2000-09,m7,Other durable goods,其他耐久財,-0.040352866435565626,official
2000-09,m9,Food and beverages purchased for off-premises consumption,食物與飲料（居家消費）,0.21258165646967836,official
2000-09,m10,Clothing and footwear,服裝與鞋類,-0.04038504564475811,official
2000-09,m11,Gasoline and other energy goods,汽油與其他能源商品,0.5850424682696425,official
2000-09,m12,Other nondurable goods,其他非耐久財,0.15237380363776984,official
2000-09,m15,Housing and utilities,住宅與公用事業,0.6580122087643461,official
2000-09,m16,Health care,醫療服務,0.41474981700664304,official
2000-09,m17,Transportation services,運輸服務,0.15193903904318645,official
2000-09,m18,Recreation services,休閒服務,0.16186266521192705,official
2000-09,m19,Food services and accommodations,餐飲與住宿,0.17185258331376801,official
2000-09,m20,Financial services and insurance,金融服務與保險,0.0597681163423426,official
2000-09,m21,Other services,其他服務,0.12058972198820557,official
2000-09,m22,Final consumption expenditures of nonprofit institutions serving households,服務家庭之非營利機構淨消費,0.1012886875578328,official
2000-09,residual,Residual,差額,0.040582816578511594,official
2000-10,m4,Motor vehicles and parts,汽車與零組件,-0.009929407547325898,official
2000-10,m5,Furnishings and durable household equipment,家具與耐久家用設備,-0.020259482413930975,official
2000-10,m6,Recreational goods and vehicles,休閒商品與交通工具,-0.17204428573398228,official
2000-10,m7,Other durable goods,其他耐久財,-0.030047429304140415,official
2000-10,m9,Food and beverages purchased for off-premises consumption,食物與飲料（居家消費）,0.2022408967447504,official
2000-10,m10,Clothing and footwear,服裝與鞋類,-0.06053785382398766,official
2000-10,m11,Gasoline and other energy goods,汽油與其他能源商品,0.5536000772104952,official
2000-10,m12,Other nondurable goods,其他非耐久財,0.12140481738339148,official
2000-10,m15,Housing and utilities,住宅與公用事業,0.708856319541149,official
2000-10,m16,Health care,醫療服務,0.4148153152532091,official
2000-10,m17,Transportation services,運輸服務,0.17266734685436172,official
2000-10,m18,Recreation services,休閒服務,0.151607219181293,official
2000-10,m19,Food services and accommodations,餐飲與住宿,0.17181789353224228,official
2000-10,m20,Financial services and insurance,金融服務與保險,0.039955603965310435,official
2000-10,m21,Other services,其他服務,0.1413707620400116,official
2000-10,m22,Final consumption expenditures of nonprofit institutions serving households,服務家庭之非營利機構淨消費,0.08115195301189868,official
2000-10,residual,Residual,差額,0.048186380620173885,official
2000-11,m4,Motor vehicles and parts,汽車與零組件,0.01056409620629804,official
2000-11,m5,Furnishings and durable household equipment,家具與耐久家用設備,-0.020492602694437555,official
2000-11,m6,Recreational goods and vehicles,休閒商品與交通工具,-0.1823838058241728,official
2000-11,m7,Other durable goods,其他耐久財,-0.009787172493594514,official
2000-11,m9,Food and beverages purchased for off-premises consumption,食物與飲料（居家消費）,0.19232002644846682,official
2000-11,m10,Clothing and footwear,服裝與鞋類,-0.05049260269443756,official
2000-11,m11,Gasoline and other energy goods,汽油與其他能源商品,0.562844174449679,official
2000-11,m12,Other nondurable goods,其他非耐久財,0.1924897374438659,official
2000-11,m15,Housing and utilities,住宅與公用事業,0.6992356117585475,official
2000-11,m16,Health care,醫療服務,0.4151976747389592,official
2000-11,m17,Transportation services,運輸服務,0.14203708295451417,official
2000-11,m18,Recreation services,休閒服務,0.15172273190621816,official
2000-11,m19,Food services and accommodations,餐飲與住宿,0.17191530980521808,official
2000-11,m20,Financial services and insurance,金融服務與保險,0.01968647546629199,official
2000-11,m21,Other services,其他服務,0.13175565473730613,official
2000-11,m22,Final consumption expenditures of nonprofit institutions serving households,服務家庭之非營利機構淨消費,0.1115549494448577,official
2000-11,residual,Residual,差額,0.028160454032016613,official
2000-12,m4,Motor vehicles and parts,汽車與零組件,0.04098195511454997,official
2000-12,m5,Furnishings and durable household equipment,家具與耐久家用設備,-0.02070104311257094,official
2000-12,m6,Recreational goods and vehicles,休閒商品與交通工具,-0.18247227299589075,official
2000-12,m7,Other durable goods,其他耐久財,-0.01999725135027418,official
2000-12,m9,Food and beverages purchased for off-premises consumption,食物與飲料（居家消費）,0.22282781083792585,official
2000-12,m10,Clothing and footwear,服裝與鞋類,-0.07058491266165495,official
2000-12,m11,Gasoline and other energy goods,汽油與其他能源商品,0.42134999931283756,official
2000-12,m12,Other nondurable goods,其他非耐久財,0.17157703778019048,official
2000-12,m15,Housing and utilities,住宅與公用事業,0.7799861193188845,official
2000-12,m16,Health care,醫療服務,0.40502466913128926,official
2000-12,m17,Transportation services,運輸服務,0.14145114962274782,official
2000-12,m18,Recreation services,休閒服務,0.1416496021329522,official
2000-12,m19,Food services and accommodations,餐飲與住宿,0.15156246993664363,official
2000-12,m20,Financial services and insurance,金融服務與保險,-0.0003127963387985558,official
2000-12,m21,Other services,其他服務,0.15242733257287355,official
2000-12,m22,Final consumption expenditures of nonprofit institutions serving households,服務家庭之非營利機構淨消費,0.11155188763519919,official
2000-12,residual,Residual,差額,0.03845759520633596,official
2001-01,m4,Motor vehicles and parts,汽車與零組件,0.05084360137607763,official
2001-01,m5,Furnishings and durable household equipment,家具與耐久家用設備,-0.030617727278957244,official
2001-01,m6,Recreational goods and vehicles,休閒商品與交通工具,-0.20266621893888515,official
2001-01,m7,Other durable goods,其他耐久財,-0.009722317402447883,official
2001-01,m9,Food and beverages purchased for off-premises consumption,食物與飲料（居家消費）,0.222470909115829,official
2001-01,m10,Clothing and footwear,服裝與鞋類,-0.04022697057331999,official
2001-01,m11,Gasoline and other energy goods,汽油與其他能源商品,0.3703422376338044,official
2001-01,m12,Other nondurable goods,其他非耐久財,0.20202121681446253,official
2001-01,m15,Housing and utilities,住宅與公用事業,0.912720494510766,official
2001-01,m16,Health care,醫療服務,0.4153852057948767,official
2001-01,m17,Transportation services,運輸服務,0.1310944203067392,official
2001-01,m18,Recreation services,休閒服務,0.14151300009594167,official
2001-01,m19,Food services and accommodations,餐飲與住宿,0.1516467701922945,official
2001-01,m20,Financial services and insurance,金融服務與保險,0.031341264511177205,official
2001-01,m21,Other services,其他服務,0.15275708940392813,official
2001-01,m22,Final consumption expenditures of nonprofit institutions serving households,服務家庭之非營利機構淨消費,0.16185688244404545,official
2001-01,residual,Residual,差額,0.040683378791419145,official
2001-02,m4,Motor vehicles and parts,汽車與零組件,0.06038310721263543,official
2001-02,m5,Furnishings and durable household equipment,家具與耐久家用設備,-0.030521512207785106,official
2001-02,m6,Recreational goods and vehicles,休閒商品與交通工具,-0.2028372340861581,official
2001-02,m7,Other durable goods,其他耐久財,-0.019929636157451053,official
2001-02,m9,Food and beverages purchased for off-premises consumption,食物與飲料（居家消費）,0.25302400568375893,official
2001-02,m10,Clothing and footwear,服裝與鞋類,-0.01989411266412537,official
2001-02,m11,Gasoline and other energy goods,汽油與其他能源商品,0.18866691259854357,official
2001-02,m12,Other nondurable goods,其他非耐久財,0.2019249634517905,official
2001-02,m15,Housing and utilities,住宅與公用事業,0.9012302058996324,official
2001-02,m16,Health care,醫療服務,0.4353635009768961,official
2001-02,m17,Transportation services,運輸服務,0.1107453102157369,official
2001-02,m18,Recreation services,休閒服務,0.1413375961525324,official
2001-02,m19,Food services and accommodations,餐飲與住宿,0.151439521252613,official
2001-02,m20,Financial services and insurance,金融服務與保險,0.011844215818884849,official
2001-02,m21,Other services,其他服務,0.182990668251561,official
2001-02,m22,Final consumption expenditures of nonprofit institutions serving households,服務家庭之非營利機構淨消費,0.15137967782924128,official
2001-02,residual,Residual,差額,0.020050006148288002,official
2001-03,m4,Motor vehicles and parts,汽車與零組件,0.04021059791850894,official
2001-03,m5,Furnishings and durable household equipment,家具與耐久家用設備,-0.0707255288755867,official
2001-03,m6,Recreational goods and vehicles,休閒商品與交通工具,-0.22264322154955446,official
2001-03,m7,Other durable goods,其他耐久財,-0.009634582681450243,official
2001-03,m9,Food and beverages purchased for off-premises consumption,食物與飲料（居家消費）,0.24223848717774304,official
2001-03,m10,Clothing and footwear,服裝與鞋類,-0.030019046323379366,official
2001-03,m11,Gasoline and other energy goods,汽油與其他能源商品,-0.11262594381334606,official
2001-03,m12,Other nondurable goods,其他非耐久財,0.15102333174613972,official
2001-03,m15,Housing and utilities,住宅與公用事業,0.8983908577647779,official
2001-03,m16,Health care,醫療服務,0.45417617849125913,official
2001-03,m17,Transportation services,運輸服務,0.09035766274403101,official
2001-03,m18,Recreation services,休閒服務,0.12081926399564656,official
2001-03,m19,Food services and accommodations,餐飲與住宿,0.15129787089313654,official
2001-03,m20,Financial services and insurance,金融服務與保險,0.03170818311679479,official
2001-03,m21,Other services,其他服務,0.22279600027209034,official
2001-03,m22,Final consumption expenditures of nonprofit institutions serving households,服務家庭之非營利機構淨消費,0.12086116590708115,official
2001-03,residual,Residual,差額,0.030468811645490312,official
2001-04,m4,Motor vehicles and parts,汽車與零組件,0.030235689777245243,official
2001-04,m5,Furnishings and durable household equipment,家具與耐久家用設備,-0.06077596536136376,official
2001-04,m6,Recreational goods and vehicles,休閒商品與交通工具,-0.2130308806709874,official
2001-04,m7,Other durable goods,其他耐久財,-0.01986193562442133,official
2001-04,m9,Food and beverages purchased for off-premises consumption,食物與飲料（居家消費）,0.24265072708458144,official
2001-04,m10,Clothing and footwear,服裝與鞋類,-0.050904770981972665,official
2001-04,m11,Gasoline and other energy goods,汽油與其他能源商品,0.07828250095310711,official
2001-04,m12,Other nondurable goods,其他非耐久財,0.13239842601165513,official
2001-04,m15,Housing and utilities,住宅與公用事業,0.8999812101737378,official
2001-04,m16,Health care,醫療服務,0.4856335439246228,official
2001-04,m17,Transportation services,運輸服務,0.08042440498883502,official
2001-04,m18,Recreation services,休閒服務,0.14135831381733022,official
2001-04,m19,Food services and accommodations,餐飲與住宿,0.15163457872664887,official
2001-04,m20,Financial services and insurance,金融服務與保險,0.11158991884973585,official
2001-04,m21,Other services,其他服務,0.2231920919339905,official
2001-04,m22,Final consumption expenditures of nonprofit institutions serving households,服務家庭之非營利機構淨消費,0.1009449376395621,official
2001-04,residual,Residual,差額,0.039483960568585275,official
2001-05,m4,Motor vehicles and parts,汽車與零組件,0.010227195428882386,official
2001-05,m5,Furnishings and durable household equipment,家具與耐久家用設備,-0.0711914835725461,official
2001-05,m6,Recreational goods and vehicles,休閒商品與交通工具,-0.26328685123460993,official
2001-05,m7,Other durable goods,其他耐久財,-9.917692673967748e-05,official
2001-05,m9,Food and beverages purchased for off-premises consumption,食物與飲料（居家消費）,0.2127113801782192,official
2001-05,m10,Clothing and footwear,服裝與鞋類,-0.08154901027141012,official
2001-05,m11,Gasoline and other energy goods,汽油與其他能源商品,0.3429814298347051,official
2001-05,m12,Other nondurable goods,其他非耐久財,0.13157717162097818,official
2001-05,m15,Housing and utilities,住宅與公用事業,0.9410981565879872,official
2001-05,m16,Health care,醫療服務,0.47571308074280666,official
2001-05,m17,Transportation services,運輸服務,0.04990830555744506,official
2001-05,m18,Recreation services,休閒服務,0.1414781307394055,official
2001-05,m19,Food services and accommodations,餐飲與住宿,0.16197469559893887,official
2001-05,m20,Financial services and insurance,金融服務與保險,0.1314807155975784,official
2001-05,m21,Other services,其他服務,0.2234811237330794,official
2001-05,m22,Final consumption expenditures of nonprofit institutions serving households,服務家庭之非營利機構淨消費,0.11132712060404054,official
2001-05,residual,Residual,差額,0.03981715529556773,official
2001-06,m4,Motor vehicles and parts,汽車與零組件,0.01019266751633809,official
2001-06,m5,Furnishings and durable household equipment,家具與耐久家用設備,-0.060984895734468636,official
2001-06,m6,Recreational goods and vehicles,休閒商品與交通工具,-0.26290777449358677,official
2001-06,m7,Other durable goods,其他耐久財,0.04027591723838707,official
2001-06,m9,Food and beverages purchased for off-premises consumption,食物與飲料（居家消費）,0.24265666946877457,official
2001-06,m10,Clothing and footwear,服裝與鞋類,-0.07130745451094178,official
2001-06,m11,Gasoline and other energy goods,汽油與其他能源商品,0.061494291835019046,official
2001-06,m12,Other nondurable goods,其他非耐久財,0.17176261626488054,official
2001-06,m15,Housing and utilities,住宅與公用事業,0.9197727580876969,official
2001-06,m16,Health care,醫療服務,0.5152464951053503,official
2001-06,m17,Transportation services,運輸服務,0.029552431054586867,official
2001-06,m18,Recreation services,休閒服務,0.12106800987065107,official
2001-06,m19,Food services and accommodations,餐飲與住宿,0.16193765761856982,official
2001-06,m20,Financial services and insurance,金融服務與保險,0.14100306424058356,official
2001-06,m21,Other services,其他服務,0.2633562925400656,official
2001-06,m22,Final consumption expenditures of nonprofit institutions serving households,服務家庭之非營利機構淨消費,0.09127369363017598,official
2001-06,residual,Residual,差額,0.017342245844281123,official
2001-07,m4,Motor vehicles and parts,汽車與零組件,0.05054423240779562,official
2001-07,m5,Furnishings and durable household equipment,家具與耐久家用設備,-0.07080728708800497,official
2001-07,m6,Recreational goods and vehicles,休閒商品與交通工具,-0.24253857909898702,official
2001-07,m7,Other durable goods,其他耐久財,0.030200165000879103,official
2001-07,m9,Food and beverages purchased for off-premises consumption,食物與飲料（居家消費）,0.22257671864645184,official
2001-07,m10,Clothing and footwear,服裝與鞋類,-0.07136761384384425,official
2001-07,m11,Gasoline and other energy goods,汽油與其他能源商品,-0.18426202680588055,official
2001-07,m12,Other nondurable goods,其他非耐久財,0.182739285086355,official
2001-07,m15,Housing and utilities,住宅與公用事業,0.8680736823597831,official
2001-07,m16,Health care,醫療服務,0.42442107683360614,official
2001-07,m17,Transportation services,運輸服務,0.02923991398314827,official
2001-07,m18,Recreation services,休閒服務,0.11102868580857195,official
2001-07,m19,Food services and accommodations,餐飲與住宿,0.15179607514302332,official
2001-07,m20,Financial services and insurance,金融服務與保險,0.14112741584278934,official
2001-07,m21,Other services,其他服務,0.3040287263825586,official
2001-07,m22,Final consumption expenditures of nonprofit institutions serving households,服務家庭之非營利機構淨消費,0.1209702592677748,official
2001-07,residual,Residual,差額,0.033961779304560125,official
2001-08,m4,Motor vehicles and parts,汽車與零組件,0.050337463142803046,official
2001-08,m5,Furnishings and durable household equipment,家具與耐久家用設備,-0.0610215868206779,official
2001-08,m6,Recreational goods and vehicles,休閒商品與交通工具,-0.2531862201422891,official
2001-08,m7,Other durable goods,其他耐久財,0.019991343630805854,official
2001-08,m9,Food and beverages purchased for off-premises consumption,食物與飲料（居家消費）,0.21301146968918228,official
2001-08,m10,Clothing and footwear,服裝與鞋類,-0.1020050315145941,official
2001-08,m11,Gasoline and other energy goods,汽油與其他能源商品,-0.09531933886980284,official
2001-08,m12,Other nondurable goods,其他非耐久財,0.16211972840641656,official
2001-08,m15,Housing and utilities,住宅與公用事業,0.8689731382043444,official
2001-08,m16,Health care,醫療服務,0.43529120566992185,official
2001-08,m17,Transportation services,運輸服務,-0.010550626234208896,official
2001-08,m18,Recreation services,休閒服務,0.11124638190818839,official
2001-08,m19,Food services and accommodations,餐飲與住宿,0.16222739199826874,official
2001-08,m20,Financial services and insurance,金融服務與保險,0.13113628371250033,official
2001-08,m21,Other services,其他服務,0.32468120215327184,official
2001-08,m22,Final consumption expenditures of nonprofit institutions serving households,服務家庭之非營利機構淨消費,0.10076690020829389,official
2001-08,residual,Residual,差額,0.03876470906483087,official
2001-09,m4,Motor vehicles and parts,汽車與零組件,-0.04116266228519098,official
2001-09,m5,Furnishings and durable household equipment,家具與耐久家用設備,-0.07050867316705274,official
2001-09,m6,Recreational goods and vehicles,休閒商品與交通工具,-0.2726424877444379,official
2001-09,m7,Other durable goods,其他耐久財,-0.010383289339007704,official
2001-09,m9,Food and beverages purchased for off-premises consumption,食物與飲料（居家消費）,0.2120992027150784,official
2001-09,m10,Clothing and footwear,服裝與鞋類,-0.1316484404460486,official
2001-09,m11,Gasoline and other energy goods,汽油與其他能源商品,-0.0708217960458978,official
2001-09,m12,Other nondurable goods,其他非耐久財,0.2025065991488445,official
2001-09,m15,Housing and utilities,住宅與公用事業,0.7959688627915746,official
2001-09,m16,Health care,醫療服務,0.44421914561223946,official
2001-09,m17,Transportation services,運輸服務,-0.06112629962829284,official
2001-09,m18,Recreation services,休閒服務,0.11118744276248452,official
2001-09,m19,Food services and accommodations,餐飲與住宿,0.14140952432257717,official
2001-09,m20,Financial services and insurance,金融服務與保險,-0.427924769703173,official
2001-09,m21,Other services,其他服務,0.3635368744276249,official
2001-09,m22,Final consumption expenditures of nonprofit institutions serving households,服務家庭之非營利機構淨消費,0.07025507730431504,official
2001-09,residual,Residual,差額,0.05813163281799261,official
2001-10,m4,Motor vehicles and parts,汽車與零組件,0.019598536710018433,official
2001-10,m5,Furnishings and durable household equipment,家具與耐久家用設備,-0.07054402646833349,official
2001-10,m6,Recreational goods and vehicles,休閒商品與交通工具,-0.2624168493537584,official
2001-10,m7,Other durable goods,其他耐久財,-0.00012050623377670745,official
2001-10,m9,Food and beverages purchased for off-premises consumption,食物與飲料（居家消費）,0.24216373246540157,official
2001-10,m10,Clothing and footwear,服裝與鞋類,-0.13160074240447595,official
2001-10,m11,Gasoline and other energy goods,汽油與其他能源商品,-0.3138089922397214,official
2001-10,m12,Other nondurable goods,其他非耐久財,0.20183812354578834,official
2001-10,m15,Housing and utilities,住宅與公用事業,0.735231396177693,official
2001-10,m16,Health care,醫療服務,0.4338915712883139,official
2001-10,m17,Transportation services,運輸服務,-0.09087138380428497,official
2001-10,m18,Recreation services,休閒服務,0.11103640740790555,official
2001-10,m19,Food services and accommodations,餐飲與住宿,0.14134856697107046,official
2001-10,m20,Financial services and insurance,金融服務與保險,0.03819482737751,official
2001-10,m21,Other services,其他服務,0.36356757629147446,official
2001-10,m22,Final consumption expenditures of nonprofit institutions serving households,服務家庭之非營利機構淨消費,0.060042096485683163,official
2001-10,residual,Residual,差額,0.05433136524419413,official
2001-11,m4,Motor vehicles and parts,汽車與零組件,0.019877110278415742,official
2001-11,m5,Furnishings and durable household equipment,家具與耐久家用設備,-0.07059846622883006,official
2001-11,m6,Recreational goods and vehicles,休閒商品與交通工具,-0.26235625931745843,official
2001-11,m7,Other durable goods,其他耐久財,-0.030384382932430794,official
2001-11,m9,Food and beverages purchased for off-premises consumption,食物與飲料（居家消費）,0.23183945095827124,official
2001-11,m10,Clothing and footwear,服裝與鞋類,-0.14155593161153418,official
2001-11,m11,Gasoline and other energy goods,汽油與其他能源商品,-0.5467207918664465,official
2001-11,m12,Other nondurable goods,其他非耐久財,0.20232107122231627,official
2001-11,m15,Housing and utilities,住宅與公用事業,0.7550943497589213,official
2001-11,m16,Health care,醫療服務,0.43374444310138743,official
2001-11,m17,Transportation services,運輸服務,-0.050494379306176715,official
2001-11,m18,Recreation services,休閒服務,0.11103428824690761,official
2001-11,m19,Food services and accommodations,餐飲與住宿,0.15144311481794864,official
2001-11,m20,Financial services and insurance,金融服務與保險,0.04812750983789296,official
2001-11,m21,Other services,其他服務,0.3633657010086359,official
2001-11,m22,Final consumption expenditures of nonprofit institutions serving households,服務家庭之非營利機構淨消費,0.03998616651221511,official
2001-11,residual,Residual,差額,0.06684515895081655,official
2001-12,m4,Motor vehicles and parts,汽車與零組件,0.009993965482560265,official
2001-12,m5,Furnishings and durable household equipment,家具與耐久家用設備,-0.07062249399900766,official
2001-12,m6,Recreational goods and vehicles,休閒商品與交通工具,-0.2622190932131794,official
2001-12,m7,Other durable goods,其他耐久財,-0.020353220420807012,official
2001-12,m9,Food and beverages purchased for off-premises consumption,食物與飲料（居家消費）,0.1814295101312843,official
2001-12,m10,Clothing and footwear,服裝與鞋類,-0.15158815088975608,official
2001-12,m11,Gasoline and other energy goods,汽油與其他能源商品,-0.6270822437676845,official
2001-12,m12,Other nondurable goods,其他非耐久財,0.18151452977699106,official
2001-12,m15,Housing and utilities,住宅與公用事業,0.7046762146142602,official
2001-12,m16,Health care,醫療服務,0.43347722304917463,official
2001-12,m17,Transportation services,運輸服務,-0.05054914108701773,official
2001-12,m18,Recreation services,休閒服務,0.10087983264271634,official
2001-12,m19,Food services and accommodations,餐飲與住宿,0.16132826433868394,official
2001-12,m20,Financial services and insurance,金融服務與保險,0.037937267838704034,official
2001-12,m21,Other services,其他服務,0.3431046921725604,official
2001-12,m22,Final consumption expenditures of nonprofit institutions serving households,服務家庭之非營利機構淨消費,0.0299403253275402,official
2001-12,residual,Residual,差額,0.06020758739992749,official
2002-01,m4,Motor vehicles and parts,汽車與零組件,-0.00011170127582340802,official
2002-01,m5,Furnishings and durable household equipment,家具與耐久家用設備,-0.08033977472908771,official
2002-01,m6,Recreational goods and vehicles,休閒商品與交通工具,-0.2612728874179256,official
2002-01,m7,Other durable goods,其他耐久財,-0.020149468851758924,official
2002-01,m9,Food and beverages purchased for off-premises consumption,食物與飲料（居家消費）,0.20077617039449103,official
2002-01,m10,Clothing and footwear,服裝與鞋類,-0.17086718624886563,official
2002-01,m11,Gasoline and other energy goods,汽油與其他能源商品,-0.6039461111407676,official
2002-01,m12,Other nondurable goods,其他非耐久財,0.15089027384828912,official
2002-01,m15,Housing and utilities,住宅與公用事業,0.5325230875994235,official
2002-01,m16,Health care,醫療服務,0.3616204024982651,official
2002-01,m17,Transportation services,運輸服務,-0.060363129237175045,official
2002-01,m18,Recreation services,休閒服務,0.10049951956440506,official
2002-01,m19,Food services and accommodations,餐飲與住宿,0.15070490578124165,official
2002-01,m20,Financial services and insurance,金融服務與保險,-0.031908263492233,official
2002-01,m21,Other services,其他服務,0.3417688037153686,official
2002-01,m22,Final consumption expenditures of nonprofit institutions serving households,服務家庭之非營利機構淨消費,0.009998131639353015,official
2002-01,residual,Residual,差額,0.04611434367159306,official
2002-02,m4,Motor vehicles and parts,汽車與零組件,-0.020280087410723787,official
2002-02,m5,Furnishings and durable household equipment,家具與耐久家用設備,-0.09026662935721139,official
2002-02,m6,Recreational goods and vehicles,休閒商品與交通工具,-0.25101748214476066,official
2002-02,m7,Other durable goods,其他耐久財,-0.030235849056603772,official
2002-02,m9,Food and beverages purchased for off-premises consumption,食物與飲料（居家消費）,0.17064518708026863,official
2002-02,m10,Clothing and footwear,服裝與鞋類,-0.1604855559108837,official
2002-02,m11,Gasoline and other energy goods,汽油與其他能源商品,-0.5831765003730945,official
2002-02,m12,Other nondurable goods,其他非耐久財,0.17089209572540243,official
2002-02,m15,Housing and utilities,住宅與公用事業,0.5219813985715809,official
2002-02,m16,Health care,醫療服務,0.3312408058842341,official
2002-02,m17,Transportation services,運輸服務,-0.05021879330561774,official
2002-02,m18,Recreation services,休閒服務,0.10041067050421064,official
2002-02,m19,Food services and accommodations,餐飲與住宿,0.16058948939345485,official
2002-02,m20,Financial services and insurance,金融服務與保險,-0.01162389404114698,official
2002-02,m21,Other services,其他服務,0.3313889777209253,official
2002-02,m22,Final consumption expenditures of nonprofit institutions serving households,服務家庭之非營利機構淨消費,0.03008474576271187,official
2002-02,residual,Residual,差額,0.059636499307106905,official
2002-03,m4,Motor vehicles and parts,汽車與零組件,-0.020278195989607603,official
2002-03,m5,Furnishings and durable household equipment,家具與耐久家用設備,-0.07026007594430751,official
2002-03,m6,Recreational goods and vehicles,休閒商品與交通工具,-0.25119792152421555,official
2002-03,m7,Other durable goods,其他耐久財,-0.020098061421624132,official
2002-03,m9,Food and beverages purchased for off-premises consumption,食物與飲料（居家消費）,0.17069722203717275,official
2002-03,m10,Clothing and footwear,服裝與鞋類,-0.14040450336419957,official
2002-03,m11,Gasoline and other energy goods,汽油與其他能源商品,-0.3621233761907934,official
2002-03,m12,Other nondurable goods,其他非耐久財,0.14060715475318097,official
2002-03,m15,Housing and utilities,住宅與公用事業,0.5423385517287322,official
2002-03,m16,Health care,醫療服務,0.3314137632402904,official
2002-03,m17,Transportation services,運輸服務,-0.040147092132436196,official
2002-03,m18,Recreation services,休閒服務,0.12053534075011657,official
2002-03,m19,Food services and accommodations,餐飲與住宿,0.14057637732329625,official
2002-03,m20,Financial services and insurance,金融服務與保險,0.008511225101592234,official
2002-03,m21,Other services,其他服務,0.3214949037372593,official
2002-03,m22,Final consumption expenditures of nonprofit institutions serving households,服務家庭之非營利機構淨消費,0.030081939910732127,official
2002-03,residual,Residual,差額,0.04156098860835267,official
2002-04,m4,Motor vehicles and parts,汽車與零組件,-0.020242595129477157,official
2002-04,m5,Furnishings and durable household equipment,家具與耐久家用設備,-0.07013672576376236,official
2002-04,m6,Recreational goods and vehicles,休閒商品與交通工具,-0.25085107797890593,official
2002-04,m7,Other durable goods,其他耐久財,-0.010080333036296157,official
2002-04,m9,Food and beverages purchased for off-premises consumption,食物與飲料（居家消費）,0.19064492531953664,official
2002-04,m10,Clothing and footwear,服裝與鞋類,-0.10022823094417918,official
2002-04,m11,Gasoline and other energy goods,汽油與其他能源商品,-0.25026826446061157,official
2002-04,m12,Other nondurable goods,其他非耐久財,0.17115511990104673,official
2002-04,m15,Housing and utilities,住宅與公用事業,0.5518396797318685,official
2002-04,m16,Health care,醫療服務,0.3212261428172424,official
2002-04,m17,Transportation services,運輸服務,-0.01992339101174405,official
2002-04,m18,Recreation services,休閒服務,0.12051205660553022,official
2002-04,m19,Food services and accommodations,餐飲與住宿,0.14042374346629072,official
2002-04,m20,Financial services and insurance,金融服務與保險,0.03863194435208214,official
2002-04,m21,Other services,其他服務,0.32102464521792334,official
2002-04,m22,Final consumption expenditures of nonprofit institutions serving households,服務家庭之非營利機構淨消費,0.030029127375743148,official
2002-04,residual,Residual,差額,0.023948554936359168,official
2002-05,m4,Motor vehicles and parts,汽車與零組件,-0.02018942760496118,official
2002-05,m5,Furnishings and durable household equipment,家具與耐久家用設備,-0.05000504079060821,official
2002-05,m6,Recreational goods and vehicles,休閒商品與交通工具,-0.23024474364926706,official
2002-05,m7,Other durable goods,其他耐久財,-0.010172315447370153,official
2002-05,m9,Food and beverages purchased for off-premises consumption,食物與飲料（居家消費）,0.12970949127810572,official
2002-05,m10,Clothing and footwear,服裝與鞋類,-0.09022816210121376,official
2002-05,m11,Gasoline and other energy goods,汽油與其他能源商品,-0.44896716853485436,official
2002-05,m12,Other nondurable goods,其他非耐久財,0.16025800888770975,official
2002-05,m15,Housing and utilities,住宅與公用事業,0.5008769649134444,official
2002-05,m16,Health care,醫療服務,0.3408037407972408,official
2002-05,m17,Transportation services,運輸服務,0.010168601180606225,official
2002-05,m18,Recreation services,休閒服務,0.11022179478676128,official
2002-05,m19,Food services and accommodations,餐飲與住宿,0.13019964183856203,official
2002-05,m20,Financial services and insurance,金融服務與保險,0.06880705710685152,official
2002-05,m21,Other services,其他服務,0.3406027724348345,official
2002-05,m22,Final consumption expenditures of nonprofit institutions serving households,服務家庭之非營利機構淨消費,0.01000278570007296,official
2002-05,residual,Residual,差額,0.03641626318231017,official
2002-06,m4,Motor vehicles and parts,汽車與零組件,-0.020153870600386647,official
2002-06,m5,Furnishings and durable household equipment,家具與耐久家用設備,-0.049916973436796526,official
2002-06,m6,Recreational goods and vehicles,休閒商品與交通工具,-0.24011758785984796,official
2002-06,m7,Other durable goods,其他耐久財,-0.030119176884981058,official
2002-06,m9,Food and beverages purchased for off-premises consumption,食物與飲料（居家消費）,0.08945284567917582,official
2002-06,m10,Clothing and footwear,服裝與鞋類,-0.11023133557562434,official
2002-06,m11,Gasoline and other energy goods,汽油與其他能源商品,-0.38818347943536646,official
2002-06,m12,Other nondurable goods,其他非耐久財,0.17035276357954393,official
2002-06,m15,Housing and utilities,住宅與公用事業,0.4603612383802537,official
2002-06,m16,Health care,醫療服務,0.31045366667549457,official
2002-06,m17,Transportation services,運輸服務,0.020133080854895527,official
2002-06,m18,Recreation services,休閒服務,0.12010871580285495,official
2002-06,m19,Food services and accommodations,餐飲與住宿,0.12008660186975291,official
2002-06,m20,Financial services and insurance,金融服務與保險,0.10901003734209058,official
2002-06,m21,Other services,其他服務,0.3503799094255674,official
2002-06,m22,Final consumption expenditures of nonprofit institutions serving households,服務家庭之非營利機構淨消費,0.010083821075770015,official
2002-06,residual,Residual,差額,0.01450038401440712,official
2002-07,m4,Motor vehicles and parts,汽車與零組件,-0.019973242552289605,official
2002-07,m5,Furnishings and durable household equipment,家具與耐久家用設備,-0.060030466400858365,official
2002-07,m6,Recreational goods and vehicles,休閒商品與交通工具,-0.2503877180665757,official
2002-07,m7,Other durable goods,其他耐久財,-0.04022611367941398,official
2002-07,m9,Food and beverages purchased for off-premises consumption,食物與飲料（居家消費）,0.07957280807492086,official
2002-07,m10,Clothing and footwear,服裝與鞋類,-0.11036149046931504,official
2002-07,m11,Gasoline and other energy goods,汽油與其他能源商品,-0.0979350403348655,official
2002-07,m12,Other nondurable goods,其他非耐久財,0.11038930761792484,official
2002-07,m15,Housing and utilities,住宅與公用事業,0.4808949174095612,official
2002-07,m16,Health care,醫療服務,0.3712319022955771,official
2002-07,m17,Transportation services,運輸服務,0.009949134356827791,official
2002-07,m18,Recreation services,休閒服務,0.12024214165551775,official
2002-07,m19,Food services and accommodations,餐飲與住宿,0.12022002039924232,official
2002-07,m20,Financial services and insurance,金融服務與保險,0.1294273641264753,official
2002-07,m21,Other services,其他服務,0.3611548090551442,official
2002-07,m22,Final consumption expenditures of nonprofit institutions serving households,服務家庭之非營利機構淨消費,-0.010106764865616681,official
2002-07,residual,Residual,差額,-0.0018980567734692144,official
2002-08,m4,Motor vehicles and parts,汽車與零組件,-0.00997443166763816,official
2002-08,m5,Furnishings and durable household equipment,家具與耐久家用設備,-0.07027727730379948,official
2002-08,m6,Recreational goods and vehicles,休閒商品與交通工具,-0.22041399501881193,official
2002-08,m7,Other durable goods,其他耐久財,-0.04035014042711038,official
2002-08,m9,Food and beverages purchased for off-premises consumption,食物與飲料（居家消費）,0.05957991097451116,official
2002-08,m10,Clothing and footwear,服裝與鞋類,-0.05000980340204547,official
2002-08,m11,Gasoline and other energy goods,汽油與其他能源商品,-0.027699909914683893,official
2002-08,m12,Other nondurable goods,其他非耐久財,0.15052646918552276,official
2002-08,m15,Housing and utilities,住宅與公用事業,0.47130875417306983,official
2002-08,m16,Health care,醫療服務,0.3818735096179323,official
2002-08,m17,Transportation services,運輸服務,-5.087170791160181e-05,official
2002-08,m18,Recreation services,休閒服務,0.12037570875947222,official
2002-08,m19,Food services and accommodations,餐飲與住宿,0.12047281543108475,official
2002-08,m20,Financial services and insurance,金融服務與保險,0.14968364156642472,official
2002-08,m21,Other services,其他服務,0.3716759843145568,official
2002-08,m22,Final consumption expenditures of nonprofit institutions serving households,服務家庭之非營利機構淨消費,-0.010227200466323987,official
2002-08,residual,Residual,差額,0.006453155635637309,official
2002-09,m4,Motor vehicles and parts,汽車與零組件,0.0702647985430763,official
2002-09,m5,Furnishings and durable household equipment,家具與耐久家用設備,-0.0703765935103088,official
2002-09,m6,Recreational goods and vehicles,休閒商品與交通工具,-0.2215893229824398,official
2002-09,m7,Other durable goods,其他耐久財,-0.020419663152857346,official
2002-09,m9,Food and beverages purchased for off-premises consumption,食物與飲料（居家消費）,0.06995839259840216,official
2002-09,m10,Clothing and footwear,服裝與鞋類,-0.08084623871748176,official
2002-09,m11,Gasoline and other energy goods,汽油與其他能源商品,-0.20812793279008865,official
2002-09,m12,Other nondurable goods,其他非耐久財,0.10101067435894025,official
2002-09,m15,Housing and utilities,住宅與公用事業,0.5037252582184588,official
2002-09,m16,Health care,醫療服務,0.3939161471280258,official
2002-09,m17,Transportation services,運輸服務,0.060435481941324254,official
2002-09,m18,Recreation services,休閒服務,0.10071862496178234,official
2002-09,m19,Food services and accommodations,餐飲與住宿,0.14109349036914937,official
2002-09,m20,Financial services and insurance,金融服務與保險,0.7126712483549789,official
2002-09,m21,Other services,其他服務,0.37322729870924004,official
2002-09,m22,Final consumption expenditures of nonprofit institutions serving households,服務家庭之非營利機構淨消費,-0.010402913847421806,official
2002-09,residual,Residual,差額,0.017557924681288473,official
2002-10,m4,Motor vehicles and parts,汽車與零組件,7.126582949186847e-05,official
2002-10,m5,Furnishings and durable household equipment,家具與耐久家用設備,-0.06016465320828697,official
2002-10,m6,Recreational goods and vehicles,休閒商品與交通工具,-0.2210040799025062,official
2002-10,m7,Other durable goods,其他耐久財,-0.04027777777777777,official
2002-10,m9,Food and beverages purchased for off-premises consumption,食物與飲料（居家消費）,0.029660626291527575,official
2002-10,m10,Clothing and footwear,服裝與鞋類,-0.08075504689238595,official
2002-10,m11,Gasoline and other energy goods,汽油與其他能源商品,0.15326498171991737,official
2002-10,m12,Other nondurable goods,其他非耐久財,0.10007828644094738,official
2002-10,m15,Housing and utilities,住宅與公用事業,0.5328147353361945,official
2002-10,m16,Health care,醫療服務,0.39291858739998936,official
2002-10,m17,Transportation services,運輸服務,0.0604159381126477,official
2002-10,m18,Recreation services,休閒服務,0.12068007206061569,official
2002-10,m19,Food services and accommodations,餐飲與住宿,0.14079081227149898,official
2002-10,m20,Financial services and insurance,金融服務與保險,0.28244939861177343,official
2002-10,m21,Other services,其他服務,0.3422150691463996,official
2002-10,m22,Final consumption expenditures of nonprofit institutions serving households,服務家庭之非營利機構淨消費,-0.00040149949663540255,official
2002-10,residual,Residual,差額,0.007694722619615346,official
2002-11,m4,Motor vehicles and parts,汽車與零組件,-0.04030805530149388,official
2002-11,m5,Furnishings and durable household equipment,家具與耐久家用設備,-0.06038149017112711,official
2002-11,m6,Recreational goods and vehicles,休閒商品與交通工具,-0.21132288808472846,official
2002-11,m7,Other durable goods,其他耐久財,-0.030474410466457227,official
2002-11,m9,Food and beverages purchased for off-premises consumption,食物與飲料（居家消費）,0.050046526424623206,official
2002-11,m10,Clothing and footwear,服裝與鞋類,-0.07080287907106216,official
2002-11,m11,Gasoline and other energy goods,汽油與其他能源商品,0.3833479142641269,official
2002-11,m12,Other nondurable goods,其他非耐久財,0.050112140613194404,official
2002-11,m15,Housing and utilities,住宅與公用事業,0.5138660675229649,official
2002-11,m16,Health care,醫療服務,0.42426147585530416,official
2002-11,m17,Transportation services,運輸服務,0.020077411487122387,official
2002-11,m18,Recreation services,休閒服務,0.12093781895786111,official
2002-11,m19,Food services and accommodations,餐飲與住宿,0.14123831868612557,official
2002-11,m20,Financial services and insurance,金融服務與保險,0.31318911467239297,official
2002-11,m21,Other services,其他服務,0.3427987433888734,official
2002-11,m22,Final consumption expenditures of nonprofit institutions serving households,服務家庭之非營利機構淨消費,-0.01058469532482337,official
2002-11,residual,Residual,差額,-0.00601609204543152,official
2002-12,m4,Motor vehicles and parts,汽車與零組件,-0.07076721998858856,official
2002-12,m5,Furnishings and durable household equipment,家具與耐久家用設備,-0.07084073086262489,official
2002-12,m6,Recreational goods and vehicles,休閒商品與交通工具,-0.21192800180459906,official
2002-12,m7,Other durable goods,其他耐久財,-0.03050595119621034,official
2002-12,m9,Food and beverages purchased for off-premises consumption,食物與飲料（居家消費）,0.06010867401775408,official
2002-12,m10,Clothing and footwear,服裝與鞋類,-0.061059007735891624,official
2002-12,m11,Gasoline and other energy goods,汽油與其他能源商品,0.4838481748338044,official
2002-12,m12,Other nondurable goods,其他非耐久財,0.09020540583575494,official
2002-12,m15,Housing and utilities,住宅與公用事業,0.5153639053647016,official
2002-12,m16,Health care,醫療服務,0.46609436991627196,official
2002-12,m17,Transportation services,運輸服務,0.040312089486883494,official
2002-12,m18,Recreation services,休閒服務,0.13126653662938048,official
2002-12,m19,Food services and accommodations,餐飲與住宿,0.14157769727850536,official
2002-12,m20,Financial services and insurance,金融服務與保險,0.333727160542972,official
2002-12,m21,Other services,其他服務,0.34353993338906363,official
2002-12,m22,Final consumption expenditures of nonprofit institutions serving households,服務家庭之非營利機構淨消費,-0.02079919854570545,official
2002-12,residual,Residual,差額,-0.006470814590701757,official
2003-01,m4,Motor vehicles and parts,汽車與零組件,-0.12193739974281131,official
2003-01,m5,Furnishings and durable household equipment,家具與耐久家用設備,-0.06078588378783259,official
2003-01,m6,Recreational goods and vehicles,休閒商品與交通工具,-0.20217231642163036,official
2003-01,m7,Other durable goods,其他耐久財,-0.050673595736500904,official
2003-01,m9,Food and beverages purchased for off-premises consumption,食物與飲料（居家消費）,0.04028569155917328,official
2003-01,m10,Clothing and footwear,服裝與鞋類,-0.061217138842120614,official
2003-01,m11,Gasoline and other energy goods,汽油與其他能源商品,0.6981257042860363,official
2003-01,m12,Other nondurable goods,其他非耐久財,0.08013310177513223,official
2003-01,m15,Housing and utilities,住宅與公用事業,0.5259561718656786,official
2003-01,m16,Health care,醫療服務,0.496073497633599,official
2003-01,m17,Transportation services,運輸服務,0.06047089392955152,official
2003-01,m18,Recreation services,休閒服務,0.1313613766223436,official
2003-01,m19,Food services and accommodations,餐飲與住宿,0.13145908180986599,official
2003-01,m20,Financial services and insurance,金融服務與保險,0.35383463032440243,official
2003-01,m21,Other services,其他服務,0.3642780819556946,official
2003-01,m22,Final consumption expenditures of nonprofit institutions serving households,服務家庭之非營利機構淨消費,-0.03077143349551246,official
2003-01,residual,Residual,差額,-0.007905105328049444,official
2003-02,m4,Motor vehicles and parts,汽車與零組件,-0.11221776648402551,official
2003-02,m5,Furnishings and durable household equipment,家具與耐久家用設備,-0.05070052145371767,official
2003-02,m6,Recreational goods and vehicles,休閒商品與交通工具,-0.2023010137907303,official
2003-02,m7,Other durable goods,其他耐久財,-0.030622038698747977,official
2003-02,m9,Food and beverages purchased for off-premises consumption,食物與飲料（居家消費）,0.05090394134307418,official
2003-02,m10,Clothing and footwear,服裝與鞋類,-0.09129807565049365,official
2003-02,m11,Gasoline and other energy goods,汽油與其他能源商品,0.9519199820005823,official
2003-02,m12,Other nondurable goods,其他非耐久財,0.029848196087773622,official
2003-02,m15,Housing and utilities,住宅與公用事業,0.5464440562217104,official
2003-02,m16,Health care,醫療服務,0.5059256465232007,official
2003-02,m17,Transportation services,運輸服務,0.06060350988644485,official
2003-02,m18,Recreation services,休閒服務,0.14159228672013552,official
2003-02,m19,Food services and accommodations,餐飲與住宿,0.12148918711453452,official
2003-02,m20,Financial services and insurance,金融服務與保險,0.37461182138224935,official
2003-02,m21,Other services,其他服務,0.38456920511395215,official
2003-02,m22,Final consumption expenditures of nonprofit institutions serving households,服務家庭之非營利機構淨消費,-0.06090354429709627,official
2003-02,residual,Residual,差額,-0.015243256835823615,official
2003-03,m4,Motor vehicles and parts,汽車與零組件,-0.10168142760978313,official
2003-03,m5,Furnishings and durable household equipment,家具與耐久家用設備,-0.06079603500389372,official
2003-03,m6,Recreational goods and vehicles,休閒商品與交通工具,-0.1923001993057297,official
2003-03,m7,Other durable goods,其他耐久財,-0.06071776460805406,official
2003-03,m9,Food and beverages purchased for off-premises consumption,食物與飲料（居家消費）,0.06125866187980939,official
2003-03,m10,Clothing and footwear,服裝與鞋類,-0.13172208069902194,official
2003-03,m11,Gasoline and other energy goods,汽油與其他能源商品,0.7997501418898406,official
2003-03,m12,Other nondurable goods,其他非耐久財,0.06965920040125126,official
2003-03,m15,Housing and utilities,住宅與公用事業,0.6181529242506236,official
2003-03,m16,Health care,醫療服務,0.5360340799598748,official
2003-03,m17,Transportation services,運輸服務,0.07093198526985468,official
2003-03,m18,Recreation services,休閒服務,0.13149598088776843,official
2003-03,m19,Food services and accommodations,餐飲與住宿,0.12116046091099876,official
2003-03,m20,Financial services and insurance,金融服務與保險,0.4048158071882053,official
2003-03,m21,Other services,其他服務,0.40451354882990376,official
2003-03,m22,Final consumption expenditures of nonprofit institutions serving households,服務家庭之非營利機構淨消費,-0.060738751105420846,official
2003-03,residual,Residual,差額,-0.020161952404212258,official
2003-04,m4,Motor vehicles and parts,汽車與零組件,-0.12169019453207151,official
2003-04,m5,Furnishings and durable household equipment,家具與耐久家用設備,-0.06054271819137749,official
2003-04,m6,Recreational goods and vehicles,休閒商品與交通工具,-0.20197305467928497,official
2003-04,m7,Other durable goods,其他耐久財,-0.06046477392218717,official
2003-04,m9,Food and beverages purchased for off-premises consumption,食物與飲料（居家消費）,0.03112841745531019,official
2003-04,m10,Clothing and footwear,服裝與鞋類,-0.14138945846477394,official
2003-04,m11,Gasoline and other energy goods,汽油與其他能源商品,0.38142113564668767,official
2003-04,m12,Other nondurable goods,其他非耐久財,0.00017639327024185011,official
2003-04,m15,Housing and utilities,住宅與公用事業,0.576001840168244,official
2003-04,m16,Health care,醫療服務,0.5450483701366983,official
2003-04,m17,Transportation services,運輸服務,0.05071976866456362,official
2003-04,m18,Recreation services,休閒服務,0.11103141430073607,official
2003-04,m19,Food services and accommodations,餐飲與住宿,0.11069729232386961,official
2003-04,m20,Financial services and insurance,金融服務與保險,0.45472594637223973,official
2003-04,m21,Other services,其他服務,0.42351840168243954,official
2003-04,m22,Final consumption expenditures of nonprofit institutions serving households,服務家庭之非營利機構淨消費,-0.09113433228180862,official
2003-04,residual,Residual,差額,-0.01857833859095903,official
2003-05,m4,Motor vehicles and parts,汽車與零組件,-0.1318024431892815,official
2003-05,m5,Furnishings and durable household equipment,家具與耐久家用設備,-0.09107946932877972,official
2003-05,m6,Recreational goods and vehicles,休閒商品與交通工具,-0.23241691842900303,official
2003-05,m7,Other durable goods,其他耐久財,-0.05043163010639695,official
2003-05,m9,Food and beverages purchased for off-premises consumption,食物與飲料（居家消費）,0.09126730592407722,official
2003-05,m10,Clothing and footwear,服裝與鞋類,-0.13150190463680547,official
2003-05,m11,Gasoline and other energy goods,汽油與其他能源商品,0.11637291475108359,official
2003-05,m12,Other nondurable goods,其他非耐久財,0.019765663995796663,official
2003-05,m15,Housing and utilities,住宅與公用事業,0.5762197556810719,official
2003-05,m16,Health care,醫療服務,0.6066383817154867,official
2003-05,m17,Transportation services,運輸服務,0.06107736766058059,official
2003-05,m18,Recreation services,休閒服務,0.13134283462498358,official
2003-05,m19,Food services and accommodations,餐飲與住宿,0.14139984237488507,official
2003-05,m20,Financial services and insurance,金融服務與保險,0.4856000262708525,official
2003-05,m21,Other services,其他服務,0.40365086037041903,official
2003-05,m22,Final consumption expenditures of nonprofit institutions serving households,服務家庭之非營利機構淨消費,-0.12165099172468147,official
2003-05,residual,Residual,差額,-0.06964402994874908,official
2003-06,m4,Motor vehicles and parts,汽車與零組件,-0.151973761889144,official
2003-06,m5,Furnishings and durable household equipment,家具與耐久家用設備,-0.10113374877008856,official
2003-06,m6,Recreational goods and vehicles,休閒商品與交通工具,-0.22250022958347002,official
2003-06,m7,Other durable goods,其他耐久財,-0.05036877664808134,official
2003-06,m9,Food and beverages purchased for off-premises consumption,食物與飲料（居家消費）,0.15198005903574943,official
2003-06,m10,Clothing and footwear,服裝與鞋類,-0.10119514594949164,official
2003-06,m11,Gasoline and other energy goods,汽油與其他能源商品,0.1164081338143654,official
2003-06,m12,Other nondurable goods,其他非耐久財,-0.020209117743522464,official
2003-06,m15,Housing and utilities,住宅與公用事業,0.555706789111184,official
2003-06,m16,Health care,醫療服務,0.6164106264348967,official
2003-06,m17,Transportation services,運輸服務,0.0711690390291899,official
2003-06,m18,Recreation services,休閒服務,0.13135939652345033,official
2003-06,m19,Food services and accommodations,餐飲與住宿,0.14140387012135128,official
2003-06,m20,Financial services and insurance,金融服務與保險,0.4755480485405051,official
2003-06,m21,Other services,其他服務,0.36319763857002296,official
2003-06,m22,Final consumption expenditures of nonprofit institutions serving households,服務家庭之非營利機構淨消費,-0.13148691374221055,official
2003-06,residual,Residual,差額,-0.05618865201704959,official
2003-07,m4,Motor vehicles and parts,汽車與零組件,-0.17159556503868156,official
2003-07,m5,Furnishings and durable household equipment,家具與耐久家用設備,-0.09093333158797272,official
2003-07,m6,Recreational goods and vehicles,休閒商品與交通工具,-0.2223677562080295,official
2003-07,m7,Other durable goods,其他耐久財,-0.04027999947639181,official
2003-07,m9,Food and beverages purchased for off-premises consumption,食物與飲料（居家消費）,0.13151139502310422,official
2003-07,m10,Clothing and footwear,服裝與鞋類,-0.0706817378555627,official
2003-07,m11,Gasoline and other energy goods,汽油與其他能源商品,0.16746953254879365,official
2003-07,m12,Other nondurable goods,其他非耐久財,0.020461037006008397,official
2003-07,m15,Housing and utilities,住宅與公用事業,0.5551983820507115,official
2003-07,m16,Health care,醫療服務,0.6061475527862501,official
2003-07,m17,Transportation services,運輸服務,0.111281400128284,official
2003-07,m18,Recreation services,休閒服務,0.13124893642087626,official
2003-07,m19,Food services and accommodations,餐飲與住宿,0.15142774861571087,official
2003-07,m20,Financial services and insurance,金融服務與保險,0.4650594949799065,official
2003-07,m21,Other services,其他服務,0.3128657075910096,official
2003-07,m22,Final consumption expenditures of nonprofit institutions serving households,服務家庭之非營利機構淨消費,-0.12139816475331508,official
2003-07,residual,Residual,差額,-0.07267851766523536,official
2003-08,m4,Motor vehicles and parts,汽車與零組件,-0.20175822740159127,official
2003-08,m5,Furnishings and durable household equipment,家具與耐久家用設備,-0.08096063650497105,official
2003-08,m6,Recreational goods and vehicles,休閒商品與交通工具,-0.2422646094352194,official
2003-08,m7,Other durable goods,其他耐久財,-0.03022066028245561,official
2003-08,m9,Food and beverages purchased for off-premises consumption,食物與飲料（居家消費）,0.1719189213905909,official
2003-08,m10,Clothing and footwear,服裝與鞋類,-0.11065074533268882,official
2003-08,m11,Gasoline and other energy goods,汽油與其他能源商品,0.340340462223848,official
2003-08,m12,Other nondurable goods,其他非耐久財,0.010440536691794153,official
2003-08,m15,Housing and utilities,住宅與公用事業,0.5648344068040186,official
2003-08,m16,Health care,醫療服務,0.5855566152358804,official
2003-08,m17,Transportation services,運輸服務,0.11106332388330742,official
2003-08,m18,Recreation services,休閒服務,0.13117763871288032,official
2003-08,m19,Food services and accommodations,餐飲與住宿,0.14133650366460682,official
2003-08,m20,Financial services and insurance,金融服務與保險,0.48485256653123077,official
2003-08,m21,Other services,其他服務,0.3129962243444861,official
2003-08,m22,Final consumption expenditures of nonprofit institutions serving households,服務家庭之非營利機構淨消費,-0.10101354794037337,official
2003-08,residual,Residual,差額,-0.0809335928824435,official
2003-09,m4,Motor vehicles and parts,汽車與零組件,-0.21157744421695077,official
2003-09,m5,Furnishings and durable household equipment,家具與耐久家用設備,-0.09079693796377199,official
2003-09,m6,Recreational goods and vehicles,休閒商品與交通工具,-0.23224723203922745,official
2003-09,m7,Other durable goods,其他耐久財,-0.030166273261955374,official
2003-09,m9,Food and beverages purchased for off-premises consumption,食物與飲料（居家消費）,0.18199214929382768,official
2003-09,m10,Clothing and footwear,服裝與鞋類,-0.07052359776215751,official
2003-09,m11,Gasoline and other energy goods,汽油與其他能源商品,0.48268097703472823,official
2003-09,m12,Other nondurable goods,其他非耐久財,-0.00974256986737263,official
2003-09,m15,Housing and utilities,住宅與公用事業,0.5750017605404207,official
2003-09,m16,Health care,醫療服務,0.5549574210038993,official
2003-09,m17,Transportation services,運輸服務,0.09089944053937742,official
2003-09,m18,Recreation services,休閒服務,0.1411238768404168,official
2003-09,m19,Food services and accommodations,餐飲與住宿,0.14128245588868169,official
2003-09,m20,Financial services and insurance,金融服務與保險,0.48478123655142735,official
2003-09,m21,Other services,其他服務,0.33319818468721063,official
2003-09,m22,Final consumption expenditures of nonprofit institutions serving households,服務家庭之非營利機構淨消費,-0.08066744043504909,official
2003-09,residual,Residual,差額,-0.11885721365135904,official
2003-10,m4,Motor vehicles and parts,汽車與零組件,-0.24199216360109868,official
2003-10,m5,Furnishings and durable household equipment,家具與耐久家用設備,-0.09063146795798024,official
2003-10,m6,Recreational goods and vehicles,休閒商品與交通工具,-0.2320377240598274,official
2003-10,m7,Other durable goods,其他耐久財,-0.04030681714635321,official
2003-10,m9,Food and beverages purchased for off-premises consumption,食物與飲料（居家消費）,0.22222881764100963,official
2003-10,m10,Clothing and footwear,服裝與鞋類,-0.05021777899272335,official
2003-10,m11,Gasoline and other energy goods,汽油與其他能源商品,0.21885526093125576,official
2003-10,m12,Other nondurable goods,其他非耐久財,0.010024993165931187,official
2003-10,m15,Housing and utilities,住宅與公用事業,0.5444360266073078,official
2003-10,m16,Health care,醫療服務,0.6155466604183752,official
2003-10,m17,Transportation services,運輸服務,0.09094752736881842,official
2003-10,m18,Recreation services,休閒服務,0.12090313846474271,official
2003-10,m19,Food services and accommodations,餐飲與住宿,0.1514342432407805,official
2003-10,m20,Financial services and insurance,金融服務與保險,0.4847527368818422,official
2003-10,m21,Other services,其他服務,0.3430002212936567,official
2003-10,m22,Final consumption expenditures of nonprofit institutions serving households,服務家庭之非營利機構淨消費,-0.09071595006573722,official
2003-10,residual,Residual,差額,-0.08801590710873342,official
2003-11,m4,Motor vehicles and parts,汽車與零組件,-0.23195950427194817,official
2003-11,m5,Furnishings and durable household equipment,家具與耐久家用設備,-0.09073852035840149,official
2003-11,m6,Recreational goods and vehicles,休閒商品與交通工具,-0.23200501970167886,official
2003-11,m7,Other durable goods,其他耐久財,-0.040463607162828194,official
2003-11,m9,Food and beverages purchased for off-premises consumption,食物與飲料（居家消費）,0.23258917773125087,official
2003-11,m10,Clothing and footwear,服裝與鞋類,-0.060354890307814345,official
2003-11,m11,Gasoline and other energy goods,汽油與其他能源商品,0.21844233195053117,official
2003-11,m12,Other nondurable goods,其他非耐久財,-0.00017165819212713526,official
2003-11,m15,Housing and utilities,住宅與公用事業,0.5243109614159199,official
2003-11,m16,Health care,醫療服務,0.5957445674083514,official
2003-11,m17,Transportation services,運輸服務,0.11083787403929932,official
2003-11,m18,Recreation services,休閒服務,0.11079352900633313,official
2003-11,m19,Food services and accommodations,餐飲與住宿,0.141491085477977,official
2003-11,m20,Financial services and insurance,金融服務與保險,0.4848635187328504,official
2003-11,m21,Other services,其他服務,0.35324121877316406,official
2003-11,m22,Final consumption expenditures of nonprofit institutions serving households,服務家庭之非營利機構淨消費,-0.0704494323575692,official
2003-11,residual,Residual,差額,-0.049994928280690853,official
2003-12,m4,Motor vehicles and parts,汽車與零組件,-0.21175572618258826,official
2003-12,m5,Furnishings and durable household equipment,家具與耐久家用設備,-0.0808603240181367,official
2003-12,m6,Recreational goods and vehicles,休閒商品與交通工具,-0.22199100960101856,official
2003-12,m7,Other durable goods,其他耐久財,-0.040424705408530485,official
2003-12,m9,Food and beverages purchased for off-premises consumption,食物與飲料（居家消費）,0.27312481324135063,official
2003-12,m10,Clothing and footwear,服裝與鞋類,-0.0706861025581063,official
2003-12,m11,Gasoline and other energy goods,汽油與其他能源商品,0.27937119174754127,official
2003-12,m12,Other nondurable goods,其他非耐久財,0.020208130334801414,official
2003-12,m15,Housing and utilities,住宅與公用事業,0.5044243936027855,official
2003-12,m16,Health care,醫療服務,0.5456187395252757,official
2003-12,m17,Transportation services,運輸服務,0.12112055189616867,official
2003-12,m18,Recreation services,休閒服務,0.1108864377492822,official
2003-12,m19,Food services and accommodations,餐飲與住宿,0.1517442933052708,official
2003-12,m20,Financial services and insurance,金融服務與保險,0.4845967961959699,official
2003-12,m21,Other services,其他服務,0.3533004638110457,official
2003-12,m22,Final consumption expenditures of nonprofit institutions serving households,服務家庭之非營利機構淨消費,-0.05020150446271972,official
2003-12,residual,Residual,差額,-0.04559899182810101,official
2004-01,m4,Motor vehicles and parts,汽車與零組件,-0.15130361005686455,official
2004-01,m5,Furnishings and durable household equipment,家具與耐久家用設備,-0.07043755909897541,official
2004-01,m6,Recreational goods and vehicles,休閒商品與交通工具,-0.21157109363868346,official
2004-01,m7,Other durable goods,其他耐久財,-0.02015220010103496,official
2004-01,m9,Food and beverages purchased for off-premises consumption,食物與飲料（居家消費）,0.24197717646144482,official
2004-01,m10,Clothing and footwear,服裝與鞋類,-0.06050530433543608,official
2004-01,m11,Gasoline and other energy goods,汽油與其他能源商品,0.2223157731117473,official
2004-01,m12,Other nondurable goods,其他非耐久財,0.030329788474242565,official
2004-01,m15,Housing and utilities,住宅與公用事業,0.5039798707270632,official
2004-01,m16,Health care,醫療服務,0.6360532894651624,official
2004-01,m17,Transportation services,運輸服務,0.10060763461613192,official
2004-01,m18,Recreation services,休閒服務,0.12094959909845729,official
2004-01,m19,Food services and accommodations,餐飲與住宿,0.1614740741700237,official
2004-01,m20,Financial services and insurance,金融服務與保險,0.49375824147355607,official
2004-01,m21,Other services,其他服務,0.3431243118612453,official
2004-01,m22,Final consumption expenditures of nonprofit institutions serving households,服務家庭之非營利機構淨消費,-0.08059753112006321,official
2004-01,residual,Residual,差額,-0.04759588606363785,official
2004-02,m4,Motor vehicles and parts,汽車與零組件,-0.12057477491422233,official
2004-02,m5,Furnishings and durable household equipment,家具與耐久家用設備,-0.05996388308438459,official
2004-02,m6,Recreational goods and vehicles,休閒商品與交通工具,-0.200946392178108,official
2004-02,m7,Other durable goods,其他耐久財,-0.020067719216778884,official
2004-02,m9,Food and beverages purchased for off-premises consumption,食物與飲料（居家消費）,0.22126692980419474,official
2004-02,m10,Clothing and footwear,服裝與鞋類,-0.05029357892835953,official
2004-02,m11,Gasoline and other energy goods,汽油與其他能源商品,0.03306155354332739,official
2004-02,m12,Other nondurable goods,其他非耐久財,0.07069589557051827,official
2004-02,m15,Housing and utilities,住宅與公用事業,0.503188994659856,official
2004-02,m16,Health care,醫療服務,0.6544045868482832,official
2004-02,m17,Transportation services,運輸服務,0.09022779454634575,official
2004-02,m18,Recreation services,休閒服務,0.1107047958104378,official
2004-02,m19,Food services and accommodations,餐飲與住宿,0.1508390733431365,official
2004-02,m20,Financial services and insurance,金融服務與保險,0.42176147357015714,official
2004-02,m21,Other services,其他服務,0.3323887470010061,official
2004-02,m22,Final consumption expenditures of nonprofit institutions serving households,服務家庭之非營利機構淨消費,-0.08047996801073187,official
2004-02,residual,Residual,差額,-0.05559438123983984,official
2004-03,m4,Motor vehicles and parts,汽車與零組件,-0.12006651656481185,official
2004-03,m5,Furnishings and durable household equipment,家具與耐久家用設備,-0.060009906722418786,official
2004-03,m6,Recreational goods and vehicles,休閒商品與交通工具,-0.19065706014795755,official
2004-03,m7,Other durable goods,其他耐久財,-0.010041942746863944,official
2004-03,m9,Food and beverages purchased for off-premises consumption,食物與飲料（居家消費）,0.23127346413637828,official
2004-03,m10,Clothing and footwear,服裝與鞋類,-0.010067674493406243,official
2004-03,m11,Gasoline and other energy goods,汽油與其他能源商品,0.03297690575747831,official
2004-03,m12,Other nondurable goods,其他非耐久財,0.0908627854615632,official
2004-03,m15,Housing and utilities,住宅與公用事業,0.3925814088131232,official
2004-03,m16,Health care,醫療服務,0.6335785139916372,official
2004-03,m17,Transportation services,運輸服務,0.07004798970730139,official
2004-03,m18,Recreation services,休閒服務,0.11062090704406563,official
2004-03,m19,Food services and accommodations,餐飲與住宿,0.1809747185590222,official
2004-03,m20,Financial services and insurance,金融服務與保險,0.36063570279832746,official
2004-03,m21,Other services,其他服務,0.30181408813123195,official
2004-03,m22,Final consumption expenditures of nonprofit institutions serving households,服務家庭之非營利機構淨消費,-0.08027391444194273,official
2004-03,residual,Residual,差額,-0.03781974911546904,official
2004-04,m4,Motor vehicles and parts,汽車與零組件,-0.09002977072674082,official
2004-04,m5,Furnishings and durable household equipment,家具與耐久家用設備,-0.06011199463869163,official
2004-04,m6,Recreational goods and vehicles,休閒商品與交通工具,-0.18115435670743493,official
2004-04,m7,Other durable goods,其他耐久財,0.00014795149046950215,official
2004-04,m9,Food and beverages purchased for off-premises consumption,食物與飲料（居家消費）,0.2520808578093385,official
2004-04,m10,Clothing and footwear,服裝與鞋類,-6.778962019770608e-05,official
2004-04,m11,Gasoline and other energy goods,汽油與其他能源商品,0.2220264714600544,official
2004-04,m12,Other nondurable goods,其他非耐久財,0.0811903135592128,official
2004-04,m15,Housing and utilities,住宅與公用事業,0.44447411493304806,official
2004-04,m16,Health care,醫療服務,0.6253991983812973,official
2004-04,m17,Transportation services,運輸服務,0.05996017682007397,official
2004-04,m18,Recreation services,休閒服務,0.12101607103733583,official
2004-04,m19,Food services and accommodations,餐飲與住宿,0.20169654479141158,official
2004-04,m20,Financial services and insurance,金融服務與保險,0.3523719923188947,official
2004-04,m21,Other services,其他服務,0.2824834714471666,official
2004-04,m22,Final consumption expenditures of nonprofit institutions serving households,服務家庭之非營利機構淨消費,-0.029945484773110972,official
2004-04,residual,Residual,差額,-0.022313353008658776,official
2004-05,m4,Motor vehicles and parts,汽車與零組件,-0.06988400598678778,official
2004-05,m5,Furnishings and durable household equipment,家具與耐久家用設備,-0.040384238232865396,official
2004-05,m6,Recreational goods and vehicles,休閒商品與交通工具,-0.1718032617671346,official
2004-05,m7,Other durable goods,其他耐久財,0.0001481213872832378,official
2004-05,m9,Food and beverages purchased for off-premises consumption,食物與飲料（居家消費）,0.30378483691164326,official
2004-05,m10,Clothing and footwear,服裝與鞋類,0.020181280966143675,official
2004-05,m11,Gasoline and other energy goods,汽油與其他能源商品,0.6056581595788604,official
2004-05,m12,Other nondurable goods,其他非耐久財,0.1115441783649876,official
2004-05,m15,Housing and utilities,住宅與公用事業,0.4661383928571428,official
2004-05,m16,Health care,醫療服務,0.5669531895127993,official
2004-05,m17,Transportation services,運輸服務,0.02976839905037159,official
2004-05,m18,Recreation services,休閒服務,0.1113697357555739,official
2004-05,m19,Food services and accommodations,餐飲與住宿,0.1823575557390586,official
2004-05,m20,Financial services and insurance,金融服務與保險,0.31318306151940545,official
2004-05,m21,Other services,其他服務,0.26278488852188275,official
2004-05,m22,Final consumption expenditures of nonprofit institutions serving households,服務家庭之非營利機構淨消費,5.457782824112162e-05,official
2004-05,residual,Residual,差額,0.017682700247711125,official
2004-06,m4,Motor vehicles and parts,汽車與零組件,-0.049829999484456364,official
2004-06,m5,Furnishings and durable household equipment,家具與耐久家用設備,-0.020091508996236535,official
2004-06,m6,Recreational goods and vehicles,休閒商品與交通工具,-0.16189874722895295,official
2004-06,m7,Other durable goods,其他耐久財,0.0001479610249007588,official
2004-06,m9,Food and beverages purchased for off-premises consumption,食物與飲料（居家消費）,0.2740297468680724,official
2004-06,m10,Clothing and footwear,服裝與鞋類,0.020430092282311695,official
2004-06,m11,Gasoline and other energy goods,汽油與其他能源商品,0.6976116151982267,official
2004-06,m12,Other nondurable goods,其他非耐久財,0.11142341599216375,official
2004-06,m15,Housing and utilities,住宅與公用事業,0.5274633964015054,official
2004-06,m16,Health care,醫療服務,0.56715136361293,official
2004-06,m17,Transportation services,運輸服務,0.030006830953240193,official
2004-06,m18,Recreation services,休閒服務,0.11151982265298759,official
2004-06,m19,Food services and accommodations,餐飲與住宿,0.18243078826622675,official
2004-06,m20,Financial services and insurance,金融服務與保險,0.30339614373356705,official
2004-06,m21,Other services,其他服務,0.2830200546476259,official
2004-06,m22,Final consumption expenditures of nonprofit institutions serving households,服務家庭之非營利機構淨消費,-0.01020531525493633,official
2004-06,residual,Residual,差額,0.024305304944070905,official
2004-07,m4,Motor vehicles and parts,汽車與零組件,-0.059942942325485755,official
2004-07,m5,Furnishings and durable household equipment,家具與耐久家用設備,-0.030291585278091906,official
2004-07,m6,Recreational goods and vehicles,休閒商品與交通工具,-0.17225981803228127,official
2004-07,m7,Other durable goods,其他耐久財,0.0001475275007710511,official
2004-07,m9,Food and beverages purchased for off-premises consumption,食物與飲料（居家消費）,0.29345648709776906,official
2004-07,m10,Clothing and footwear,服裝與鞋類,-0.009830112059216616,official
2004-07,m11,Gasoline and other energy goods,汽油與其他能源商品,0.5850251876220829,official
2004-07,m12,Other nondurable goods,其他非耐久財,0.060955202015009764,official
2004-07,m15,Housing and utilities,住宅與公用事業,0.5373298550426647,official
2004-07,m16,Health care,醫療服務,0.5364422483807957,official
2004-07,m17,Transportation services,運輸服務,0.04075434357972653,official
2004-07,m18,Recreation services,休閒服務,0.11148131489667935,official
2004-07,m19,Food services and accommodations,餐飲與住宿,0.19273170042150714,official
2004-07,m20,Financial services and insurance,金融服務與保險,0.29311298447620027,official
2004-07,m21,Other services,其他服務,0.28276729721394056,official
2004-07,m22,Final consumption expenditures of nonprofit institutions serving households,服務家庭之非營利機構淨消費,-0.010463657859566156,official
2004-07,residual,Residual,差額,0.03312185154724068,official
2004-08,m4,Motor vehicles and parts,汽車與零組件,-0.050309814418729754,official
2004-08,m5,Furnishings and durable household equipment,家具與耐久家用設備,-0.04069096684127615,official
2004-08,m6,Recreational goods and vehicles,休閒商品與交通工具,-0.1722146800035861,official
2004-08,m7,Other durable goods,其他耐久財,-0.010086835128523675,official
2004-08,m9,Food and beverages purchased for off-premises consumption,食物與飲料（居家消費）,0.2526027484983158,official
2004-08,m10,Clothing and footwear,服裝與鞋類,-0.020298415707168387,official
2004-08,m11,Gasoline and other energy goods,汽油與其他能源商品,0.3936945913754019,official
2004-08,m12,Other nondurable goods,其他非耐久財,0.06074988153024501,official
2004-08,m15,Housing and utilities,住宅與公用事業,0.5570578516630592,official
2004-08,m16,Health care,醫療服務,0.535437953867237,official
2004-08,m17,Transportation services,運輸服務,0.04061706732924346,official
2004-08,m18,Recreation services,休閒服務,0.11137335263002857,official
2004-08,m19,Food services and accommodations,餐飲與住宿,0.1923500557128037,official
2004-08,m20,Financial services and insurance,金融服務與保險,0.2624942686253666,official
2004-08,m21,Other services,其他服務,0.27265116100359893,official
2004-08,m22,Final consumption expenditures of nonprofit institutions serving households,服務家庭之非營利機構淨消費,-0.040862459816339874,official
2004-08,residual,Residual,差額,0.046602159351434747,official
2004-09,m4,Motor vehicles and parts,汽車與零組件,-0.01976979942034907,official
2004-09,m5,Furnishings and durable household equipment,家具與耐久家用設備,-0.040564202086232654,official
2004-09,m6,Recreational goods and vehicles,休閒商品與交通工具,-0.16194770373964226,official
2004-09,m7,Other durable goods,其他耐久財,-0.02026263038954075,official
2004-09,m9,Food and beverages purchased for off-premises consumption,食物與飲料（居家消費）,0.21146368244321592,official
2004-09,m10,Clothing and footwear,服裝與鞋類,-0.030442398784520514,official
2004-09,m11,Gasoline and other energy goods,汽油與其他能源商品,0.29420987449408226,official
2004-09,m12,Other nondurable goods,其他非耐久財,0.09094391175006065,official
2004-09,m15,Housing and utilities,住宅與公用事業,0.5159238027144006,official
2004-09,m16,Health care,醫療服務,0.5444538641267572,official
2004-09,m17,Transportation services,運輸服務,0.030283313969076776,official
2004-09,m18,Recreation services,休閒服務,0.11126476258570281,official
2004-09,m19,Food services and accommodations,餐飲與住宿,0.21240363622435302,official
2004-09,m20,Financial services and insurance,金融服務與保險,0.24221556886227547,official
2004-09,m21,Other services,其他服務,0.2727552570764654,official
2004-09,m22,Final consumption expenditures of nonprofit institutions serving households,服務家庭之非營利機構淨消費,-0.04049678893811525,official
2004-09,residual,Residual,差額,0.06148283390576603,official
2004-10,m4,Motor vehicles and parts,汽車與零組件,0.040679790126766494,official
2004-10,m5,Furnishings and durable household equipment,家具與耐久家用設備,-0.00988076545006575,official
2004-10,m6,Recreational goods and vehicles,休閒商品與交通工具,-0.1723804782148009,official
2004-10,m7,Other durable goods,其他耐久財,-0.010261320260937281,official
2004-10,m9,Food and beverages purchased for off-premises consumption,食物與飲料（居家消費）,0.23257094711041326,official
2004-10,m10,Clothing and footwear,服裝與鞋類,-0.03021114983468015,official
2004-10,m11,Gasoline and other energy goods,汽油與其他能源商品,0.6586736113770697,official
2004-10,m12,Other nondurable goods,其他非耐久財,0.13160928344375933,official
2004-10,m15,Housing and utilities,住宅與公用事業,0.5163126651602773,official
2004-10,m16,Health care,醫療服務,0.49507283009714936,official
2004-10,m17,Transportation services,運輸服務,0.030506810667279435,official
2004-10,m18,Recreation services,休閒服務,0.12147664458146631,official
2004-10,m19,Food services and accommodations,餐飲與住宿,0.20260516002195753,official
2004-10,m20,Financial services and insurance,金融服務與保險,0.21241584006740455,official
2004-10,m21,Other services,其他服務,0.2731751624474998,official
2004-10,m22,Final consumption expenditures of nonprofit institutions serving households,服務家庭之非營利機構淨消費,-0.03049289571444986,official
2004-10,residual,Residual,差額,0.038139353784482743,official
2004-11,m4,Motor vehicles and parts,汽車與零組件,0.0916439718482252,official
2004-11,m5,Furnishings and durable household equipment,家具與耐久家用設備,-0.01013795389636883,official
2004-11,m6,Recreational goods and vehicles,休閒商品與交通工具,-0.18268959098327212,official
2004-11,m7,Other durable goods,其他耐久財,-0.0002609904120767035,official
2004-11,m9,Food and beverages purchased for off-premises consumption,食物與飲料（居家消費）,0.23308636780905753,official
2004-11,m10,Clothing and footwear,服裝與鞋類,-0.009928600571195434,official
2004-11,m11,Gasoline and other energy goods,汽油與其他能源商品,0.7909140401876785,official
2004-11,m12,Other nondurable goods,其他非耐久財,0.14143053855569154,official
2004-11,m15,Housing and utilities,住宅與公用事業,0.5777425030599755,official
2004-11,m16,Health care,醫療服務,0.48526953284373725,official
2004-11,m17,Transportation services,運輸服務,0.06123941758465931,official
2004-11,m18,Recreation services,休閒服務,0.13158034985720113,official
2004-11,m19,Food services and accommodations,餐飲與住宿,0.20261908404732762,official
2004-11,m20,Financial services and insurance,金融服務與保險,0.20269966340269277,official
2004-11,m21,Other services,其他服務,0.28389636882904934,official
2004-11,m22,Final consumption expenditures of nonprofit institutions serving households,服務家庭之非營利機構淨消費,-0.030184746022031826,official
2004-11,residual,Residual,差額,-0.003293681150554395,official
2004-12,m4,Motor vehicles and parts,汽車與零組件,0.11199007696711404,official
2004-12,m5,Furnishings and durable household equipment,家具與耐久家用設備,-0.010411551428026206,official
2004-12,m6,Recreational goods and vehicles,休閒商品與交通工具,-0.1928573245976719,official
2004-12,m7,Other durable goods,其他耐久財,0.02028738629858151,official
2004-12,m9,Food and beverages purchased for off-premises consumption,食物與飲料（居家消費）,0.18238750715603333,official
2004-12,m10,Clothing and footwear,服裝與鞋類,-0.020772469944660008,official
2004-12,m11,Gasoline and other energy goods,汽油與其他能源商品,0.6779358819413523,official
2004-12,m12,Other nondurable goods,其他非耐久財,0.11088938362699573,official
2004-12,m15,Housing and utilities,住宅與公用事業,0.5773586921951529,official
2004-12,m16,Health care,醫療服務,0.4950672349087208,official
2004-12,m17,Transportation services,運輸服務,0.030874753514407473,official
2004-12,m18,Recreation services,休閒服務,0.13158666751478915,official
2004-12,m19,Food services and accommodations,餐飲與住宿,0.19249106290948412,official
2004-12,m20,Financial services and insurance,金融服務與保險,0.20254945614146683,official
2004-12,m21,Other services,其他服務,0.3044111697729152,official
2004-12,m22,Final consumption expenditures of nonprofit institutions serving households,服務家庭之非營利機構淨消費,-0.019548502003689343,official
2004-12,residual,Residual,差額,-0.0005240124673950852,official
2005-01,m4,Motor vehicles and parts,汽車與零組件,0.11155863082791569,official
2005-01,m5,Furnishings and durable household equipment,家具與耐久家用設備,-0.010093145268600539,official
2005-01,m6,Recreational goods and vehicles,休閒商品與交通工具,-0.19239262948459618,official
2005-01,m7,Other durable goods,其他耐久財,-0.010231785981320258,official
2005-01,m9,Food and beverages purchased for off-premises consumption,食物與飲料（居家消費）,0.1811282616685042,official
2005-01,m10,Clothing and footwear,服裝與鞋類,-0.0002129034710869459,official
2005-01,m11,Gasoline and other energy goods,汽油與其他能源商品,0.34214272136258217,official
2005-01,m12,Other nondurable goods,其他非耐久財,0.12098024306479614,official
2005-01,m15,Housing and utilities,住宅與公用事業,0.5662861017120987,official
2005-01,m16,Health care,醫療服務,0.46550190726026175,official
2005-01,m17,Transportation services,運輸服務,0.05095705179383847,official
2005-01,m18,Recreation services,休閒服務,0.1213965453877251,official
2005-01,m19,Food services and accommodations,餐飲與住宿,0.2022675486953326,official
2005-01,m20,Financial services and insurance,金融服務與保險,0.23332332180106197,official
2005-01,m21,Other services,其他服務,0.30435159487510927,official
2005-01,m22,Final consumption expenditures of nonprofit institutions serving households,服務家庭之非營利機構淨消費,0.041130542777123004,official
2005-01,residual,Residual,差額,0.00393655983472474,official
2005-02,m4,Motor vehicles and parts,汽車與零組件,0.11157428835185958,official
2005-02,m5,Furnishings and durable household equipment,家具與耐久家用設備,-0.020050457149360754,official
2005-02,m6,Recreational goods and vehicles,休閒商品與交通工具,-0.21269939426128964,official
2005-02,m7,Other durable goods,其他耐久財,-0.010210048433805026,official
2005-02,m9,Food and beverages purchased for off-premises consumption,食物與飲料（居家消費）,0.15030185768301782,official
2005-02,m10,Clothing and footwear,服裝與鞋類,-0.010443871163549452,official
2005-02,m11,Gasoline and other energy goods,汽油與其他能源商品,0.4447406957775333,official
2005-02,m12,Other nondurable goods,其他非耐久財,0.10101837449574465,official
2005-02,m15,Housing and utilities,住宅與公用事業,0.5665990110904562,official
2005-02,m16,Health care,醫療服務,0.4862391087168203,official
2005-02,m17,Transportation services,運輸服務,0.06108021295699128,official
2005-02,m18,Recreation services,休閒服務,0.11115988214019247,official
2005-02,m19,Food services and accommodations,餐飲與住宿,0.22230066896822084,official
2005-02,m20,Financial services and insurance,金融服務與保險,0.26326921860970953,official
2005-02,m21,Other services,其他服務,0.28400015175082516,official
2005-02,m22,Final consumption expenditures of nonprofit institutions serving households,服務家庭之非營利機構淨消費,0.04079049533998508,official
2005-02,residual,Residual,差額,0.00906268573670399,official
2005-03,m4,Motor vehicles and parts,汽車與零組件,0.10141782093208247,official
2005-03,m5,Furnishings and durable household equipment,家具與耐久家用設備,0.00020909354916097064,official
2005-03,m6,Recreational goods and vehicles,休閒商品與交通工具,-0.2228752888294044,official
2005-03,m7,Other durable goods,其他耐久財,-0.010194320635361558,official
2005-03,m9,Food and beverages purchased for off-premises consumption,食物與飲料（居家消費）,0.14060467935201204,official
2005-03,m10,Clothing and footwear,服裝與鞋類,7.575853230470594e-05,official
2005-03,m11,Gasoline and other energy goods,汽油與其他能源商品,0.49527595045391987,official
2005-03,m12,Other nondurable goods,其他非耐久財,0.08089357188853394,official
2005-03,m15,Housing and utilities,住宅與公用事業,0.5867332920870213,official
2005-03,m16,Health care,醫療服務,0.4762839177262339,official
2005-03,m17,Transportation services,運輸服務,0.09171832977689112,official
2005-03,m18,Recreation services,休閒服務,0.11124812181971995,official
2005-03,m19,Food services and accommodations,餐飲與住宿,0.23298071945352847,official
2005-03,m20,Financial services and insurance,金融服務與保險,0.29333640576269904,official
2005-03,m21,Other services,其他服務,0.29406621295723434,official
2005-03,m22,Final consumption expenditures of nonprofit institutions serving households,服務家庭之非營利機構淨消費,0.07145986691751159,official
2005-03,residual,Residual,差額,0.0042753065063960705,official
2005-04,m4,Motor vehicles and parts,汽車與零組件,0.10150417160285331,official
2005-04,m5,Furnishings and durable household equipment,家具與耐久家用設備,0.00020870617296398115,official
2005-04,m6,Recreational goods and vehicles,休閒商品與交通工具,-0.22273662188390086,official
2005-04,m7,Other durable goods,其他耐久財,-0.030412623194615983,official
2005-04,m9,Food and beverages purchased for off-premises consumption,食物與飲料（居家消費）,0.20242696544249236,official
2005-04,m10,Clothing and footwear,服裝與鞋類,-0.020435812769389758,official
2005-04,m11,Gasoline and other energy goods,汽油與其他能源商品,0.6257629874221763,official
2005-04,m12,Other nondurable goods,其他非耐久財,0.07076223124039019,official
2005-04,m15,Housing and utilities,住宅與公用事業,0.5975474504070778,official
2005-04,m16,Health care,醫療服務,0.47649850023945756,official
2005-04,m17,Transportation services,運輸服務,0.10152988178358076,official
2005-04,m18,Recreation services,休閒服務,0.11131626042900712,official
2005-04,m19,Food services and accommodations,餐飲與住宿,0.2125861417084667,official
2005-04,m20,Financial services and insurance,金融服務與保險,0.2636712625715222,official
2005-04,m21,Other services,其他服務,0.31430708542333574,official
2005-04,m22,Final consumption expenditures of nonprofit institutions serving households,服務家庭之非營利機構淨消費,0.041108814559019984,official
2005-04,residual,Residual,差額,-0.0011415824364235938,official
2005-05,m4,Motor vehicles and parts,汽車與零組件,0.11170983870157278,official
2005-05,m5,Furnishings and durable household equipment,家具與耐久家用設備,0.020426737349881915,official
2005-05,m6,Recreational goods and vehicles,休閒商品與交通工具,-0.21233066177579016,official
2005-05,m7,Other durable goods,其他耐久財,-0.020062936535852473,official
2005-05,m9,Food and beverages purchased for off-premises consumption,食物與飲料（居家消費）,0.1317142354655545,official
2005-05,m10,Clothing and footwear,服裝與鞋類,-0.030337168986483084,official
2005-05,m11,Gasoline and other energy goods,汽油與其他能源商品,0.36089166373549064,official
2005-05,m12,Other nondurable goods,其他非耐久財,0.0913186523290287,official
2005-05,m15,Housing and utilities,住宅與公用事業,0.5970284156575046,official
2005-05,m16,Health care,醫療服務,0.4658371438621175,official
2005-05,m17,Transportation services,運輸服務,0.11116840862268226,official
2005-05,m18,Recreation services,休閒服務,0.11123900809004572,official
2005-05,m19,Food services and accommodations,餐飲與住宿,0.1919619617104668,official
2005-05,m20,Financial services and insurance,金融服務與保險,0.253132631526054,official
2005-05,m21,Other services,其他服務,0.3440417566956434,official
2005-05,m22,Final consumption expenditures of nonprofit institutions serving households,服務家庭之非營利機構淨消費,0.0409755791166273,official
2005-05,residual,Residual,差額,0.0002511180342810171,official
2005-06,m4,Motor vehicles and parts,汽車與零組件,0.10116445992158433,official
2005-06,m5,Furnishings and durable household equipment,家具與耐久家用設備,-0.010058373313625031,official
2005-06,m6,Recreational goods and vehicles,休閒商品與交通工具,-0.21198306422317142,official
2005-06,m7,Other durable goods,其他耐久財,-0.030233618519121645,official
2005-06,m9,Food and beverages purchased for off-premises consumption,食物與飲料（居家消費）,0.1011688441833373,official
2005-06,m10,Clothing and footwear,服裝與鞋類,-0.05045020104971752,official
2005-06,m11,Gasoline and other energy goods,汽油與其他能源商品,0.28060527865115054,official
2005-06,m12,Other nondurable goods,其他非耐久財,0.09105898711027044,official
2005-06,m15,Housing and utilities,住宅與公用事業,0.54598526888051,official
2005-06,m16,Health care,醫療服務,0.4652810311783643,official
2005-06,m17,Transportation services,運輸服務,0.11110846663576805,official
2005-06,m18,Recreation services,休閒服務,0.1009511342711478,official
2005-06,m19,Food services and accommodations,餐飲與住宿,0.20190001377910835,official
2005-06,m20,Financial services and insurance,金融服務與保險,0.26315291052348083,official
2005-06,m21,Other services,其他服務,0.3435758038857085,official
2005-06,m22,Final consumption expenditures of nonprofit institutions serving households,服務家庭之非營利機構淨消費,0.03037516754143127,official
2005-06,residual,Residual,差額,0.007593666620739015,official
2005-07,m4,Motor vehicles and parts,汽車與零組件,0.08038758525749326,official
2005-07,m5,Furnishings and durable household equipment,家具與耐久家用設備,-5.8319254114258534e-05,official
2005-07,m6,Recreational goods and vehicles,休閒商品與交通工具,-0.19203917151617544,official
2005-07,m7,Other durable goods,其他耐久財,-0.030205619172767664,official
2005-07,m9,Food and beverages purchased for off-premises consumption,食物與飲料（居家消費）,0.10130905450222139,official
2005-07,m10,Clothing and footwear,服裝與鞋類,-0.05063738189099555,official
2005-07,m11,Gasoline and other energy goods,汽油與其他能源商品,0.5761583129966835,official
2005-07,m12,Other nondurable goods,其他非耐久財,0.12141467993241975,official
2005-07,m15,Housing and utilities,住宅與公用事業,0.5670984293848945,official
2005-07,m16,Health care,醫療服務,0.46555184281334083,official
2005-07,m17,Transportation services,運輸服務,0.09125799386771791,official
2005-07,m18,Recreation services,休閒服務,0.1010915462111257,official
2005-07,m19,Food services and accommodations,餐飲與住宿,0.18196545898254177,official
2005-07,m20,Financial services and insurance,金融服務與保險,0.28382629372379703,official
2005-07,m21,Other services,其他服務,0.3437254239409298,official
2005-07,m22,Final consumption expenditures of nonprofit institutions serving households,服務家庭之非營利機構淨消費,0.05056241787122207,official
2005-07,residual,Residual,差額,-0.01197672235780134,official
2005-08,m4,Motor vehicles and parts,汽車與零組件,0.06954806994721437,official
2005-08,m5,Furnishings and durable household equipment,家具與耐久家用設備,0.009668776424086254,official
2005-08,m6,Recreational goods and vehicles,休閒商品與交通工具,-0.1924762965001376,official
2005-08,m7,Other durable goods,其他耐久財,-0.009932579491156533,official
2005-08,m9,Food and beverages purchased for off-premises consumption,食物與飲料（居家消費）,0.10125709854151552,official
2005-08,m10,Clothing and footwear,服裝與鞋類,-0.020358992319815868,official
2005-08,m11,Gasoline and other energy goods,汽油與其他能源商品,0.8837431516273485,official
2005-08,m12,Other nondurable goods,其他非耐久財,0.13161509018587547,official
2005-08,m15,Housing and utilities,住宅與公用事業,0.5684144297400746,official
2005-08,m16,Health care,醫療服務,0.46611650363995694,official
2005-08,m17,Transportation services,運輸服務,0.0912111925549746,official
2005-08,m18,Recreation services,休閒服務,0.11157018487479048,official
2005-08,m19,Food services and accommodations,餐飲與住宿,0.1821399444625122,official
2005-08,m20,Financial services and insurance,金融服務與保險,0.28394854026467864,official
2005-08,m21,Other services,其他服務,0.3033018537512821,official
2005-08,m22,Final consumption expenditures of nonprofit institutions serving households,服務家庭之非營利機構淨消費,0.08078890751257098,official
2005-08,residual,Residual,差額,-0.01975333350011166,official
2005-09,m4,Motor vehicles and parts,汽車與零組件,0.059734095675621685,official
2005-09,m5,Furnishings and durable household equipment,家具與耐久家用設備,-0.0006340507340457414,official
2005-09,m6,Recreational goods and vehicles,休閒商品與交通工具,-0.1924001298312194,official
2005-09,m7,Other durable goods,其他耐久財,0.010351043643263756,official
2005-09,m9,Food and beverages purchased for off-premises consumption,食物與飲料（居家消費）,0.1415854389293918,official
2005-09,m10,Clothing and footwear,服裝與鞋類,-0.030906072106261853,official
2005-09,m11,Gasoline and other energy goods,汽油與其他能源商品,1.5008462748427045,official
2005-09,m12,Other nondurable goods,其他非耐久財,0.12167869269949066,official
2005-09,m15,Housing and utilities,住宅與公用事業,0.6810215469889145,official
2005-09,m16,Health care,醫療服務,0.4866750724058724,official
2005-09,m17,Transportation services,運輸服務,0.15243034055727553,official
2005-09,m18,Recreation services,休閒服務,0.13222111255368021,official
2005-09,m19,Food services and accommodations,餐飲與住宿,0.1415561020673125,official
2005-09,m20,Financial services and insurance,金融服務與保險,0.2839954309397783,official
2005-09,m21,Other services,其他服務,0.28335001997403375,official
2005-09,m22,Final consumption expenditures of nonprofit institutions serving households,服務家庭之非營利機構淨消費,0.07064928093478479,official
2005-09,residual,Residual,差額,-0.012133226805159936,official
2005-10,m4,Motor vehicles and parts,汽車與零組件,0.06024139817024661,official
2005-10,m5,Furnishings and durable household equipment,家具與耐久家用設備,-0.03050305787589499,official
2005-10,m6,Recreational goods and vehicles,休閒商品與交通工具,-0.19234014518695308,official
2005-10,m7,Other durable goods,其他耐久財,-3.1821797931584975e-05,official
2005-10,m9,Food and beverages purchased for off-premises consumption,食物與飲料（居家消費）,0.10153241845664279,official
2005-10,m10,Clothing and footwear,服裝與鞋類,-0.04073115552903739,official
2005-10,m11,Gasoline and other energy goods,汽油與其他能源商品,1.078173105608592,official
2005-10,m12,Other nondurable goods,其他非耐久財,0.11196387728719173,official
2005-10,m15,Housing and utilities,住宅與公用事業,0.8029354365552904,official
2005-10,m16,Health care,醫療服務,0.5270925318217979,official
2005-10,m17,Transportation services,運輸服務,0.1521599045346062,official
2005-10,m18,Recreation services,休閒服務,0.132037092283214,official
2005-10,m19,Food services and accommodations,餐飲與住宿,0.18268658015115355,official
2005-10,m20,Financial services and insurance,金融服務與保險,0.3245168307478123,official
2005-10,m21,Other services,其他服務,0.2829011286793954,official
2005-10,m22,Final consumption expenditures of nonprofit institutions serving households,服務家庭之非營利機構淨消費,0.0703471807875895,official
2005-10,residual,Residual,差額,-0.011618933969761436,official
2005-11,m4,Motor vehicles and parts,汽車與零組件,0.030479085663339844,official
2005-11,m5,Furnishings and durable household equipment,家具與耐久家用設備,-0.02042435424354244,official
2005-11,m6,Recreational goods and vehicles,休閒商品與交通工具,-0.2026247554421853,official
2005-11,m7,Other durable goods,其他耐久財,-3.169964585551972e-05,official
2005-11,m9,Food and beverages purchased for off-premises consumption,食物與飲料（居家消費）,0.10220399217414994,official
2005-11,m10,Clothing and footwear,服裝與鞋類,-0.040221030733797264,official
2005-11,m11,Gasoline and other energy goods,汽油與其他能源商品,0.42841031229104237,official
2005-11,m12,Other nondurable goods,其他非耐久財,0.13216486292379703,official
2005-11,m15,Housing and utilities,住宅與公用事業,0.8129988360286289,official
2005-11,m16,Health care,醫療服務,0.5364459248619332,official
2005-11,m17,Transportation services,運輸服務,0.1732679115381758,official
2005-11,m18,Recreation services,休閒服務,0.1215686371628817,official
2005-11,m19,Food services and accommodations,餐飲與住宿,0.19265447386017487,official
2005-11,m20,Financial services and insurance,金融服務與保險,0.32397867703509253,official
2005-11,m21,Other services,其他服務,0.2729148814978083,official
2005-11,m22,Final consumption expenditures of nonprofit institutions serving households,服務家庭之非營利機構淨消費,0.060115530349934373,official
2005-11,residual,Residual,差額,0.014507293395077614,official
2005-12,m4,Motor vehicles and parts,汽車與零組件,0.010473508991225355,official
2005-12,m5,Furnishings and durable household equipment,家具與耐久家用設備,-0.00013044393014938205,official
2005-12,m6,Recreational goods and vehicles,休閒商品與交通工具,-0.21339265603148475,official
2005-12,m7,Other durable goods,其他耐久財,-0.02002103934357248,official
2005-12,m9,Food and beverages purchased for off-premises consumption,食物與飲料（居家消費）,0.12243264316035693,official
2005-12,m10,Clothing and footwear,服裝與鞋類,-0.030792316926770702,official
2005-12,m11,Gasoline and other energy goods,汽油與其他能源商品,0.4267139020556675,official
2005-12,m12,Other nondurable goods,其他非耐久財,0.16266593235232238,official
2005-12,m15,Housing and utilities,住宅與公用事業,0.7722937834927786,official
2005-12,m16,Health care,醫療服務,0.5267531342433881,official
2005-12,m17,Transportation services,運輸服務,0.1625936560191087,official
2005-12,m18,Recreation services,休閒服務,0.12179762626700165,official
2005-12,m19,Food services and accommodations,餐飲與住宿,0.19284563309860026,official
2005-12,m20,Financial services and insurance,金融服務與保險,0.3138115864902662,official
2005-12,m21,Other services,其他服務,0.26365601910867437,official
2005-12,m22,Final consumption expenditures of nonprofit institutions serving households,服務家庭之非營利機構淨消費,0.06067090753827304,official
2005-12,residual,Residual,差額,0.011255801289581147,official
2006-01,m4,Motor vehicles and parts,汽車與零組件,0.020734670671264534,official
2006-01,m5,Furnishings and durable household equipment,家具與耐久家用設備,-0.010117171567355117,official
2006-01,m6,Recreational goods and vehicles,休閒商品與交通工具,-0.22367594892901727,official
2006-01,m7,Other durable goods,其他耐久財,-2.1011778956086732e-05,official
2006-01,m9,Food and beverages purchased for off-premises consumption,食物與飲料（居家消費）,0.17307068609638226,official
2006-01,m10,Clothing and footwear,服裝與鞋類,-0.050725771564883136,official
2006-01,m11,Gasoline and other energy goods,汽油與其他能源商品,0.7811680077125589,official
2006-01,m12,Other nondurable goods,其他非耐久財,0.15275390262894434,official
2006-01,m15,Housing and utilities,住宅與公用事業,0.8546329736611171,official
2006-01,m16,Health care,醫療服務,0.4769924728391857,official
2006-01,m17,Transportation services,運輸服務,0.1626686195261226,official
2006-01,m18,Recreation services,休閒服務,0.12192603853807459,official
2006-01,m19,Food services and accommodations,餐飲與住宿,0.1931689470626769,official
2006-01,m20,Financial services and insurance,金融服務與保險,0.28430370672500527,official
2006-01,m21,Other services,其他服務,0.2541876475459478,official
2006-01,m22,Final consumption expenditures of nonprofit institutions serving households,服務家庭之非營利機構淨消費,0.04090560767300728,official
2006-01,residual,Residual,差額,0.01496446537382834,official
2006-02,m4,Motor vehicles and parts,汽車與零組件,0.010704900655721536,official
2006-02,m5,Furnishings and durable household equipment,家具與耐久家用設備,-0.020385174776906774,official
2006-02,m6,Recreational goods and vehicles,休閒商品與交通工具,-0.2034348962185081,official
2006-02,m7,Other durable goods,其他耐久財,-0.010317014248385346,official
2006-02,m9,Food and beverages purchased for off-premises consumption,食物與飲料（居家消費）,0.18223919045506087,official
2006-02,m10,Clothing and footwear,服裝與鞋類,-0.07150101069861459,official
2006-02,m11,Gasoline and other energy goods,汽油與其他能源商品,0.5982056401912931,official
2006-02,m12,Other nondurable goods,其他非耐久財,0.1526540699107627,official
2006-02,m15,Housing and utilities,住宅與公用事業,0.813021372578021,official
2006-02,m16,Health care,醫療服務,0.4470480205097865,official
2006-02,m17,Transportation services,運輸服務,0.17283735147660603,official
2006-02,m18,Recreation services,休閒服務,0.13188396686880638,official
2006-02,m19,Food services and accommodations,餐飲與住宿,0.1932808263077454,official
2006-02,m20,Financial services and insurance,金融服務與保險,0.2738667849923581,official
2006-02,m21,Other services,其他服務,0.274398634324311,official
2006-02,m22,Final consumption expenditures of nonprofit institutions serving households,服務家庭之非營利機構淨消費,0.061060494009761865,official
2006-02,residual,Residual,差額,0.016672213183444917,official
2006-03,m4,Motor vehicles and parts,汽車與零組件,0.010672933947772656,official
2006-03,m5,Furnishings and durable household equipment,家具與耐久家用設備,-0.040565898617511524,official
2006-03,m6,Recreational goods and vehicles,休閒商品與交通工具,-0.20343004608294932,official
2006-03,m7,Other durable goods,其他耐久財,-0.020557665130568357,official
2006-03,m9,Food and beverages purchased for off-premises consumption,食物與飲料（居家消費）,0.17202617511520737,official
2006-03,m10,Clothing and footwear,服裝與鞋類,-0.05014193548387097,official
2006-03,m11,Gasoline and other energy goods,汽油與其他能源商品,0.5157542242703533,official
2006-03,m12,Other nondurable goods,其他非耐久財,0.1830125960061444,official
2006-03,m15,Housing and utilities,住宅與公用事業,0.7912559139784946,official
2006-03,m16,Health care,醫療服務,0.45688847926267284,official
2006-03,m17,Transportation services,運輸服務,0.14241081413210446,official
2006-03,m18,Recreation services,休閒服務,0.13179145929339478,official
2006-03,m19,Food services and accommodations,餐飲與住宿,0.18363748079877112,official
2006-03,m20,Financial services and insurance,金融服務與保險,0.30446599078341013,official
2006-03,m21,Other services,其他服務,0.28445333333333334,official
2006-03,m22,Final consumption expenditures of nonprofit institutions serving households,服務家庭之非營利機構淨消費,0.030967741935483874,official
2006-03,residual,Residual,差額,0.0210296774193397,official
2006-04,m4,Motor vehicles and parts,汽車與零組件,0.0006710537602784179,official
2006-04,m5,Furnishings and durable household equipment,家具與耐久家用設備,-0.030189943997156975,official
2006-04,m6,Recreational goods and vehicles,休閒商品與交通工具,-0.2031522125412056,official
2006-04,m7,Other durable goods,其他耐久財,-0.0002655539624768725,official
2006-04,m9,Food and beverages purchased for off-premises consumption,食物與飲料（居家消費）,0.0815064397142262,official
2006-04,m10,Clothing and footwear,服裝與鞋類,-0.019795105572099066,official
2006-04,m11,Gasoline and other energy goods,汽油與其他能源商品,0.6905209367302672,official
2006-04,m12,Other nondurable goods,其他非耐久財,0.19276386897540532,official
2006-04,m15,Housing and utilities,住宅與公用事業,0.7500285528718308,official
2006-04,m16,Health care,醫療服務,0.4567741382057033,official
2006-04,m17,Transportation services,運輸服務,0.1522755290859405,official
2006-04,m18,Recreation services,休閒服務,0.13171378503241304,official
2006-04,m19,Food services and accommodations,餐飲與住宿,0.19338700783059448,official
2006-04,m20,Financial services and insurance,金融服務與保險,0.34553741896743995,official
2006-04,m21,Other services,其他服務,0.28453022560445085,official
2006-04,m22,Final consumption expenditures of nonprofit institutions serving households,服務家庭之非營利機構淨消費,0.05111589034716861,official
2006-04,residual,Residual,差額,0.025405070892024817,official
2006-05,m4,Motor vehicles and parts,汽車與零組件,-0.019318056559174027,official
2006-05,m5,Furnishings and durable household equipment,家具與耐久家用設備,-0.040167301497875056,official
2006-05,m6,Recreational goods and vehicles,休閒商品與交通工具,-0.22395681514776666,official
2006-05,m7,Other durable goods,其他耐久財,4.47035481144914e-05,official
2006-05,m9,Food and beverages purchased for off-premises consumption,食物與飲料（居家消費）,0.09145488615904665,official
2006-05,m10,Clothing and footwear,服裝與鞋類,-0.019783953263359015,official
2006-05,m11,Gasoline and other energy goods,汽油與其他能源商品,0.8818855099266372,official
2006-05,m12,Other nondurable goods,其他非耐久財,0.1729766439270536,official
2006-05,m15,Housing and utilities,住宅與公用事業,0.761461009932761,official
2006-05,m16,Health care,醫療服務,0.4677515952430526,official
2006-05,m17,Transportation services,運輸服務,0.16249421303383998,official
2006-05,m18,Recreation services,休閒服務,0.14225416110423889,official
2006-05,m19,Food services and accommodations,餐飲與住宿,0.21388700412742348,official
2006-05,m20,Financial services and insurance,金融服務與保險,0.3868707516319857,official
2006-05,m21,Other services,其他服務,0.2749957745961371,official
2006-05,m22,Final consumption expenditures of nonprofit institutions serving households,服務家庭之非營利機構淨消費,0.030478144251613614,official
2006-05,residual,Residual,差額,0.03820659163001938,official
2006-06,m4,Motor vehicles and parts,汽車與零組件,-0.019637943696450427,official
2006-06,m5,Furnishings and durable household equipment,家具與耐久家用設備,-0.020154712362301104,official
2006-06,m6,Recreational goods and vehicles,休閒商品與交通工具,-0.2448003671970624,official
2006-06,m7,Other durable goods,其他耐久財,0.01003843329253366,official
2006-06,m9,Food and beverages purchased for off-premises consumption,食物與飲料（居家消費）,0.12204296205630355,official
2006-06,m10,Clothing and footwear,服裝與鞋類,0.0005478580171358639,official
2006-06,m11,Gasoline and other energy goods,汽油與其他能源商品,0.871673194614443,official
2006-06,m12,Other nondurable goods,其他非耐久財,0.1935200734394125,official
2006-06,m15,Housing and utilities,住宅與公用事業,0.8029523867809057,official
2006-06,m16,Health care,醫療服務,0.4787811505507956,official
2006-06,m17,Transportation services,運輸服務,0.1627247246022032,official
2006-06,m18,Recreation services,休閒服務,0.15249106487148104,official
2006-06,m19,Food services and accommodations,餐飲與住宿,0.20409167686658508,official
2006-06,m20,Financial services and insurance,金融服務與保險,0.3979507955936353,official
2006-06,m21,Other services,其他服務,0.28581370869033046,official
2006-06,m22,Final consumption expenditures of nonprofit institutions serving households,服務家庭之非營利機構淨消費,0.06077233782129743,official
2006-06,residual,Residual,差額,0.05282056303549565,official
2006-07,m4,Motor vehicles and parts,汽車與零組件,0.01031835799429588,official
2006-07,m5,Furnishings and durable household equipment,家具與耐久家用設備,-0.020069716988031106,official
2006-07,m6,Recreational goods and vehicles,休閒商品與交通工具,-0.23381017965531528,official
2006-07,m7,Other durable goods,其他耐久財,0.009996099748921334,official
2006-07,m9,Food and beverages purchased for off-premises consumption,食物與飲料（居家消費）,0.12187797089437631,official
2006-07,m10,Clothing and footwear,服裝與鞋類,-0.03072666552909343,official
2006-07,m11,Gasoline and other energy goods,汽油與其他能源商品,0.8667814396801793,official
2006-07,m12,Other nondurable goods,其他非耐久財,0.17278831387270555,official
2006-07,m15,Housing and utilities,住宅與公用事業,0.7917064817297612,official
2006-07,m16,Health care,醫療服務,0.4984261268069132,official
2006-07,m17,Transportation services,運輸服務,0.1520806620676206,official
2006-07,m18,Recreation services,休閒服務,0.1521976695999805,official
2006-07,m19,Food services and accommodations,餐飲與住宿,0.21388818467688855,official
2006-07,m20,Financial services and insurance,金融服務與保險,0.3049037125514955,official
2006-07,m21,Other services,其他服務,0.2956152646076591,official
2006-07,m22,Final consumption expenditures of nonprofit institutions serving households,服務家庭之非營利機構淨消費,0.05055822343563367,official
2006-07,residual,Residual,差額,0.07081368988128744,official
2006-08,m4,Motor vehicles and parts,汽車與零組件,0.04015635432220159,official
2006-08,m5,Furnishings and durable household equipment,家具與耐久家用設備,-0.010029255738859148,official
2006-08,m6,Recreational goods and vehicles,休閒商品與交通工具,-0.22325224273765737,official
2006-08,m7,Other durable goods,其他耐久財,0.010297291719776152,official
2006-08,m9,Food and beverages purchased for off-premises consumption,食物與飲料（居家消費）,0.14199060417349504,official
2006-08,m10,Clothing and footwear,服裝與鞋類,-0.019960668633235007,official
2006-08,m11,Gasoline and other energy goods,汽油與其他能源商品,0.6778169877514355,official
2006-08,m12,Other nondurable goods,其他非耐久財,0.17243538851863993,official
2006-08,m15,Housing and utilities,住宅與公用事業,0.8008746373380919,official
2006-08,m16,Health care,醫療服務,0.507748643432026,official
2006-08,m17,Transportation services,運輸服務,0.15146958495696616,official
2006-08,m18,Recreation services,休閒服務,0.14196766087621546,official
2006-08,m19,Food services and accommodations,餐飲與住宿,0.22367129174405478,official
2006-08,m20,Financial services and insurance,金融服務與保險,0.3040199327482186,official
2006-08,m21,Other services,其他服務,0.3249896208893259,official
2006-08,m22,Final consumption expenditures of nonprofit institutions serving households,服務家庭之非營利機構淨消費,0.040395255957366746,official
2006-08,residual,Residual,差額,0.051291501268573736,official
2006-09,m4,Motor vehicles and parts,汽車與零組件,0.02986810465060357,official
2006-09,m5,Furnishings and durable household equipment,家具與耐久家用設備,-0.010263790698792866,official
2006-09,m6,Recreational goods and vehicles,休閒商品與交通工具,-0.2521531284566922,official
2006-09,m7,Other durable goods,其他耐久財,0.0002944500553070748,official
2006-09,m9,Food and beverages purchased for off-premises consumption,食物與飲料（居家消費）,0.14129418554321166,official
2006-09,m10,Clothing and footwear,服裝與鞋類,0.020508584619823987,official
2006-09,m11,Gasoline and other energy goods,汽油與其他能源商品,-0.44291997306785946,official
2006-09,m12,Other nondurable goods,其他非耐久財,0.191587192805271,official
2006-09,m15,Housing and utilities,住宅與公用事業,0.7463405953926803,official
2006-09,m16,Health care,醫療服務,0.48407769441639015,official
2006-09,m17,Transportation services,運輸服務,0.09026487279372866,official
2006-09,m18,Recreation services,休閒服務,0.11089741740008657,official
2006-09,m19,Food services and accommodations,餐飲與住宿,0.24167255807242824,official
2006-09,m20,Financial services and insurance,金融服務與保險,0.32224438512961096,official
2006-09,m21,Other services,其他服務,0.33277881979512336,official
2006-09,m22,Final consumption expenditures of nonprofit institutions serving households,服務家庭之非營利機構淨消費,0.04000913769056894,official
2006-09,residual,Residual,差額,0.033525825999131786,official
2006-10,m4,Motor vehicles and parts,汽車與零組件,-0.00033935538082948205,official
2006-10,m5,Furnishings and durable household equipment,家具與耐久家用設備,-5.5698937638799795e-05,official
2006-10,m6,Recreational goods and vehicles,休閒商品與交通工具,-0.2521658964047776,official
2006-10,m7,Other durable goods,其他耐久財,0.010278014524938478,official
2006-10,m9,Food and beverages purchased for off-premises consumption,食物與飲料（居家消費）,0.15146797911289836,official
2006-10,m10,Clothing and footwear,服裝與鞋類,0.010284136606446196,official
2006-10,m11,Gasoline and other energy goods,汽油與其他能源商品,-0.5892577876478002,official
2006-10,m12,Other nondurable goods,其他非耐久財,0.17131324650381127,official
2006-10,m15,Housing and utilities,住宅與公用事業,0.6053725466658664,official
2006-10,m16,Health care,醫療服務,0.4439917171838425,official
2006-10,m17,Transportation services,運輸服務,0.0801367264870056,official
2006-10,m18,Recreation services,休閒服務,0.10073633035231978,official
2006-10,m19,Food services and accommodations,餐飲與住宿,0.2117499549846948,official
2006-10,m20,Financial services and insurance,金融服務與保險,0.32276826120881097,official
2006-10,m21,Other services,其他服務,0.3428545705539883,official
2006-10,m22,Final consumption expenditures of nonprofit institutions serving households,服務家庭之非營利機構淨消費,0.029753556209111093,official
2006-10,residual,Residual,差額,0.03808186783506229,official
2006-11,m4,Motor vehicles and parts,汽車與零組件,-0.02054997534012583,official
2006-11,m5,Furnishings and durable household equipment,家具與耐久家用設備,-5.581552008276404e-05,official
2006-11,m6,Recreational goods and vehicles,休閒商品與交通工具,-0.24300886552549592,official
2006-11,m7,Other durable goods,其他耐久財,0.020488506092793304,official
2006-11,m9,Food and beverages purchased for off-premises consumption,食物與飲料（居家消費）,0.12172222155393295,official
2006-11,m10,Clothing and footwear,服裝與鞋類,-0.020093226353586503,official
2006-11,m11,Gasoline and other energy goods,汽油與其他能源商品,-0.10999061721860671,official
2006-11,m12,Other nondurable goods,其他非耐久財,0.12106302101502449,official
2006-11,m15,Housing and utilities,住宅與公用事業,0.5877741155525616,official
2006-11,m16,Health care,醫療服務,0.425215262657733,official
2006-11,m17,Transportation services,運輸服務,0.050577762808098066,official
2006-11,m18,Recreation services,休閒服務,0.11113615859306397,official
2006-11,m19,Food services and accommodations,餐飲與住宿,0.21252926104581926,official
2006-11,m20,Financial services and insurance,金融服務與保險,0.3034019800074581,official
2006-11,m21,Other services,其他服務,0.32369837966582865,official
2006-11,m22,Final consumption expenditures of nonprofit institutions serving households,服務家庭之非營利機構淨消費,0.019626854001515683,official
2006-11,residual,Residual,差額,0.02113808326615696,official
2006-12,m4,Motor vehicles and parts,汽車與零組件,-0.030742442650756038,official
2006-12,m5,Furnishings and durable household equipment,家具與耐久家用設備,-0.020248282830712977,official
2006-12,m6,Recreational goods and vehicles,休閒商品與交通工具,-0.23339380014675634,official
2006-12,m7,Other durable goods,其他耐久財,0.020488506092793304,official
2006-12,m9,Food and beverages purchased for off-premises consumption,食物與飲料（居家消費）,0.09133728693267253,official
2006-12,m10,Clothing and footwear,服裝與鞋類,0.010099240957043709,official
2006-12,m11,Gasoline and other energy goods,汽油與其他能源商品,0.1846285982365183,official
2006-12,m12,Other nondurable goods,其他非耐久財,0.1112554883256547,official
2006-12,m15,Housing and utilities,住宅與公用事業,0.6691213867269731,official
2006-12,m16,Health care,醫療服務,0.44598513190025385,official
2006-12,m17,Transportation services,運輸服務,0.04000036087620744,official
2006-12,m18,Recreation services,休閒服務,0.11132862590369418,official
2006-12,m19,Food services and accommodations,餐飲與住宿,0.22291419566707968,official
2006-12,m20,Financial services and insurance,金融服務與保險,0.32378691462871856,official
2006-12,m21,Other services,其他服務,0.30389084697645885,official
2006-12,m22,Final consumption expenditures of nonprofit institutions serving households,服務家庭之非營利機構淨消費,0.009819321312145891,official
2006-12,residual,Residual,差額,0.02648085551719337,official
2007-01,m4,Motor vehicles and parts,汽車與零組件,-0.040545885507697464,official
2007-01,m5,Furnishings and durable household equipment,家具與耐久家用設備,-0.03032992553930136,official
2007-01,m6,Recreational goods and vehicles,休閒商品與交通工具,-0.2429022912825915,official
2007-01,m7,Other durable goods,其他耐久財,0.030568989872387285,official
2007-01,m9,Food and beverages purchased for off-premises consumption,食物與飲料（居家消費）,0.12211734144180812,official
2007-01,m10,Clothing and footwear,服裝與鞋類,0.010050518351808854,official
2007-01,m11,Gasoline and other energy goods,汽油與其他能源商品,-0.09695944166447194,official
2007-01,m12,Other nondurable goods,其他非耐久財,0.15166363396940166,official
2007-01,m15,Housing and utilities,住宅與公用事業,0.607548183972993,official
2007-01,m16,Health care,醫療服務,0.5768475111930471,official
2007-01,m17,Transportation services,運輸服務,0.05021428400411808,official
2007-01,m18,Recreation services,休閒服務,0.1110191059927694,official
2007-01,m19,Food services and accommodations,餐飲與住宿,0.23247324442741876,official
2007-01,m20,Financial services and insurance,金融服務與保險,0.32290755859889386,official
2007-01,m21,Other services,其他服務,0.28274882083941866,official
2007-01,m22,Final consumption expenditures of nonprofit institutions serving households,服務家庭之非營利機構淨消費,0.020178849330811405,official
2007-01,residual,Residual,差額,0.025662604448486892,official
2007-02,m4,Motor vehicles and parts,汽車與零組件,-0.050728847626339967,official
2007-02,m5,Furnishings and durable household equipment,家具與耐久家用設備,-0.010110547473200613,official
2007-02,m6,Recreational goods and vehicles,休閒商品與交通工具,-0.25317740237366004,official
2007-02,m7,Other durable goods,其他耐久財,0.05075193816998468,official
2007-02,m9,Food and beverages purchased for off-premises consumption,食物與飲料（居家消費）,0.19328160892036753,official
2007-02,m10,Clothing and footwear,服裝與鞋類,0.050233776799387446,official
2007-02,m11,Gasoline and other energy goods,汽油與其他能源商品,-0.005889285030627838,official
2007-02,m12,Other nondurable goods,其他非耐久財,0.14157889069678406,official
2007-02,m15,Housing and utilities,住宅與公用事業,0.6484400124425728,official
2007-02,m16,Health care,醫療服務,0.587562452143951,official
2007-02,m17,Transportation services,運輸服務,0.05061064318529862,official
2007-02,m18,Recreation services,休閒服務,0.11116589299387443,official
2007-02,m19,Food services and accommodations,餐飲與住宿,0.2429677928790199,official
2007-02,m20,Financial services and insurance,金融服務與保險,0.31272037710566614,official
2007-02,m21,Other services,其他服務,0.28321927641653905,official
2007-02,m22,Final consumption expenditures of nonprofit institutions serving households,服務家庭之非營利機構淨消費,0.020379977029096476,official
2007-02,residual,Residual,差額,0.016206690275653468,official
2007-03,m4,Motor vehicles and parts,汽車與零組件,-0.0404116017481432,official
2007-03,m5,Furnishings and durable household equipment,家具與耐久家用設備,-0.00011033362787476499,official
2007-03,m6,Recreational goods and vehicles,休閒商品與交通工具,-0.2531645690540444,official
2007-03,m7,Other durable goods,其他耐久財,0.04019618847467342,official
2007-03,m9,Food and beverages purchased for off-premises consumption,食物與飲料（居家消費）,0.23402263988727823,official
2007-03,m10,Clothing and footwear,服裝與鞋類,0.010213980369211662,official
2007-03,m11,Gasoline and other energy goods,汽油與其他能源商品,0.22844637355814015,official
2007-03,m12,Other nondurable goods,其他非耐久財,0.10114393523272755,official
2007-03,m15,Housing and utilities,住宅與公用事業,0.6987581496429681,official
2007-03,m16,Health care,醫療服務,0.5669414658610561,official
2007-03,m17,Transportation services,運輸服務,0.060731855849831644,official
2007-03,m18,Recreation services,休閒服務,0.11118931053423449,official
2007-03,m19,Food services and accommodations,餐飲與住宿,0.21255582356172237,official
2007-03,m20,Financial services and insurance,金融服務與保險,0.27243128029995467,official
2007-03,m21,Other services,其他服務,0.29360590356554345,official
2007-03,m22,Final consumption expenditures of nonprofit institutions serving households,服務家庭之非營利機構淨消費,0.020340553578678387,official
2007-03,residual,Residual,差額,0.008007666037801009,official
2007-04,m4,Motor vehicles and parts,汽車與零組件,-0.04022475782967849,official
2007-04,m5,Furnishings and durable household equipment,家具與耐久家用設備,-0.010063588280739288,official
2007-04,m6,Recreational goods and vehicles,休閒商品與交通工具,-0.26245842990432044,official
2007-04,m7,Other durable goods,其他耐久財,0.019847506982825225,official
2007-04,m9,Food and beverages purchased for off-premises consumption,食物與飲料（居家消費）,0.2633125334284186,official
2007-04,m10,Clothing and footwear,服裝與鞋類,-0.009996077732216078,official
2007-04,m11,Gasoline and other energy goods,汽油與其他能源商品,0.1005442443691687,official
2007-04,m12,Other nondurable goods,其他非耐久財,0.10093159802698044,official
2007-04,m15,Housing and utilities,住宅與公用事業,0.6962933380875973,official
2007-04,m16,Health care,醫療服務,0.5449232780650145,official
2007-04,m17,Transportation services,運輸服務,0.05049729601236109,official
2007-04,m18,Recreation services,休閒服務,0.12113959707612765,official
2007-04,m19,Food services and accommodations,餐飲與住宿,0.23224650858738932,official
2007-04,m20,Financial services and insurance,金融服務與保險,0.24233160991264038,official
2007-04,m21,Other services,其他服務,0.29301432222024126,official
2007-04,m22,Final consumption expenditures of nonprofit institutions serving households,服務家庭之非營利機構淨消費,0.010292743804599748,official
2007-04,residual,Residual,差額,-0.021853806382605256,official
2007-05,m4,Motor vehicles and parts,汽車與零組件,-0.04011699719064497,official
2007-05,m5,Furnishings and durable household equipment,家具與耐久家用設備,-0.01003662829980678,official
2007-05,m6,Recreational goods and vehicles,休閒商品與交通工具,-0.24204134611965245,official
2007-05,m7,Other durable goods,其他耐久財,0.020026789630279394,official
2007-05,m9,Food and beverages purchased for off-premises consumption,食物與飲料（居家消費）,0.2932241201503064,official
2007-05,m10,Clothing and footwear,服裝與鞋類,-0.020174962364125602,official
2007-05,m11,Gasoline and other energy goods,汽油與其他能源商品,0.193520584156186,official
2007-05,m12,Other nondurable goods,其他非耐久財,0.10089365939237326,official
2007-05,m15,Housing and utilities,住宅與公用事業,0.6652057230236721,official
2007-05,m16,Health care,醫療服務,0.5239819347802894,official
2007-05,m17,Transportation services,運輸服務,0.030183141499033915,official
2007-05,m18,Recreation services,休閒服務,0.11107431158947854,official
2007-05,m19,Food services and accommodations,餐飲與住宿,0.23208923554723154,official
2007-05,m20,Financial services and insurance,金融服務與保險,0.21222768814973744,official
2007-05,m21,Other services,其他服務,0.2926942544540724,official
2007-05,m22,Final consumption expenditures of nonprofit institutions serving households,服務家庭之非營利機構淨消費,0.030211590663932385,official
2007-05,residual,Residual,差額,-0.039980085584569114,official
2007-06,m4,Motor vehicles and parts,汽車與零組件,-0.030042923529898662,official
2007-06,m5,Furnishings and durable household equipment,家具與耐久家用設備,0.00019818136669465247,official
2007-06,m6,Recreational goods and vehicles,休閒商品與交通工具,-0.23194007260343624,official
2007-06,m7,Other durable goods,其他耐久財,0.04039778169305537,official
2007-06,m9,Food and beverages purchased for off-premises consumption,食物與飲料（居家消費）,0.3133926143149381,official
2007-06,m10,Clothing and footwear,服裝與鞋類,-0.06073111896794334,official
2007-06,m11,Gasoline and other energy goods,汽油與其他能源商品,0.19327933403493017,official
2007-06,m12,Other nondurable goods,其他非耐久財,0.09090482328039826,official
2007-06,m15,Housing and utilities,住宅與公用事業,0.6547678227246391,official
2007-06,m16,Health care,醫療服務,0.5236320637585876,official
2007-06,m17,Transportation services,運輸服務,0.040553749009684406,official
2007-06,m18,Recreation services,休閒服務,0.10082571627901477,official
2007-06,m19,Food services and accommodations,餐飲與住宿,0.25217337322186617,official
2007-06,m20,Financial services and insurance,金融服務與保險,0.1922243375232059,official
2007-06,m21,Other services,其他服務,0.27225827430855276,official
2007-06,m22,Final consumption expenditures of nonprofit institutions serving households,服務家庭之非營利機構淨消費,0.03037200392578841,official
2007-06,residual,Residual,差額,-0.06463183908997694,official
2007-07,m4,Motor vehicles and parts,汽車與零組件,-0.02994060666053878,official
2007-07,m5,Furnishings and durable household equipment,家具與耐久家用設備,-0.009999410780362488,official
2007-07,m6,Recreational goods and vehicles,休閒商品與交通工具,-0.25154399113813664,official
2007-07,m7,Other durable goods,其他耐久財,0.0300632821890688,official
2007-07,m9,Food and beverages purchased for off-premises consumption,食物與飲料（居家消費）,0.32275318767823896,official
2007-07,m10,Clothing and footwear,服裝與鞋類,-0.02066051521365104,official
2007-07,m11,Gasoline and other energy goods,汽油與其他能源商品,-0.03613365858257313,official
2007-07,m12,Other nondurable goods,其他非耐久財,0.11098906408352777,official
2007-07,m15,Housing and utilities,住宅與公用事業,0.6131360625986942,official
2007-07,m16,Health care,醫療服務,0.49241285441561194,official
2007-07,m17,Transportation services,運輸服務,0.060809469938014095,official
2007-07,m18,Recreation services,休閒服務,0.09051639209031559,official
2007-07,m19,Food services and accommodations,餐飲與住宿,0.2619734144099555,official
2007-07,m20,Financial services and insurance,金融服務與保險,0.2617932310448043,official
2007-07,m21,Other services,其他服務,0.2618270522519975,official
2007-07,m22,Final consumption expenditures of nonprofit institutions serving households,服務家庭之非營利機構淨消費,0.04046548351363454,official
2007-07,residual,Residual,差額,-0.07373529897005149,official
2007-08,m4,Motor vehicles and parts,汽車與零組件,-0.02984669603524229,official
2007-08,m5,Furnishings and durable household equipment,家具與耐久家用設備,-0.02014848751835536,official
2007-08,m6,Recreational goods and vehicles,休閒商品與交通工具,-0.28150813509544786,official
2007-08,m7,Other durable goods,其他耐久財,0.009819911894273127,official
2007-08,m9,Food and beverages purchased for off-premises consumption,食物與飲料（居家消費）,0.33234490455212923,official
2007-08,m10,Clothing and footwear,服裝與鞋類,-0.050713421439060206,official
2007-08,m11,Gasoline and other energy goods,汽油與其他能源商品,-0.2271188252569749,official
2007-08,m12,Other nondurable goods,其他非耐久財,0.11085274596182085,official
2007-08,m15,Housing and utilities,住宅與公用事業,0.5719738032305434,official
2007-08,m16,Health care,醫療服務,0.4917155947136564,official
2007-08,m17,Transportation services,運輸服務,0.07079917767988253,official
2007-08,m18,Recreation services,休閒服務,0.08026384728340676,official
2007-08,m19,Food services and accommodations,餐飲與住宿,0.2615753303964758,official
2007-08,m20,Financial services and insurance,金融服務與保險,0.2815447870778267,official
2007-08,m21,Other services,其他服務,0.28179030837004404,official
2007-08,m22,Final consumption expenditures of nonprofit institutions serving households,服務家庭之非營利機構淨消費,0.06069944199706315,official
2007-08,residual,Residual,差額,-0.0703291629955971,official
2007-09,m4,Motor vehicles and parts,汽車與零組件,-0.02992509010388448,official
2007-09,m5,Furnishings and durable household equipment,家具與耐久家用設備,-0.020389272337518548,official
2007-09,m6,Recreational goods and vehicles,休閒商品與交通工具,-0.2523565993733952,official
2007-09,m7,Other durable goods,其他耐久財,0.020059833690607994,official
2007-09,m9,Food and beverages purchased for off-premises consumption,食物與飲料（居家消費）,0.33359355492214554,official
2007-09,m10,Clothing and footwear,服裝與鞋類,-0.07089915431909731,official
2007-09,m11,Gasoline and other energy goods,汽油與其他能源商品,0.3460361357800759,official
2007-09,m12,Other nondurable goods,其他非耐久財,0.1014933688252338,official
2007-09,m15,Housing and utilities,住宅與公用事業,0.5443366469576688,official
2007-09,m16,Health care,醫療服務,0.5139989635108714,official
2007-09,m17,Transportation services,運輸服務,0.08101140138041507,official
2007-09,m18,Recreation services,休閒服務,0.1009029233704742,official
2007-09,m19,Food services and accommodations,餐飲與住宿,0.2726643659748887,official
2007-09,m20,Financial services and insurance,金融服務與保險,0.3136781230124143,official
2007-09,m21,Other services,其他服務,0.2830940378318532,official
2007-09,m22,Final consumption expenditures of nonprofit institutions serving households,服務家庭之非營利機構淨消費,0.060858872582506884,official
2007-09,residual,Residual,差額,-0.06347106075240516,official
2007-10,m4,Motor vehicles and parts,汽車與零組件,-0.019972137611862766,official
2007-10,m5,Furnishings and durable household equipment,家具與耐久家用設備,-0.030461028074897877,official
2007-10,m6,Recreational goods and vehicles,休閒商品與交通工具,-0.23290524426814008,official
2007-10,m7,Other durable goods,其他耐久財,0.03038487875138722,official
2007-10,m9,Food and beverages purchased for off-premises consumption,食物與飲料（居家消費）,0.34516705626785676,official
2007-10,m10,Clothing and footwear,服裝與鞋類,-0.050765271186040475,official
2007-10,m11,Gasoline and other energy goods,汽油與其他能源商品,0.7285126679417252,official
2007-10,m12,Other nondurable goods,其他非耐久財,0.12228837571722037,official
2007-10,m15,Housing and utilities,住宅與公用事業,0.6072880215343204,official
2007-10,m16,Health care,醫療服務,0.5776409057637364,official
2007-10,m17,Transportation services,運輸服務,0.11203572524851835,official
2007-10,m18,Recreation services,休閒服務,0.12169653609123753,official
2007-10,m19,Food services and accommodations,餐飲與住宿,0.2635386413543954,official
2007-10,m20,Financial services and insurance,金融服務與保險,0.2848560836816132,official
2007-10,m21,Other services,其他服務,0.27424700715449457,official
2007-10,m22,Final consumption expenditures of nonprofit institutions serving households,服務家庭之非營利機構淨消費,0.02991546834785483,official
2007-10,residual,Residual,差額,-0.074992798281039,official
2007-11,m4,Motor vehicles and parts,汽車與零組件,0.00033659463478538133,official
2007-11,m5,Furnishings and durable household equipment,家具與耐久家用設備,-0.03045060249495462,official
2007-11,m6,Recreational goods and vehicles,休閒商品與交通工具,-0.23344301377299928,official
2007-11,m7,Other durable goods,其他耐久財,0.020377901830498875,official
2007-11,m9,Food and beverages purchased for off-premises consumption,食物與飲料（居家消費）,0.37596487708158766,official
2007-11,m10,Clothing and footwear,服裝與鞋類,-0.020449422289362813,official
2007-11,m11,Gasoline and other energy goods,汽油與其他能源商品,1.0880232736542708,official
2007-11,m12,Other nondurable goods,其他非耐久財,0.16254157274197167,official
2007-11,m15,Housing and utilities,住宅與公用事業,0.5989360446589796,official
2007-11,m16,Health care,醫療服務,0.5677553669849288,official
2007-11,m17,Transportation services,運輸服務,0.11261486350922331,official
2007-11,m18,Recreation services,休閒服務,0.13226894525026262,official
2007-11,m19,Food services and accommodations,餐飲與住宿,0.25376060709775644,official
2007-11,m20,Financial services and insurance,金融服務與保險,0.31567454650600135,official
2007-11,m21,Other services,其他服務,0.2847672044470147,official
2007-11,m22,Final consumption expenditures of nonprofit institutions serving households,服務家庭之非營利機構淨消費,0.03990180689476107,official
2007-11,residual,Residual,差額,-0.06895351170172015,official
2007-12,m4,Motor vehicles and parts,汽車與零組件,0.010300004704111394,official
2007-12,m5,Furnishings and durable household equipment,家具與耐久家用設備,-0.030701500611534482,official
2007-12,m6,Recreational goods and vehicles,休閒商品與交通工具,-0.23333403895004234,official
2007-12,m7,Other durable goods,其他耐久財,0.020305767240568262,official
2007-12,m9,Food and beverages purchased for off-premises consumption,食物與飲料（居家消費）,0.40488651331263525,official
2007-12,m10,Clothing and footwear,服裝與鞋類,-0.009695055978925579,official
2007-12,m11,Gasoline and other energy goods,汽油與其他能源商品,0.8966378539843824,official
2007-12,m12,Other nondurable goods,其他非耐久財,0.17264817950889078,official
2007-12,m15,Housing and utilities,住宅與公用事業,0.5786801439458087,official
2007-12,m16,Health care,醫療服務,0.5981502257973469,official
2007-12,m17,Transportation services,運輸服務,0.13178673910998212,official
2007-12,m18,Recreation services,休閒服務,0.12183613227961239,official
2007-12,m19,Food services and accommodations,餐飲與住宿,0.24325642111205195,official
2007-12,m20,Financial services and insurance,金融服務與保險,0.2946279047887854,official
2007-12,m21,Other services,其他服務,0.31508773167748616,official
2007-12,m22,Final consumption expenditures of nonprofit institutions serving households,服務家庭之非營利機構淨消費,0.04011924922382162,official
2007-12,residual,Residual,差額,-0.08295806284692331,official
2008-01,m4,Motor vehicles and parts,汽車與零組件,-4.7001734727365393e-05,official
2008-01,m5,Furnishings and durable household equipment,家具與耐久家用設備,-7.149889821374267e-06,official
2008-01,m6,Recreational goods and vehicles,休閒商品與交通工具,-0.2026571803647616,official
2008-01,m7,Other durable goods,其他耐久財,0.010271461390594962,official
2008-01,m9,Food and beverages purchased for off-premises consumption,食物與飲料（居家消費）,0.40561477331332924,official
2008-01,m10,Clothing and footwear,服裝與鞋類,-0.00966278306531014,official
2008-01,m11,Gasoline and other energy goods,汽油與其他能源商品,1.01429169206245,official
2008-01,m12,Other nondurable goods,其他非耐久財,0.14286534764874115,official
2008-01,m15,Housing and utilities,住宅與公用事業,0.5478917201931642,official
2008-01,m16,Health care,醫療服務,0.4470044305874631,official
2008-01,m17,Transportation services,運輸服務,0.13204006282526137,official
2008-01,m18,Recreation services,休閒服務,0.13208929157485114,official
2008-01,m19,Food services and accommodations,餐飲與住宿,0.24348469220310376,official
2008-01,m20,Financial services and insurance,金融服務與保險,0.25343429134042855,official
2008-01,m21,Other services,其他服務,0.3350103145951521,official
2008-01,m22,Final consumption expenditures of nonprofit institutions serving households,服務家庭之非營利機構淨消費,0.030364996014815508,official
2008-01,residual,Residual,差額,-0.09458214168502632,official
2008-02,m4,Motor vehicles and parts,汽車與零組件,-0.010691274932520069,official
2008-02,m5,Furnishings and durable household equipment,家具與耐久家用設備,-0.009976162933361378,official
2008-02,m6,Recreational goods and vehicles,休閒商品與交通工具,-0.19239831270959676,official
2008-02,m7,Other durable goods,其他耐久財,0.020884074736214814,official
2008-02,m9,Food and beverages purchased for off-premises consumption,食物與飲料（居家消費）,0.38577149133569366,official
2008-02,m10,Clothing and footwear,服裝與鞋類,-0.04021535153830874,official
2008-02,m11,Gasoline and other energy goods,汽油與其他能源商品,1.0128394152907771,official
2008-02,m12,Other nondurable goods,其他非耐久財,0.15272969467521996,official
2008-02,m15,Housing and utilities,住宅與公用事業,0.5482213341746416,official
2008-02,m16,Health care,醫療服務,0.4266952945163062,official
2008-02,m17,Transportation services,運輸服務,0.12199985978196094,official
2008-02,m18,Recreation services,休閒服務,0.1217112443182482,official
2008-02,m19,Food services and accommodations,餐飲與住宿,0.23343709468223087,official
2008-02,m20,Financial services and insurance,金融服務與保險,0.24234280973580585,official
2008-02,m21,Other services,其他服務,0.33498603662027787,official
2008-02,m22,Final consumption expenditures of nonprofit institutions serving households,服務家庭之非營利機構淨消費,0.020301936177422555,official
2008-02,residual,Residual,差額,-0.09571645575535914,official
2008-03,m4,Motor vehicles and parts,汽車與零組件,-0.02061587538128391,official
2008-03,m5,Furnishings and durable household equipment,家具與耐久家用設備,0.0003498498148881181,official
2008-03,m6,Recreational goods and vehicles,休閒商品與交通工具,-0.19234940740913217,official
2008-03,m7,Other durable goods,其他耐久財,0.051024751437818705,official
2008-03,m9,Food and beverages purchased for off-premises consumption,食物與飲料（居家消費）,0.34483759051854607,official
2008-03,m10,Clothing and footwear,服裝與鞋類,-0.060648124432439984,official
2008-03,m11,Gasoline and other energy goods,汽油與其他能源商品,0.8819050224695555,official
2008-03,m12,Other nondurable goods,其他非耐久財,0.1930056814212867,official
2008-03,m15,Housing and utilities,住宅與公用事業,0.5485062984608936,official
2008-03,m16,Health care,醫療服務,0.4257926048385219,official
2008-03,m17,Transportation services,運輸服務,0.1424607073835192,official
2008-03,m18,Recreation services,休閒服務,0.12159382494702772,official
2008-03,m19,Food services and accommodations,餐飲與住宿,0.2634554217989615,official
2008-03,m20,Financial services and insurance,金融服務與保險,0.2006271683703169,official
2008-03,m21,Other services,其他服務,0.33506973711784294,official
2008-03,m22,Final consumption expenditures of nonprofit institutions serving households,服務家庭之非營利機構淨消費,0.05109693342957598,official
2008-03,residual,Residual,差額,-0.09496961370992096,official
2008-04,m4,Motor vehicles and parts,汽車與零組件,-0.041157312767143656,official
2008-04,m5,Furnishings and durable household equipment,家具與耐久家用設備,-0.02024077773648021,official
2008-04,m6,Recreational goods and vehicles,休閒商品與交通工具,-0.19253484482438207,official
2008-04,m7,Other durable goods,其他耐久財,0.0711764774205538,official
2008-04,m9,Food and beverages purchased for off-premises consumption,食物與飲料（居家消費）,0.4270244842965991,official
2008-04,m10,Clothing and footwear,服裝與鞋類,-0.040234389518676826,official
2008-04,m11,Gasoline and other energy goods,汽油與其他能源商品,0.7594806959672923,official
2008-04,m12,Other nondurable goods,其他非耐久財,0.19287121352908382,official
2008-04,m15,Housing and utilities,住宅與公用事業,0.6099438998327448,official
2008-04,m16,Health care,醫療服務,0.4357252369448058,official
2008-04,m17,Transportation services,運輸服務,0.14212646348262403,official
2008-04,m18,Recreation services,休閒服務,0.11165036703215016,official
2008-04,m19,Food services and accommodations,餐飲與住宿,0.23290768444527038,official
2008-04,m20,Financial services and insurance,金融服務與保險,0.10877578517004273,official
2008-04,m21,Other services,其他服務,0.3661233971380784,official
2008-04,m22,Final consumption expenditures of nonprofit institutions serving households,服務家庭之非營利機構淨消費,0.03038724214829957,official
2008-04,residual,Residual,差額,-0.054506945734992485,official
2008-05,m4,Motor vehicles and parts,汽車與零組件,-0.051322238436059577,official
2008-05,m5,Furnishings and durable household equipment,家具與耐久家用設備,-0.020182174043962667,official
2008-05,m6,Recreational goods and vehicles,休閒商品與交通工具,-0.19229043615222477,official
2008-05,m7,Other durable goods,其他耐久財,0.06099935144650592,official
2008-05,m9,Food and beverages purchased for off-premises consumption,食物與飲料（居家消費）,0.4267272369304889,official
2008-05,m10,Clothing and footwear,服裝與鞋類,-0.03014685104115998,official
2008-05,m11,Gasoline and other energy goods,汽油與其他能源商品,0.803113751650337,official
2008-05,m12,Other nondurable goods,其他非耐久財,0.1823417413661316,official
2008-05,m15,Housing and utilities,住宅與公用事業,0.6605374887082204,official
2008-05,m16,Health care,醫療服務,0.435089755171056,official
2008-05,m17,Transportation services,運輸服務,0.2031064554235286,official
2008-05,m18,Recreation services,休閒服務,0.11164014546128367,official
2008-05,m19,Food services and accommodations,餐飲與住宿,0.23285942603015772,official
2008-05,m20,Financial services and insurance,金融服務與保險,0.07823466055173373,official
2008-05,m21,Other services,其他服務,0.38625761471289927,official
2008-05,m22,Final consumption expenditures of nonprofit institutions serving households,服務家庭之非營利機構淨消費,0.06115152989136728,official
2008-05,residual,Residual,差額,-0.06597352511986232,official
2008-06,m4,Motor vehicles and parts,汽車與零組件,-0.06152006841636908,official
2008-06,m5,Furnishings and durable household equipment,家具與耐久家用設備,-0.030118341827595378,official
2008-06,m6,Recreational goods and vehicles,休閒商品與交通工具,-0.1719260594713911,official
2008-06,m7,Other durable goods,其他耐久財,0.04091264200441471,official
2008-06,m9,Food and beverages purchased for off-premises consumption,食物與飲料（居家消費）,0.4374412046828231,official
2008-06,m10,Clothing and footwear,服裝與鞋類,-0.010452911740572522,official
2008-06,m11,Gasoline and other energy goods,汽油與其他能源商品,1.234610361844006,official
2008-06,m12,Other nondurable goods,其他非耐久財,0.1925899987287499,official
2008-06,m15,Housing and utilities,住宅與公用事業,0.7020036057275596,official
2008-06,m16,Health care,醫療服務,0.41486692322805074,official
2008-06,m17,Transportation services,運輸服務,0.21363831778941167,official
2008-06,m18,Recreation services,休閒服務,0.12171040922696438,official
2008-06,m19,Food services and accommodations,餐飲與住宿,0.22304314160570446,official
2008-06,m20,Financial services and insurance,金融服務與保險,0.08903061401379884,official
2008-06,m21,Other services,其他服務,0.4063809820984873,official
2008-06,m22,Final consumption expenditures of nonprofit institutions serving households,服務家庭之非營利機構淨消費,0.061349720902818705,official
2008-06,residual,Residual,差額,-0.052121600850587146,official
2008-07,m4,Motor vehicles and parts,汽車與零組件,-0.061426362492932235,official
2008-07,m5,Furnishings and durable household equipment,家具與耐久家用設備,-0.009722366462422543,official
2008-07,m6,Recreational goods and vehicles,休閒商品與交通工具,-0.1620599808449014,official
2008-07,m7,Other durable goods,其他耐久財,0.061200424643149745,official
2008-07,m9,Food and beverages purchased for off-premises consumption,食物與飲料（居家消費）,0.5100933522576476,official
2008-07,m10,Clothing and footwear,服裝與鞋類,-7.165853151937067e-05,official
2008-07,m11,Gasoline and other energy goods,汽油與其他能源商品,1.3682402695560862,official
2008-07,m12,Other nondurable goods,其他非耐久財,0.182692445275268,official
2008-07,m15,Housing and utilities,住宅與公用事業,0.7846181096456307,official
2008-07,m16,Health care,醫療服務,0.43572679752137644,official
2008-07,m17,Transportation services,運輸服務,0.19334337245127567,official
2008-07,m18,Recreation services,休閒服務,0.13189035436932414,official
2008-07,m19,Food services and accommodations,餐飲與住宿,0.2238450975640715,official
2008-07,m20,Financial services and insurance,金融服務與保險,0.03782947346557275,official
2008-07,m21,Other services,其他服務,0.41688845039867994,official
2008-07,m22,Final consumption expenditures of nonprofit institutions serving households,服務家庭之非營利機構淨消費,0.05127150621386783,official
2008-07,residual,Residual,差額,-0.028704261432479505,official
2008-08,m4,Motor vehicles and parts,汽車與零組件,-0.07179105166051661,official
2008-08,m5,Furnishings and durable household equipment,家具與耐久家用設備,0.010683925276752765,official
2008-08,m6,Recreational goods and vehicles,休閒商品與交通工具,-0.14278989852398524,official
2008-08,m7,Other durable goods,其他耐久財,0.07115198339483396,official
2008-08,m9,Food and beverages purchased for off-premises consumption,食物與飲料（居家消費）,0.5213926429889298,official
2008-08,m10,Clothing and footwear,服裝與鞋類,0.030734547970479704,official
2008-08,m11,Gasoline and other energy goods,汽油與其他能源商品,1.2287188653136532,official
2008-08,m12,Other nondurable goods,其他非耐久財,0.1933879151291513,official
2008-08,m15,Housing and utilities,住宅與公用事業,0.7749176660516606,official
2008-08,m16,Health care,醫療服務,0.4266770064575646,official
2008-08,m17,Transportation services,運輸服務,0.18321863468634686,official
2008-08,m18,Recreation services,休閒服務,0.1526135839483395,official
2008-08,m19,Food services and accommodations,餐飲與住宿,0.22451937269372696,official
2008-08,m20,Financial services and insurance,金融服務與保險,-0.023395295202952027,official
2008-08,m21,Other services,其他服務,0.39744499538745387,official
2008-08,m22,Final consumption expenditures of nonprofit institutions serving households,服務家庭之非營利機構淨消費,0.03125023062730627,official
2008-08,residual,Residual,差額,-0.02810781826567954,official
2008-09,m4,Motor vehicles and parts,汽車與零組件,-0.09223194798630735,official
2008-09,m5,Furnishings and durable household equipment,家具與耐久家用設備,0.03096273577319824,official
2008-09,m6,Recreational goods and vehicles,休閒商品與交通工具,-0.14263859213821306,official
2008-09,m7,Other durable goods,其他耐久財,0.05055919314448504,official
2008-09,m9,Food and beverages purchased for off-premises consumption,食物與飲料（居家消費）,0.5512597927723022,official
2008-09,m10,Clothing and footwear,服裝與鞋類,0.030616628759160984,official
2008-09,m11,Gasoline and other energy goods,汽油與其他能源商品,1.1044650446849082,official
2008-09,m12,Other nondurable goods,其他非耐久財,0.1934390148643371,official
2008-09,m15,Housing and utilities,住宅與公用事業,0.7014200381372482,official
2008-09,m16,Health care,醫療服務,0.38558997863395134,official
2008-09,m17,Transportation services,運輸服務,0.2239483538952834,official
2008-09,m18,Recreation services,休閒服務,0.142462954028534,official
2008-09,m19,Food services and accommodations,餐飲與住宿,0.22445103039492728,official
2008-09,m20,Financial services and insurance,金融服務與保險,-0.13446963953408228,official
2008-09,m21,Other services,其他服務,0.3763933880120385,official
2008-09,m22,Final consumption expenditures of nonprofit institutions serving households,服務家庭之非營利機構淨消費,0.04148850138994187,official
2008-09,residual,Residual,差額,-0.019878121625659162,official
2008-10,m4,Motor vehicles and parts,汽車與零組件,-0.11262397214778168,official
2008-10,m5,Furnishings and durable household equipment,家具與耐久家用設備,0.03086912205959825,official
2008-10,m6,Recreational goods and vehicles,休閒商品與交通工具,-0.14220733411209602,official
2008-10,m7,Other durable goods,其他耐久財,0.050772005772005774,official
2008-10,m9,Food and beverages purchased for off-premises consumption,食物與飲料（居家消費）,0.5506901211663117,official
2008-10,m10,Clothing and footwear,服裝與鞋類,-0.00011658535468059283,official
2008-10,m11,Gasoline and other energy goods,汽油與其他能源商品,0.5027672415767653,official
2008-10,m12,Other nondurable goods,其他非耐久財,0.18325007444055064,official
2008-10,m15,Housing and utilities,住宅與公用事業,0.6498161891019034,official
2008-10,m16,Health care,醫療服務,0.3360380448475687,official
2008-10,m17,Transportation services,運輸服務,0.20369740488788107,official
2008-10,m18,Recreation services,休閒服務,0.11175725509058843,official
2008-10,m19,Food services and accommodations,餐飲與住宿,0.23447353352115258,official
2008-10,m20,Financial services and insurance,金融服務與保險,-0.3297051008955771,official
2008-10,m21,Other services,其他服務,0.3759867381295953,official
2008-10,m22,Final consumption expenditures of nonprofit institutions serving households,服務家庭之非營利機構淨消費,0.029564923612542655,official
2008-10,residual,Residual,差額,-0.003186513662713608,official
2008-11,m4,Motor vehicles and parts,汽車與零組件,-0.13219022339686265,official
2008-11,m5,Furnishings and durable household equipment,家具與耐久家用設備,0.020493273031749464,official
2008-11,m6,Recreational goods and vehicles,休閒商品與交通工具,-0.14198881306888733,official
2008-11,m7,Other durable goods,其他耐久財,0.04029117918456158,official
2008-11,m9,Food and beverages purchased for off-premises consumption,食物與飲料（居家消費）,0.5383698066779827,official
2008-11,m10,Clothing and footwear,服裝與鞋類,-0.010063225527164188,official
2008-11,m11,Gasoline and other energy goods,汽油與其他能源商品,-0.9722691698659159,official
2008-11,m12,Other nondurable goods,其他非耐久財,0.18254929882320775,official
2008-11,m15,Housing and utilities,住宅與公用事業,0.6071312698647771,official
2008-11,m16,Health care,醫療服務,0.35495745092901654,official
2008-11,m17,Transportation services,運輸服務,0.17251546462218476,official
2008-11,m18,Recreation services,休閒服務,0.07084722206400018,official
2008-11,m19,Food services and accommodations,餐飲與住宿,0.24371561043961676,official
2008-11,m20,Financial services and insurance,金融服務與保險,-0.4701511716658502,official
2008-11,m21,Other services,其他服務,0.3847481801300965,official
2008-11,m22,Final consumption expenditures of nonprofit institutions serving households,服務家庭之非營利機構淨消費,0.029408983720850747,official
2008-11,residual,Residual,差額,0.0066641984028370516,official
2008-12,m4,Motor vehicles and parts,汽車與零組件,-0.14195444626295692,official
2008-12,m5,Furnishings and durable household equipment,家具與耐久家用設備,0.020353700672849605,official
2008-12,m6,Recreational goods and vehicles,休閒商品與交通工具,-0.1418457901436625,official
2008-12,m7,Other durable goods,其他耐久財,0.04019821785779233,official
2008-12,m9,Food and beverages purchased for off-premises consumption,食物與飲料（居家消費）,0.5271507319512639,official
2008-12,m10,Clothing and footwear,服裝與鞋類,-0.05013229678123296,official
2008-12,m11,Gasoline and other energy goods,汽油與其他能源商品,-1.533440625568285,official
2008-12,m12,Other nondurable goods,其他非耐久財,0.18231269321694854,official
2008-12,m15,Housing and utilities,住宅與公用事業,0.5659150527368613,official
2008-12,m16,Health care,醫療服務,0.3145076377523186,official
2008-12,m17,Transportation services,運輸服務,0.18209435806510277,official
2008-12,m18,Recreation services,休閒服務,0.06061454355337335,official
2008-12,m19,Food services and accommodations,餐飲與住宿,0.24324559010729224,official
2008-12,m20,Financial services and insurance,金融服務與保險,-0.5395509410801964,official
2008-12,m21,Other services,其他服務,0.36409119839970905,official
2008-12,m22,Final consumption expenditures of nonprofit institutions serving households,服務家庭之非營利機構淨消費,0.029433419712675025,official
2008-12,residual,Residual,差額,0.0065759683578949235,official
2009-01,m4,Motor vehicles and parts,汽車與零組件,-0.13162233861642064,official
2009-01,m5,Furnishings and durable household equipment,家具與耐久家用設備,0.010340566401378589,official
2009-01,m6,Recreational goods and vehicles,休閒商品與交通工具,-0.16146429948076096,official
2009-01,m7,Other durable goods,其他耐久財,0.04009704555245675,official
2009-01,m9,Food and beverages purchased for off-premises consumption,食物與飲料（居家消費）,0.4559872344284969,official
2009-01,m10,Clothing and footwear,服裝與鞋類,-0.050006122032514796,official
2009-01,m11,Gasoline and other energy goods,汽油與其他能源商品,-1.4995791669500937,official
2009-01,m12,Other nondurable goods,其他非耐久財,0.19186744665895744,official
2009-01,m15,Housing and utilities,住宅與公用事業,0.5645295104641408,official
2009-01,m16,Health care,醫療服務,0.3736555336371675,official
2009-01,m17,Transportation services,運輸服務,0.1716741491508514,official
2009-01,m18,Recreation services,休閒服務,0.05050007935968075,official
2009-01,m19,Food services and accommodations,餐飲與住宿,0.23268439788676507,official
2009-01,m20,Financial services and insurance,金融服務與保險,-0.6780344874498333,official
2009-01,m21,Other services,其他服務,0.3332503457814661,official
2009-01,m22,Final consumption expenditures of nonprofit institutions serving households,服務家庭之非營利機構淨消費,-0.02056651474956352,official
2009-01,residual,Residual,差額,0.005583066911548876,official
2009-02,m4,Motor vehicles and parts,汽車與零組件,-0.11140005883550949,official
2009-02,m5,Furnishings and durable household equipment,家具與耐久家用設備,0.020288972867778504,official
2009-02,m6,Recreational goods and vehicles,休閒商品與交通工具,-0.1611316783960535,official
2009-02,m7,Other durable goods,其他耐久財,0.020057025186123872,official
2009-02,m9,Food and beverages purchased for off-premises consumption,食物與飲料（居家消費）,0.3952208594510194,official
2009-02,m10,Clothing and footwear,服裝與鞋類,0.019898621891335337,official
2009-02,m11,Gasoline and other energy goods,汽油與其他能源商品,-1.3969584304496387,official
2009-02,m12,Other nondurable goods,其他非耐久財,0.2114122785182503,official
2009-02,m15,Housing and utilities,住宅與公用事業,0.5035248127446765,official
2009-02,m16,Health care,醫療服務,0.3728781878663076,official
2009-02,m17,Transportation services,運輸服務,0.15138320019913556,official
2009-02,m18,Recreation services,休閒服務,0.07033751216311013,official
2009-02,m19,Food services and accommodations,餐飲與住宿,0.22222986580978027,official
2009-02,m20,Financial services and insurance,金融服務與保險,-0.7364871806476432,official
2009-02,m21,Other services,其他服務,0.3026464664750741,official
2009-02,m22,Final consumption expenditures of nonprofit institutions serving households,服務家庭之非營利機構淨消費,-0.020525559503066247,official
2009-02,residual,Residual,差額,0.005376660405968264,official
2009-03,m4,Motor vehicles and parts,汽車與零組件,-0.12104044677610425,official
2009-03,m5,Furnishings and durable household equipment,家具與耐久家用設備,0.020217972584193604,official
2009-03,m6,Recreational goods and vehicles,休閒商品與交通工具,-0.17060393749647432,official
2009-03,m7,Other durable goods,其他耐久財,0.0100283183843854,official
2009-03,m9,Food and beverages purchased for off-premises consumption,食物與飲料（居家消費）,0.36420454673661645,official
2009-03,m10,Clothing and footwear,服裝與鞋類,0.04974310374005754,official
2009-03,m11,Gasoline and other energy goods,汽油與其他能源商品,-1.5822715631522535,official
2009-03,m12,Other nondurable goods,其他非耐久財,0.29043650927962994,official
2009-03,m15,Housing and utilities,住宅與公用事業,0.4322873582670502,official
2009-03,m16,Health care,醫療服務,0.38174603711851973,official
2009-03,m17,Transportation services,運輸服務,0.11107835505161617,official
2009-03,m18,Recreation services,休閒服務,0.060165284594121966,official
2009-03,m19,Food services and accommodations,餐飲與住宿,0.191681164325605,official
2009-03,m20,Financial services and insurance,金融服務與保險,-0.7741791617306932,official
2009-03,m21,Other services,其他服務,0.2718551362328651,official
2009-03,m22,Final consumption expenditures of nonprofit institutions serving households,服務家庭之非營利機構淨消費,-0.08025644497094828,official
2009-03,residual,Residual,差額,0.019156089580855573,official
2009-04,m4,Motor vehicles and parts,汽車與零組件,-0.0909247851890224,official
2009-04,m5,Furnishings and durable household equipment,家具與耐久家用設備,0.040143695311884144,official
2009-04,m6,Recreational goods and vehicles,休閒商品與交通工具,-0.16025484521222086,official
2009-04,m7,Other durable goods,其他耐久財,2.826608407752347e-05,official
2009-04,m9,Food and beverages purchased for off-premises consumption,食物與飲料（居家消費）,0.23392943614229889,official
2009-04,m10,Clothing and footwear,服裝與鞋類,0.039669703487651885,official
2009-04,m11,Gasoline and other energy goods,汽油與其他能源商品,-1.5395281478395024,official
2009-04,m12,Other nondurable goods,其他非耐久財,0.3990672192254417,official
2009-04,m15,Housing and utilities,住宅與公用事業,0.3317261455647023,official
2009-04,m16,Health care,醫療服務,0.3709545152535501,official
2009-04,m17,Transportation services,運輸服務,0.1208022612867262,official
2009-04,m18,Recreation services,休閒服務,0.030214529442899138,official
2009-04,m19,Food services and accommodations,餐飲與住宿,0.20125620784017836,official
2009-04,m20,Financial services and insurance,金融服務與保險,-0.7129126454126735,official
2009-04,m21,Other services,其他服務,0.22139292109145373,official
2009-04,m22,Final consumption expenditures of nonprofit institutions serving households,服務家庭之非營利機構淨消費,-0.04028705278212593,official
2009-04,residual,Residual,差額,-0.012851383461530919,official
2009-05,m4,Motor vehicles and parts,汽車與零組件,-0.07067829109665845,official
2009-05,m5,Furnishings and durable household equipment,家具與耐久家用設備,0.03997219107423189,official
2009-05,m6,Recreational goods and vehicles,休閒商品與交通工具,-0.169414442700157,official
2009-05,m7,Other durable goods,其他耐久財,2.8145324063691066e-05,official
2009-05,m9,Food and beverages purchased for off-premises consumption,食物與飲料（居家消費）,0.1733559093967257,official
2009-05,m10,Clothing and footwear,服裝與鞋類,0.03950022426553039,official
2009-05,m11,Gasoline and other energy goods,汽油與其他能源商品,-1.613230769230769,official
2009-05,m12,Other nondurable goods,其他非耐久財,0.4171638259699484,official
2009-05,m15,Housing and utilities,住宅與公用事業,0.2407499439336174,official
2009-05,m16,Health care,醫療服務,0.39895895940793896,official
2009-05,m17,Transportation services,運輸服務,0.05069825072886296,official
2009-05,m18,Recreation services,休閒服務,0.03002893025342005,official
2009-05,m19,Food services and accommodations,餐飲與住宿,0.17058107198923525,official
2009-05,m20,Financial services and insurance,金融服務與保險,-0.6801080959856469,official
2009-05,m21,Other services,其他服務,0.1905187261717874,official
2009-05,m22,Final consumption expenditures of nonprofit institutions serving households,服務家庭之非營利機構淨消費,-0.08978829333931375,official
2009-05,residual,Residual,差額,-0.017549114151167444,official
2009-06,m4,Motor vehicles and parts,汽車與零組件,-0.04056185779331381,official
2009-06,m5,Furnishings and durable household equipment,家具與耐久家用設備,0.039684282008750155,official
2009-06,m6,Recreational goods and vehicles,休閒商品與交通工具,-0.18787357921337683,official
2009-06,m7,Other durable goods,其他耐久財,-0.009811749251338686,official
2009-06,m9,Food and beverages purchased for off-premises consumption,食物與飲料（居家消費）,0.13230710142830107,official
2009-06,m10,Clothing and footwear,服裝與鞋類,0.05898337916216728,official
2009-06,m11,Gasoline and other energy goods,汽油與其他能源商品,-1.5660484041546527,official
2009-06,m12,Other nondurable goods,其他非耐久財,0.4041428523717813,official
2009-06,m15,Housing and utilities,住宅與公用事業,0.15950382401727764,official
2009-06,m16,Health care,醫療服務,0.40574849432798604,official
2009-06,m17,Transportation services,運輸服務,0.01070947487949057,official
2009-06,m18,Recreation services,休閒服務,0.04940374274995269,official
2009-06,m19,Food services and accommodations,餐飲與住宿,0.14949647656049964,official
2009-06,m20,Financial services and insurance,金融服務與保險,-0.6754743006000423,official
2009-06,m21,Other services,其他服務,0.16920224431407038,official
2009-06,m22,Final consumption expenditures of nonprofit institutions serving households,服務家庭之非營利機構淨消費,-0.09906954479165507,official
2009-06,residual,Residual,差額,-0.018967125697166298,official
2009-07,m4,Motor vehicles and parts,汽車與零組件,-0.04037398193805751,official
2009-07,m5,Furnishings and durable household equipment,家具與耐久家用設備,0.019694498310155684,official
2009-07,m6,Recreational goods and vehicles,休閒商品與交通工具,-0.20660657100116347,official
2009-07,m7,Other durable goods,其他耐久財,-0.01971998448667516,official
2009-07,m9,Food and beverages purchased for off-premises consumption,食物與飲料（居家消費）,0.01255426893456702,official
2009-07,m10,Clothing and footwear,服裝與鞋類,0.038904205219125715,official
2009-07,m11,Gasoline and other energy goods,汽油與其他能源商品,-1.7278045321070419,official
2009-07,m12,Other nondurable goods,其他非耐久財,0.42187412044988637,official
2009-07,m15,Housing and utilities,住宅與公用事業,0.04937592110366225,official
2009-07,m16,Health care,醫療服務,0.38375898941769626,official
2009-07,m17,Transportation services,運輸服務,0.030364452324228484,official
2009-07,m18,Recreation services,休閒服務,0.039221231093135356,official
2009-07,m19,Food services and accommodations,餐飲與住宿,0.10909069754557038,official
2009-07,m20,Financial services and insurance,金融服務與保險,-0.6129276968253089,official
2009-07,m21,Other services,其他服務,0.15826206438029808,official
2009-07,m22,Final consumption expenditures of nonprofit institutions serving households,服務家庭之非營利機構淨消費,-0.08875837996564906,official
2009-07,residual,Residual,差額,-0.03291849963987681,official
2009-08,m4,Motor vehicles and parts,汽車與零組件,-0.02053719558177705,official
2009-08,m5,Furnishings and durable household equipment,家具與耐久家用設備,-0.019881781484274497,official
2009-08,m6,Recreational goods and vehicles,休閒商品與交通工具,-0.20648039302666016,official
2009-08,m7,Other durable goods,其他耐久財,-0.029597325112008164,official
2009-08,m9,Food and beverages purchased for off-premises consumption,食物與飲料（居家消費）,-0.027467950139732952,official
2009-08,m10,Clothing and footwear,服裝與鞋類,0.028780885418977067,official
2009-08,m11,Gasoline and other energy goods,汽油與其他能源商品,-1.3612512753404604,official
2009-08,m12,Other nondurable goods,其他非耐久財,0.41206083928492215,official
2009-08,m15,Housing and utilities,住宅與公用事業,0.039261078827130376,official
2009-08,m16,Health care,醫療服務,0.4132136361620015,official
2009-08,m17,Transportation services,運輸服務,0.05997316240074524,official
2009-08,m18,Recreation services,休閒服務,0.03895954398261101,official
2009-08,m19,Food services and accommodations,餐飲與住宿,0.09902419819899748,official
2009-08,m20,Financial services and insurance,金融服務與保險,-0.5636768619970723,official
2009-08,m21,Other services,其他服務,0.1580967484363217,official
2009-08,m22,Final consumption expenditures of nonprofit institutions serving households,服務家庭之非營利機構淨消費,-0.10855298762365259,official
2009-08,residual,Residual,差額,-0.012044093510170661,official
2009-09,m4,Motor vehicles and parts,汽車與零組件,0.03899032654825091,official
2009-09,m5,Furnishings and durable household equipment,家具與耐久家用設備,-0.019975179230334525,official
2009-09,m6,Recreational goods and vehicles,休閒商品與交通工具,-0.225962414263078,official
2009-09,m7,Other durable goods,其他耐久財,-0.009699269781821004,official
2009-09,m9,Food and beverages purchased for off-premises consumption,食物與飲料（居家消費）,-0.09716710804791295,official
2009-09,m10,Clothing and footwear,服裝與鞋類,0.038638735913659183,official
2009-09,m11,Gasoline and other energy goods,汽油與其他能源商品,-1.330474697219852,official
2009-09,m12,Other nondurable goods,其他非耐久財,0.42138032289161964,official
2009-09,m15,Housing and utilities,住宅與公用事業,0.049330060833047085,official
2009-09,m16,Health care,醫療服務,0.40287854443915033,official
2009-09,m17,Transportation services,運輸服務,0.029838332576152114,official
2009-09,m18,Recreation services,休閒服務,0.028935477079570508,official
2009-09,m19,Food services and accommodations,餐飲與住宿,0.08884029386018372,official
2009-09,m20,Financial services and insurance,金融服務與保險,-0.5034781211563819,official
2009-09,m21,Other services,其他服務,0.17761897902423351,official
2009-09,m22,Final consumption expenditures of nonprofit institutions serving households,服務家庭之非營利機構淨消費,-0.09869092601416113,official
2009-09,residual,Residual,差額,-0.013752036078764851,official
2009-10,m4,Motor vehicles and parts,汽車與零組件,0.09923659524154778,official
2009-10,m5,Furnishings and durable household equipment,家具與耐久家用設備,-0.030071499481322015,official
2009-10,m6,Recreational goods and vehicles,休閒商品與交通工具,-0.237428138001807,official
2009-10,m7,Other durable goods,其他耐久財,-0.009866705335132904,official
2009-10,m9,Food and beverages purchased for off-premises consumption,食物與飲料（居家消費）,-0.11804898997222563,official
2009-10,m10,Clothing and footwear,服裝與鞋類,0.04906504110383599,official
2009-10,m11,Gasoline and other energy goods,汽油與其他能源商品,-0.745809193427848,official
2009-10,m12,Other nondurable goods,其他非耐久財,0.42407870520128055,official
2009-10,m15,Housing and utilities,住宅與公用事業,0.049555052369744904,official
2009-10,m16,Health care,醫療服務,0.4649262138737995,official
2009-10,m17,Transportation services,運輸服務,0.02993374307035058,official
2009-10,m18,Recreation services,休閒服務,0.03919432019720918,official
2009-10,m19,Food services and accommodations,餐飲與住宿,0.0892249947016765,official
2009-10,m20,Financial services and insurance,金融服務與保險,-0.17627868066167696,official
2009-10,m21,Other services,其他服務,0.198520931166412,official
2009-10,m22,Final consumption expenditures of nonprofit institutions serving households,服務家庭之非營利機構淨消費,-0.07890519904964807,official
2009-10,residual,Residual,差額,-0.03394195268317243,official
2009-11,m4,Motor vehicles and parts,汽車與零組件,0.1409034573837662,official
2009-11,m5,Furnishings and durable household equipment,家具與耐久家用設備,-0.030431975438240035,official
2009-11,m6,Recreational goods and vehicles,休閒商品與交通工具,-0.23014549682254806,official
2009-11,m7,Other durable goods,其他耐久財,0.00013488650344835318,official
2009-11,m9,Food and beverages purchased for off-premises consumption,食物與飲料（居家消費）,-0.13969760590565847,official
2009-11,m10,Clothing and footwear,服裝與鞋類,0.02940943415393993,official
2009-11,m11,Gasoline and other energy goods,汽油與其他能源商品,0.5304697888094996,official
2009-11,m12,Other nondurable goods,其他非耐久財,0.4190237377670922,official
2009-11,m15,Housing and utilities,住宅與公用事業,0.04002878331245132,official
2009-11,m16,Health care,醫療服務,0.4806033208041267,official
2009-11,m17,Transportation services,運輸服務,0.060652195997426425,official
2009-11,m18,Recreation services,休閒服務,0.07002201076834513,official
2009-11,m19,Food services and accommodations,餐飲與住宿,0.07005169708667727,official
2009-11,m20,Financial services and insurance,金融服務與保險,-0.026587089273418903,official
2009-11,m21,Other services,其他服務,0.19077500479721873,official
2009-11,m22,Final consumption expenditures of nonprofit institutions serving households,服務家庭之非營利機構淨消費,-0.08996828191843598,official
2009-11,residual,Residual,差額,-0.054631855789961214,official
2009-12,m4,Motor vehicles and parts,汽車與零組件,0.17215748371132147,official
2009-12,m5,Furnishings and durable household equipment,家具與耐久家用設備,-0.02054677745238257,official
2009-12,m6,Recreational goods and vehicles,休閒商品與交通工具,-0.2317323889305092,official
2009-12,m7,Other durable goods,其他耐久財,-0.010067424913164886,official
2009-12,m9,Food and beverages purchased for off-premises consumption,食物與飲料（居家消費）,-0.1302794615087743,official
2009-12,m10,Clothing and footwear,服裝與鞋類,0.0598901223637313,official
2009-12,m11,Gasoline and other energy goods,汽油與其他能源商品,1.0259097822879066,official
2009-12,m12,Other nondurable goods,其他非耐久財,0.4012657495062317,official
2009-12,m15,Housing and utilities,住宅與公用事業,0.019994438012213667,official
2009-12,m16,Health care,醫療服務,0.48374435287974754,official
2009-12,m17,Transportation services,運輸服務,0.07119605439397035,official
2009-12,m18,Recreation services,休閒服務,0.07026856455311131,official
2009-12,m19,Food services and accommodations,餐飲與住宿,0.07059218143431178,official
2009-12,m20,Financial services and insurance,金融服務與保險,0.07426604463211423,official
2009-12,m21,Other services,其他服務,0.19214068423800768,official
2009-12,m22,Final consumption expenditures of nonprofit institutions serving households,服務家庭之非營利機構淨消費,-0.10052997797906876,official
2009-12,residual,Residual,差額,-0.05855115893665008,official
2010-01,m4,Motor vehicles and parts,汽車與零組件,0.18234575747945703,official
2010-01,m5,Furnishings and durable household equipment,家具與耐久家用設備,-0.030543310482589542,official
2010-01,m6,Recreational goods and vehicles,休閒商品與交通工具,-0.22191617106278658,official
2010-01,m7,Other durable goods,其他耐久財,-0.020274095428337947,official
2010-01,m9,Food and beverages purchased for off-premises consumption,食物與飲料（居家消費）,-0.1100579970036773,official
2010-01,m10,Clothing and footwear,服裝與鞋類,0.04967551187179371,official
2010-01,m11,Gasoline and other energy goods,汽油與其他能源商品,1.0474626594633858,official
2010-01,m12,Other nondurable goods,其他非耐久財,0.38143142506923317,official
2010-01,m15,Housing and utilities,住宅與公用事業,-0.010004426385799247,official
2010-01,m16,Health care,醫療服務,0.4443208335224951,official
2010-01,m17,Transportation services,運輸服務,0.06118910882099241,official
2010-01,m18,Recreation services,休閒服務,0.060261724247514414,official
2010-01,m19,Food services and accommodations,餐飲與住宿,0.06079425250828528,official
2010-01,m20,Financial services and insurance,金融服務與保險,0.305903096200118,official
2010-01,m21,Other services,其他服務,0.20232668997139874,official
2010-01,m22,Final consumption expenditures of nonprofit institutions serving households,服務家庭之非營利機構淨消費,-0.05031529486539247,official
2010-01,residual,Residual,差額,-0.050879148317974465,official
2010-02,m4,Motor vehicles and parts,汽車與零組件,0.18201935059932475,official
2010-02,m5,Furnishings and durable household equipment,家具與耐久家用設備,-0.06089445539618879,official
2010-02,m6,Recreational goods and vehicles,休閒商品與交通工具,-0.2319605510615639,official
2010-02,m7,Other durable goods,其他耐久財,-0.030449663517096045,official
2010-02,m9,Food and beverages purchased for off-premises consumption,食物與飲料（居家消費）,-0.07968492964448372,official
2010-02,m10,Clothing and footwear,服裝與鞋類,0.00988795232592391,official
2010-02,m11,Gasoline and other energy goods,汽油與其他能源商品,0.8141612852060816,official
2010-02,m12,Other nondurable goods,其他非耐久財,0.3610142070559445,official
2010-02,m15,Housing and utilities,住宅與公用事業,-0.009986518025060615,official
2010-02,m16,Health care,醫療服務,0.4442147599302109,official
2010-02,m17,Transportation services,運輸服務,0.07106167720300002,official
2010-02,m18,Recreation services,休閒服務,0.04018965400040785,official
2010-02,m19,Food services and accommodations,餐飲與住宿,0.05070332857498923,official
2010-02,m20,Financial services and insurance,金融服務與保險,0.42628951125008496,official
2010-02,m21,Other services,其他服務,0.21217637595450117,official
2010-02,m22,Final consumption expenditures of nonprofit institutions serving households,服務家庭之非營利機構淨消費,-0.05022522828722271,official
2010-02,residual,Residual,差額,-0.032186572406137426,official
2010-03,m4,Motor vehicles and parts,汽車與零組件,0.18200773514500562,official
2010-03,m5,Furnishings and durable household equipment,家具與耐久家用設備,-0.08119531808231918,official
2010-03,m6,Recreational goods and vehicles,休閒商品與交通工具,-0.21240560741303632,official
2010-03,m7,Other durable goods,其他耐久財,-0.030483163016479714,official
2010-03,m9,Food and beverages purchased for off-premises consumption,食物與飲料（居家消費）,-0.03930485771643095,official
2010-03,m10,Clothing and footwear,服裝與鞋類,-0.00011217094443625661,official
2010-03,m11,Gasoline and other energy goods,汽油與其他能源商品,0.904520409667797,official
2010-03,m12,Other nondurable goods,其他非耐久財,0.26151323027367895,official
2010-03,m15,Housing and utilities,住宅與公用事業,0.010448230103551134,official
2010-03,m16,Health care,醫療服務,0.45556193219839175,official
2010-03,m17,Transportation services,運輸服務,0.09137372545906158,official
2010-03,m18,Recreation services,休閒服務,0.03001100159920153,official
2010-03,m19,Food services and accommodations,餐飲與住宿,0.06098197779264821,official
2010-03,m20,Financial services and insurance,金融服務與保險,0.5683955812133517,official
2010-03,m21,Other services,其他服務,0.2432902720910978,official
2010-03,m22,Final consumption expenditures of nonprofit institutions serving households,服務家庭之非營利機構淨消費,-0.030470346720502667,official
2010-03,residual,Residual,差額,-0.04141659767038686,official
2010-04,m4,Motor vehicles and parts,汽車與零組件,0.16153961152953167,official
2010-04,m5,Furnishings and durable household equipment,家具與耐久家用設備,-0.09130211223738603,official
2010-04,m6,Recreational goods and vehicles,休閒商品與交通工具,-0.22256209298374766,official
2010-04,m7,Other durable goods,其他耐久財,-0.030439662495045018,official
2010-04,m9,Food and beverages purchased for off-premises consumption,食物與飲料（居家消費）,0.0009310833003001329,official
2010-04,m10,Clothing and footwear,服裝與鞋類,-0.020557336202502975,official
2010-04,m11,Gasoline and other energy goods,汽油與其他能源商品,0.8832581686392208,official
2010-04,m12,Other nondurable goods,其他非耐久財,0.13108862336485644,official
2010-04,m15,Housing and utilities,住宅與公用事業,0.020419049776318022,official
2010-04,m16,Health care,醫療服務,0.46560835834418707,official
2010-04,m17,Transportation services,運輸服務,0.08125760235573928,official
2010-04,m18,Recreation services,休閒服務,0.07038495951073107,official
2010-04,m19,Food services and accommodations,餐飲與住宿,0.061131887422843874,official
2010-04,m20,Financial services and insurance,金融服務與保險,0.5882667195197916,official
2010-04,m21,Other services,其他服務,0.2534026841837024,official
2010-04,m22,Final consumption expenditures of nonprofit institutions serving households,服務家庭之非營利機構淨消費,-0.06062098646582478,official
2010-04,residual,Residual,差額,-0.009684127074006899,official
2010-05,m4,Motor vehicles and parts,汽車與零組件,0.15138187742541323,official
2010-05,m5,Furnishings and durable household equipment,家具與耐久家用設備,-0.09120707796395397,official
2010-05,m6,Recreational goods and vehicles,休閒商品與交通工具,-0.2330039485444692,official
2010-05,m7,Other durable goods,其他耐久財,-0.02019041261724009,official
2010-05,m9,Food and beverages purchased for off-premises consumption,食物與飲料（居家消費）,0.030898887845497644,official
2010-05,m10,Clothing and footwear,服裝與鞋類,-0.020535938542998407,official
2010-05,m11,Gasoline and other energy goods,汽油與其他能源商品,0.7111479063663207,official
2010-05,m12,Other nondurable goods,其他非耐久財,0.11097299376605158,official
2010-05,m15,Housing and utilities,住宅與公用事業,0.040604953217102065,official
2010-05,m16,Health care,醫療服務,0.4253933270729858,official
2010-05,m17,Transportation services,運輸服務,0.1113697715727426,official
2010-05,m18,Recreation services,休閒服務,0.0705396721237286,official
2010-05,m19,Food services and accommodations,餐飲與住宿,0.0812754138051976,official
2010-05,m20,Financial services and insurance,金融服務與保險,0.628980619321846,official
2010-05,m21,Other services,其他服務,0.2533668978469685,official
2010-05,m22,Final consumption expenditures of nonprofit institutions serving households,服務家庭之非營利機構淨消費,-0.04057870501318067,official
2010-05,residual,Residual,差額,-0.001946666364972316,official
2010-06,m4,Motor vehicles and parts,汽車與零組件,0.14076660068382219,official
2010-06,m5,Furnishings and durable household equipment,家具與耐久家用設備,-0.1109895177253914,official
2010-06,m6,Recreational goods and vehicles,休閒商品與交通工具,-0.24222770829584306,official
2010-06,m7,Other durable goods,其他耐久財,-0.010130241137304298,official
2010-06,m9,Food and beverages purchased for off-premises consumption,食物與飲料（居家消費）,0.010614990102573328,official
2010-06,m10,Clothing and footwear,服裝與鞋類,-0.03035563253554076,official
2010-06,m11,Gasoline and other energy goods,汽油與其他能源商品,0.16860052636314557,official
2010-06,m12,Other nondurable goods,其他非耐久財,0.11053727280906964,official
2010-06,m15,Housing and utilities,住宅與公用事業,0.0304242396976786,official
2010-06,m16,Health care,醫療服務,0.4337006253374122,official
2010-06,m17,Transportation services,運輸服務,0.12065311768940075,official
2010-06,m18,Recreation services,休閒服務,0.05046079269389958,official
2010-06,m19,Food services and accommodations,餐飲與住宿,0.09095600143962569,official
2010-06,m20,Financial services and insurance,金融服務與保險,0.5954438096095015,official
2010-06,m21,Other services,其他服務,0.25209038150080976,official
2010-06,m22,Final consumption expenditures of nonprofit institutions serving households,服務家庭之非營利機構淨消費,-0.050499595105272625,official
2010-06,residual,Residual,差額,0.0021731599784007294,official
2010-07,m4,Motor vehicles and parts,汽車與零組件,0.13059569060524953,official
2010-07,m5,Furnishings and durable household equipment,家具與耐久家用設備,-0.11113324036796293,official
2010-07,m6,Recreational goods and vehicles,休閒商品與交通工具,-0.23251400103461461,official
2010-07,m7,Other durable goods,其他耐久財,-0.02028418164233823,official
2010-07,m9,Food and beverages purchased for off-premises consumption,食物與飲料（居家消費）,0.04061042261757496,official
2010-07,m10,Clothing and footwear,服裝與鞋類,-0.020353343379591105,official
2010-07,m11,Gasoline and other energy goods,汽油與其他能源商品,0.2596648748341243,official
2010-07,m12,Other nondurable goods,其他非耐久財,0.08052821573963699,official
2010-07,m15,Housing and utilities,住宅與公用事業,0.06072985312970919,official
2010-07,m16,Health care,醫療服務,0.42380918108004767,official
2010-07,m17,Transportation services,運輸服務,0.11079687816288433,official
2010-07,m18,Recreation services,休閒服務,0.06061019770135625,official
2010-07,m19,Food services and accommodations,餐飲與住宿,0.10094464811857584,official
2010-07,m20,Financial services and insurance,金融服務與保險,0.5450700614021278,official
2010-07,m21,Other services,其他服務,0.25237444052090596,official
2010-07,m22,Final consumption expenditures of nonprofit institutions serving households,服務家庭之非營利機構淨消費,-0.04018263196959133,official
2010-07,residual,Residual,差額,-0.0038769933199751527,official
2010-08,m4,Motor vehicles and parts,汽車與零組件,0.13038113926889436,official
2010-08,m5,Furnishings and durable household equipment,家具與耐久家用設備,-0.09103285490020183,official
2010-08,m6,Recreational goods and vehicles,休閒商品與交通工具,-0.21189919264409057,official
2010-08,m7,Other durable goods,其他耐久財,-0.00012009419152275887,official
2010-08,m9,Food and beverages purchased for off-premises consumption,食物與飲料（居家消費）,0.04049293563579277,official
2010-08,m10,Clothing and footwear,服裝與鞋類,-0.05053420049338417,official
2010-08,m11,Gasoline and other energy goods,汽油與其他能源商品,0.15004821708903343,official
2010-08,m12,Other nondurable goods,其他非耐久財,0.09059284592958061,official
2010-08,m15,Housing and utilities,住宅與公用事業,0.060717425431711144,official
2010-08,m16,Health care,醫療服務,0.3931596770576362,official
2010-08,m17,Transportation services,運輸服務,0.07042879569410182,official
2010-08,m18,Recreation services,休閒服務,0.04049271137026239,official
2010-08,m19,Food services and accommodations,餐飲與住宿,0.10081587799955147,official
2010-08,m20,Financial services and insurance,金融服務與保險,0.5539540255662704,official
2010-08,m21,Other services,其他服務,0.24183651042834717,official
2010-08,m22,Final consumption expenditures of nonprofit institutions serving households,服務家庭之非營利機構淨消費,-0.030258578156537333,official
2010-08,residual,Residual,差額,-0.006680085220920784,official
2010-09,m4,Motor vehicles and parts,汽車與零組件,0.10036731449554431,official
2010-09,m5,Furnishings and durable household equipment,家具與耐久家用設備,-0.11100185840311674,official
2010-09,m6,Recreational goods and vehicles,休閒商品與交通工具,-0.1917378308181452,official
2010-09,m7,Other durable goods,其他耐久財,-0.010103779499350677,official
2010-09,m9,Food and beverages purchased for off-premises consumption,食物與飲料（居家消費）,0.08065917334646903,official
2010-09,m10,Clothing and footwear,服裝與鞋類,-0.05030473333034795,official
2010-09,m11,Gasoline and other energy goods,汽油與其他能源商品,0.16038220411087728,official
2010-09,m12,Other nondurable goods,其他非耐久財,0.07062704312390847,official
2010-09,m15,Housing and utilities,住宅與公用事業,0.07060342125296673,official
2010-09,m16,Health care,醫療服務,0.42292149926111683,official
2010-09,m17,Transportation services,運輸服務,0.05019949845506247,official
2010-09,m18,Recreation services,休閒服務,0.030295553266759215,official
2010-09,m19,Food services and accommodations,餐飲與住宿,0.11093323183019121,official
2010-09,m20,Financial services and insurance,金融服務與保險,0.5229613541713314,official
2010-09,m21,Other services,其他服務,0.2317587658412073,official
2010-09,m22,Final consumption expenditures of nonprofit institutions serving households,服務家庭之非營利機構淨消費,-0.050177555864045494,official
2010-09,residual,Residual,差額,-0.018832004836330185,official
2010-10,m4,Motor vehicles and parts,汽車與零組件,0.060139076319105984,official
2010-10,m5,Furnishings and durable household equipment,家具與耐久家用設備,-0.10061998817795524,official
2010-10,m6,Recreational goods and vehicles,休閒商品與交通工具,-0.19115432229570728,official
2010-10,m7,Other durable goods,其他耐久財,-0.02002777065233151,official
2010-10,m9,Food and beverages purchased for off-premises consumption,食物與飲料（居家消費）,0.07039202346564358,official
2010-10,m10,Clothing and footwear,服裝與鞋類,-0.050255958422091615,official
2010-10,m11,Gasoline and other energy goods,汽油與其他能源商品,0.3017920435408139,official
2010-10,m12,Other nondurable goods,其他非耐久財,0.06039782295930317,official
2010-10,m15,Housing and utilities,住宅與公用事業,0.07047790058329523,official
2010-10,m16,Health care,醫療服務,0.3419078103565573,official
2010-10,m17,Transportation services,運輸服務,0.05015112142132207,official
2010-10,m18,Recreation services,休閒服務,0.03018101111941381,official
2010-10,m19,Food services and accommodations,餐飲與住宿,0.10069303949232125,official
2010-10,m20,Financial services and insurance,金融服務與保險,0.4525215529259561,official
2010-10,m21,Other services,其他服務,0.19103375974482228,official
2010-10,m22,Final consumption expenditures of nonprofit institutions serving households,服務家庭之非營利機構淨消費,-0.009997657896791317,official
2010-10,residual,Residual,差額,0.0007883965515427249,official
2010-11,m4,Motor vehicles and parts,汽車與零組件,0.04017455249368651,official
2010-11,m5,Furnishings and durable household equipment,家具與耐久家用設備,-0.11061532813421296,official
2010-11,m6,Recreational goods and vehicles,休閒商品與交通工具,-0.1908134657959438,official
2010-11,m7,Other durable goods,其他耐久財,0.00024330548355156953,official
2010-11,m9,Food and beverages purchased for off-premises consumption,食物與飲料（居家消費）,0.08032718858121864,official
2010-11,m10,Clothing and footwear,服裝與鞋類,-0.03018056003649026,official
2010-11,m11,Gasoline and other energy goods,汽油與其他能源商品,0.2523841044867444,official
2010-11,m12,Other nondurable goods,其他非耐久財,0.08046847708789925,official
2010-11,m15,Housing and utilities,住宅與公用事業,0.07043777186912457,official
2010-11,m16,Health care,醫療服務,0.32137661730839834,official
2010-11,m17,Transportation services,運輸服務,0.05029715086719993,official
2010-11,m18,Recreation services,休閒服務,0.030241302969283658,official
2010-11,m19,Food services and accommodations,餐飲與住宿,0.11055269393794431,official
2010-11,m20,Financial services and insurance,金融服務與保險,0.4216041251793919,official
2010-11,m21,Other services,其他服務,0.18071812386663255,official
2010-11,m22,Final consumption expenditures of nonprofit institutions serving households,服務家庭之非營利機構淨消費,2.3362666459001563e-06,official
2010-11,residual,Residual,差額,-2.1582653785268135e-05,official
2010-12,m4,Motor vehicles and parts,汽車與零組件,0.030287750586508635,official
2010-12,m5,Furnishings and durable household equipment,家具與耐久家用設備,-0.11055137370884711,official
2010-12,m6,Recreational goods and vehicles,休閒商品與交通工具,-0.2112141562614661,official
2010-12,m7,Other durable goods,其他耐久財,0.02036224552196489,official
2010-12,m9,Food and beverages purchased for off-premises consumption,食物與飲料（居家消費）,0.08041138994207185,official
2010-12,m10,Clothing and footwear,服裝與鞋類,-0.04015732885622478,official
2010-12,m11,Gasoline and other energy goods,汽油與其他能源商品,0.4645990059929508,official
2010-12,m12,Other nondurable goods,其他非耐久財,0.08042195265680073,official
2010-12,m15,Housing and utilities,住宅與公用事業,0.11076585241107863,official
2010-12,m16,Health care,醫療服務,0.30133301459878364,official
2010-12,m17,Transportation services,運輸服務,0.05039871468439721,official
2010-12,m18,Recreation services,休閒服務,0.04021803666929809,official
2010-12,m19,Food services and accommodations,餐飲與住宿,0.11061941982899522,official
2010-12,m20,Financial services and insurance,金融服務與保險,0.350878261933088,official
2010-12,m21,Other services,其他服務,0.1606252015254784,official
2010-12,m22,Final consumption expenditures of nonprofit institutions serving households,服務家庭之非營利機構淨消費,0.03037692213611448,official
2010-12,residual,Residual,差額,0.0082932876727555,official
2011-01,m4,Motor vehicles and parts,汽車與零組件,0.0404945859589953,official
2011-01,m5,Furnishings and durable household equipment,家具與耐久家用設備,-0.10018416614893051,official
2011-01,m6,Recreational goods and vehicles,休閒商品與交通工具,-0.21089997337356883,official
2011-01,m7,Other durable goods,其他耐久財,0.04042147421673915,official
2011-01,m9,Food and beverages purchased for off-premises consumption,食物與飲料（居家消費）,0.12088543977988818,official
2011-01,m10,Clothing and footwear,服裝與鞋類,-0.01996582941333097,official
2011-01,m11,Gasoline and other energy goods,汽油與其他能源商品,0.4546375477056892,official
2011-01,m12,Other nondurable goods,其他非耐久財,0.08039362740747316,official
2011-01,m15,Housing and utilities,住宅與公用事業,0.13077494009052987,official
2011-01,m16,Health care,醫療服務,0.27073999289961836,official
2011-01,m17,Transportation services,運輸服務,0.07053973994852224,official
2011-01,m18,Recreation services,休閒服務,0.0502557246827017,official
2011-01,m19,Food services and accommodations,餐飲與住宿,0.12065068341173339,official
2011-01,m20,Financial services and insurance,金融服務與保險,0.32091417413685985,official
2011-01,m21,Other services,其他服務,0.16042158516020238,official
2011-01,m22,Final consumption expenditures of nonprofit institutions serving households,服務家庭之非營利機構淨消費,0.030457974616135614,official
2011-01,residual,Residual,差額,-0.0006724283305112877,official
2011-02,m4,Motor vehicles and parts,汽車與零組件,0.05065169636319258,official
2011-02,m5,Furnishings and durable household equipment,家具與耐久家用設備,-0.08018594537022655,official
2011-02,m6,Recreational goods and vehicles,休閒商品與交通工具,-0.19090420928839283,official
2011-02,m7,Other durable goods,其他耐久財,0.06057880489049637,official
2011-02,m9,Food and beverages purchased for off-premises consumption,食物與飲料（居家消費）,0.16166895954911578,official
2011-02,m10,Clothing and footwear,服裝與鞋類,-0.029966494330663236,official
2011-02,m11,Gasoline and other energy goods,汽油與其他能源商品,0.6057428939135066,official
2011-02,m12,Other nondurable goods,其他非耐久財,0.09070761310937049,official
2011-02,m15,Housing and utilities,住宅與公用事業,0.17140268932922095,official
2011-02,m16,Health care,醫療服務,0.2915263940355471,official
2011-02,m17,Transportation services,運輸服務,0.09085372889253777,official
2011-02,m18,Recreation services,休閒服務,0.06041305167861185,official
2011-02,m19,Food services and accommodations,餐飲與住宿,0.12065336055206692,official
2011-02,m20,Financial services and insurance,金融服務與保險,0.27092018550158653,official
2011-02,m21,Other services,其他服務,0.17073734661725876,official
2011-02,m22,Final consumption expenditures of nonprofit institutions serving households,服務家庭之非營利機構淨消費,0.030458650453768832,official
2011-02,residual,Residual,差額,-0.030227993875795667,official
2011-03,m4,Motor vehicles and parts,汽車與零組件,0.06056635756306711,official
2011-03,m5,Furnishings and durable household equipment,家具與耐久家用設備,-0.08025736475332647,official
2011-03,m6,Recreational goods and vehicles,休閒商品與交通工具,-0.20099001783716114,official
2011-03,m7,Other durable goods,其他耐久財,0.060493568650912356,official
2011-03,m9,Food and beverages purchased for off-premises consumption,食物與飲料（居家消費）,0.21266083912210149,official
2011-03,m10,Clothing and footwear,服裝與鞋類,-0.040094503716998485,official
2011-03,m11,Gasoline and other energy goods,汽油與其他能源商品,0.838251847420259,official
2011-03,m12,Other nondurable goods,其他非耐久財,0.10093440134720423,official
2011-03,m15,Housing and utilities,住宅與公用事業,0.18170018058740764,official
2011-03,m16,Health care,醫療服務,0.2816830081652098,official
2011-03,m17,Transportation services,運輸服務,0.11125048470546527,official
2011-03,m18,Recreation services,休閒服務,0.0804841515161587,official
2011-03,m19,Food services and accommodations,餐飲與住宿,0.130838014203255,official
2011-03,m20,Financial services and insurance,金融服務與保險,0.2311480041213813,official
2011-03,m21,Other services,其他服務,0.1407235683185429,official
2011-03,m22,Final consumption expenditures of nonprofit institutions serving households,服務家庭之非營利機構淨消費,0.040401723889609026,official
2011-03,residual,Residual,差額,-0.03924818027718846,official
2011-04,m4,Motor vehicles and parts,汽車與零組件,0.09093909866017053,official
2011-04,m5,Furnishings and durable household equipment,家具與耐久家用設備,-0.060013730483888826,official
2011-04,m6,Recreational goods and vehicles,休閒商品與交通工具,-0.19109733141401838,official
2011-04,m7,Other durable goods,其他耐久財,0.07066626065773447,official
2011-04,m9,Food and beverages purchased for off-premises consumption,食物與飲料（居家消費）,0.23316742331967666,official
2011-04,m10,Clothing and footwear,服裝與鞋類,-0.020083600930129557,official
2011-04,m11,Gasoline and other energy goods,汽油與其他能源商品,1.031701804894253,official
2011-04,m12,Other nondurable goods,其他非耐久財,0.1414907540693168,official
2011-04,m15,Housing and utilities,住宅與公用事業,0.2122181375262983,official
2011-04,m16,Health care,醫療服務,0.28216299413132545,official
2011-04,m17,Transportation services,運輸服務,0.10098460857047946,official
2011-04,m18,Recreation services,休閒服務,0.0706568486324881,official
2011-04,m19,Food services and accommodations,餐飲與住宿,0.14118347912744988,official
2011-04,m20,Financial services and insurance,金融服務與保險,0.2622719521647658,official
2011-04,m21,Other services,其他服務,0.14106909533827924,official
2011-04,m22,Final consumption expenditures of nonprofit institutions serving households,服務家庭之非營利機構淨消費,0.0503743771453881,official
2011-04,residual,Residual,差額,-0.06959561510352597,official
2011-05,m4,Motor vehicles and parts,汽車與零組件,0.11140094532815284,official
2011-05,m5,Furnishings and durable household equipment,家具與耐久家用設備,-0.0497489456380965,official
2011-05,m6,Recreational goods and vehicles,休閒商品與交通工具,-0.1815366563721095,official
2011-05,m7,Other durable goods,其他耐久財,0.060646785994974486,official
2011-05,m9,Food and beverages purchased for off-premises consumption,食物與飲料（居家消費）,0.26382913248984385,official
2011-05,m10,Clothing and footwear,服裝與鞋類,0.01065940512956752,official
2011-05,m11,Gasoline and other energy goods,汽油與其他能源商品,1.1425789526118288,official
2011-05,m12,Other nondurable goods,其他非耐久財,0.1516908533413033,official
2011-05,m15,Housing and utilities,住宅與公用事業,0.23288978182180453,official
2011-05,m16,Health care,醫療服務,0.3028121852134737,official
2011-05,m17,Transportation services,運輸服務,0.11144644062918563,official
2011-05,m18,Recreation services,休閒服務,0.08112841629860858,official
2011-05,m19,Food services and accommodations,餐飲與住宿,0.14138688716943956,official
2011-05,m20,Financial services and insurance,金融服務與保險,0.21245253987757226,official
2011-05,m21,Other services,其他服務,0.1617635794064579,official
2011-05,m22,Final consumption expenditures of nonprofit institutions serving households,服務家庭之非營利機構淨消費,0.0708492456192785,official
2011-05,residual,Residual,差額,-0.058002413132761,official
2011-06,m4,Motor vehicles and parts,汽車與零組件,0.12200551488909314,official
2011-06,m5,Furnishings and durable household equipment,家具與耐久家用設備,-0.019480515165945005,official
2011-06,m6,Recreational goods and vehicles,休閒商品與交通工具,-0.17216232378378976,official
2011-06,m7,Other durable goods,其他耐久財,0.0606723070619373,official
2011-06,m9,Food and beverages purchased for off-premises consumption,食物與飲料（居家消費）,0.2945062623891208,official
2011-06,m10,Clothing and footwear,服裝與鞋類,0.031225789304658864,official
2011-06,m11,Gasoline and other energy goods,汽油與其他能源商品,1.089717832582142,official
2011-06,m12,Other nondurable goods,其他非耐久財,0.14175047895372145,official
2011-06,m15,Housing and utilities,住宅與公用事業,0.25354968383517346,official
2011-06,m16,Health care,醫療服務,0.2937656282876159,official
2011-06,m17,Transportation services,運輸服務,0.10121238967453294,official
2011-06,m18,Recreation services,休閒服務,0.07115834819104994,official
2011-06,m19,Food services and accommodations,餐飲與住宿,0.17256597379873978,official
2011-06,m20,Financial services and insurance,金融服務與保險,0.212541943057109,official
2011-06,m21,Other services,其他服務,0.1621083930410516,official
2011-06,m22,Final consumption expenditures of nonprofit institutions serving households,服務家庭之非營利機構淨消費,0.0603213696415322,official
2011-06,residual,Residual,差額,-0.08700712062989702,official
2011-07,m4,Motor vehicles and parts,汽車與零組件,0.13189304919338776,official
2011-07,m5,Furnishings and durable household equipment,家具與耐久家用設備,-0.0094724379826949,official
2011-07,m6,Recreational goods and vehicles,休閒商品與交通工具,-0.16230277279868996,official
2011-07,m7,Other durable goods,其他耐久財,0.07061209586403772,official
2011-07,m9,Food and beverages purchased for off-premises consumption,食物與飲料（居家消費）,0.3250656133129744,official
2011-07,m10,Clothing and footwear,服裝與鞋類,0.05173936134900087,official
2011-07,m11,Gasoline and other energy goods,汽油與其他能源商品,1.01884905618624,official
2011-07,m12,Other nondurable goods,其他非耐久財,0.14162971077032022,official
2011-07,m15,Housing and utilities,住宅與公用事業,0.2847011440837372,official
2011-07,m16,Health care,醫療服務,0.30406404213414767,official
2011-07,m17,Transportation services,運輸服務,0.0911346787935117,official
2011-07,m18,Recreation services,休閒服務,0.06110624266967625,official
2011-07,m19,Food services and accommodations,餐飲與住宿,0.20322921507446504,official
2011-07,m20,Financial services and insurance,金融服務與保險,0.24261391046493616,official
2011-07,m21,Other services,其他服務,0.15225740777622873,official
2011-07,m22,Final consumption expenditures of nonprofit institutions serving households,服務家庭之非營利機構淨消費,0.06082719245834163,official
2011-07,residual,Residual,差額,-0.09224767089336217,official
2011-08,m4,Motor vehicles and parts,汽車與零組件,0.13199951382289896,official
2011-08,m5,Furnishings and durable household equipment,家具與耐久家用設備,0.01080031380521978,official
2011-08,m6,Recreational goods and vehicles,休閒商品與交通工具,-0.18262734525203864,official
2011-08,m7,Other durable goods,其他耐久財,0.06052904908178825,official
2011-08,m9,Food and beverages purchased for off-premises consumption,食物與飲料（居家消費）,0.36571412786457763,official
2011-08,m10,Clothing and footwear,服裝與鞋類,0.09218801794435483,official
2011-08,m11,Gasoline and other energy goods,汽油與其他能源商品,0.9880685509712493,official
2011-08,m12,Other nondurable goods,其他非耐久財,0.13173653620914455,official
2011-08,m15,Housing and utilities,住宅與公用事業,0.31541866478088887,official
2011-08,m16,Health care,醫療服務,0.3045089611279309,official
2011-08,m17,Transportation services,運輸服務,0.11126958520253696,official
2011-08,m18,Recreation services,休閒服務,0.0712959934587081,official
2011-08,m19,Food services and accommodations,餐飲與住宿,0.20323793949304989,official
2011-08,m20,Financial services and insurance,金融服務與保險,0.23286954984420236,official
2011-08,m21,Other services,其他服務,0.18315639433382688,official
2011-08,m22,Final consumption expenditures of nonprofit institutions serving households,服務家庭之非營利機構淨消費,0.060456674990607945,official
2011-08,residual,Residual,差額,-0.10389273165233526,official
2011-09,m4,Motor vehicles and parts,汽車與零組件,0.1218783115506888,official
2011-09,m5,Furnishings and durable household equipment,家具與耐久家用設備,0.00020476421759095878,official
2011-09,m6,Recreational goods and vehicles,休閒商品與交通工具,-0.19303073119039207,official
2011-09,m7,Other durable goods,其他耐久財,0.05018147297774638,official
2011-09,m9,Food and beverages purchased for off-premises consumption,食物與飲料（居家消費）,0.38652044330625224,official
2011-09,m10,Clothing and footwear,服裝與鞋類,0.08210636700812435,official
2011-09,m11,Gasoline and other energy goods,汽油與其他能源商品,0.9779890056517132,official
2011-09,m12,Other nondurable goods,其他非耐久財,0.152477922995408,official
2011-09,m15,Housing and utilities,住宅與公用事業,0.3562550777110562,official
2011-09,m16,Health care,醫療服務,0.30509857382550337,official
2011-09,m17,Transportation services,運輸服務,0.14172399328859062,official
2011-09,m18,Recreation services,休閒服務,0.09150267131755563,official
2011-09,m19,Food services and accommodations,餐飲與住宿,0.19334334157541505,official
2011-09,m20,Financial services and insurance,金融服務與保險,0.23234082479689155,official
2011-09,m21,Other services,其他服務,0.17328174673260333,official
2011-09,m22,Final consumption expenditures of nonprofit institutions serving households,服務家庭之非營利機構淨消費,0.05010917078770752,official
2011-09,residual,Residual,差額,-0.10295257859413454,official
2011-10,m4,Motor vehicles and parts,汽車與零組件,0.12149074063885741,official
2011-10,m5,Furnishings and durable household equipment,家具與耐久家用設備,0.00020411307093892023,official
2011-10,m6,Recreational goods and vehicles,休閒商品與交通工具,-0.20298698297774012,official
2011-10,m7,Other durable goods,其他耐久財,0.07056018309657684,official
2011-10,m9,Food and beverages purchased for off-premises consumption,食物與飲料（居家消費）,0.39556045818157815,official
2011-10,m10,Clothing and footwear,服裝與鞋類,0.10208261352758002,official
2011-10,m11,Gasoline and other energy goods,汽油與其他能源商品,0.7543748418261244,official
2011-10,m12,Other nondurable goods,其他非耐久財,0.16226218901640607,official
2011-10,m15,Housing and utilities,住宅與公用事業,0.3656922789141845,official
2011-10,m16,Health care,醫療服務,0.284191965317283,official
2011-10,m17,Transportation services,運輸服務,0.14157425644524158,official
2011-10,m18,Recreation services,休閒服務,0.0912116944135738,official
2011-10,m19,Food services and accommodations,餐飲與住宿,0.1930294561019355,official
2011-10,m20,Financial services and insurance,金融服務與保險,0.09054246762249535,official
2011-10,m21,Other services,其他服務,0.18299985695579934,official
2011-10,m22,Final consumption expenditures of nonprofit institutions serving households,服務家庭之非營利機構淨消費,0.05025076748715353,official
2011-10,residual,Residual,差額,-0.1094085672472831,official
2011-11,m4,Motor vehicles and parts,汽車與零組件,0.12151808657837518,official
2011-11,m5,Furnishings and durable household equipment,家具與耐久家用設備,0.009915002965012853,official
2011-11,m6,Recreational goods and vehicles,休閒商品與交通工具,-0.19260339109617625,official
2011-11,m7,Other durable goods,其他耐久財,0.04021073554281698,official
2011-11,m9,Food and beverages purchased for off-premises consumption,食物與飲料（居家消費）,0.374545145065999,official
2011-11,m10,Clothing and footwear,服裝與鞋類,0.13262656212250995,official
2011-11,m11,Gasoline and other energy goods,汽油與其他能源商品,0.7040500977356088,official
2011-11,m12,Other nondurable goods,其他非耐久財,0.16247732314247437,official
2011-11,m15,Housing and utilities,住宅與公用事業,0.37548318727899677,official
2011-11,m16,Health care,醫療服務,0.2841647448990798,official
2011-11,m17,Transportation services,運輸服務,0.12133260855241484,official
2011-11,m18,Recreation services,休閒服務,0.09129922470404779,official
2011-11,m19,Food services and accommodations,餐飲與住宿,0.2031635588939404,official
2011-11,m20,Financial services and insurance,金融服務與保險,0.12137818189804749,official
2011-11,m21,Other services,其他服務,0.19315389514836045,official
2011-11,m22,Final consumption expenditures of nonprofit institutions serving households,服務家庭之非營利機構淨消費,0.06039983747336979,official
2011-11,residual,Residual,差額,-0.10385495596406269,official
2011-12,m4,Motor vehicles and parts,汽車與零組件,0.11126638033045536,official
2011-12,m5,Furnishings and durable household equipment,家具與耐久家用設備,0.00989262392076084,official
2011-12,m6,Recreational goods and vehicles,休閒商品與交通工具,-0.16250569750624536,official
2011-12,m7,Other durable goods,其他耐久財,0.030142547223561383,official
2011-12,m9,Food and beverages purchased for off-premises consumption,食物與飲料（居家消費）,0.3842158259192707,official
2011-12,m10,Clothing and footwear,服裝與鞋類,0.1323272121663672,official
2011-12,m11,Gasoline and other energy goods,汽油與其他能源商品,0.42066912828154446,official
2011-12,m12,Other nondurable goods,其他非耐久財,0.17235734320901083,official
2011-12,m15,Housing and utilities,住宅與公用事業,0.36519689266774774,official
2011-12,m16,Health care,醫療服務,0.32477965990270413,official
2011-12,m17,Transportation services,運輸服務,0.1110813209449095,official
2011-12,m18,Recreation services,休閒服務,0.11158664592190033,official
2011-12,m19,Food services and accommodations,餐飲與住宿,0.21322106324231932,official
2011-12,m20,Financial services and insurance,金融服務與保險,0.20200092036639347,official
2011-12,m21,Other services,其他服務,0.2029646754612789,official
2011-12,m22,Final consumption expenditures of nonprofit institutions serving households,服務家庭之非營利機構淨消費,-0.00040901520795897164,official
2011-12,residual,Residual,差額,-0.1021626418898327,official
2012-01,m4,Motor vehicles and parts,汽車與零組件,0.0909932053046689,official
2012-01,m5,Furnishings and durable household equipment,家具與耐久家用設備,0.010114919927464992,official
2012-01,m6,Recreational goods and vehicles,休閒商品與交通工具,-0.1622711979200804,official
2012-01,m7,Other durable goods,其他耐久財,0.03030423193725285,official
2012-01,m9,Food and beverages purchased for off-premises consumption,食物與飲料（居家消費）,0.36388138777828755,official
2012-01,m10,Clothing and footwear,服裝與鞋類,0.13218304166393569,official
2012-01,m11,Gasoline and other energy goods,汽油與其他能源商品,0.4109513665858295,official
2012-01,m12,Other nondurable goods,其他非耐久財,0.1720933560551441,official
2012-01,m15,Housing and utilities,住宅與公用事業,0.36460761180660245,official
2012-01,m16,Health care,醫療服務,0.33402951650608464,official
2012-01,m17,Transportation services,運輸服務,0.10103067444451727,official
2012-01,m18,Recreation services,休閒服務,0.13194850451159032,official
2012-01,m19,Food services and accommodations,餐飲與住宿,0.2028646959865417,official
2012-01,m20,Financial services and insurance,金融服務與保險,0.22309977933626093,official
2012-01,m21,Other services,其他服務,0.2128310502283105,official
2012-01,m22,Final consumption expenditures of nonprofit institutions serving households,服務家庭之非營利機構淨消費,0.03051003910773198,official
2012-01,residual,Residual,差額,-0.07985973651437916,official
2012-02,m4,Motor vehicles and parts,汽車與零組件,0.07053977798838743,official
2012-02,m5,Furnishings and durable household equipment,家具與耐久家用設備,0.02031526084730438,official
2012-02,m6,Recreational goods and vehicles,休閒商品與交通工具,-0.17204886869941285,official
2012-02,m7,Other durable goods,其他耐久財,0.020247829449764155,official
2012-02,m9,Food and beverages purchased for off-premises consumption,食物與飲料（居家消費）,0.30278102770243037,official
2012-02,m10,Clothing and footwear,服裝與鞋類,0.12158741571075307,official
2012-02,m11,Gasoline and other energy goods,汽油與其他能源商品,0.46274551455929935,official
2012-02,m12,Other nondurable goods,其他非耐久財,0.16189929954137935,official
2012-02,m15,Housing and utilities,住宅與公用事業,0.33393433336601414,official
2012-02,m16,Health care,醫療服務,0.31392583635630794,official
2012-02,m17,Transportation services,運輸服務,0.09103402071963136,official
2012-02,m18,Recreation services,休閒服務,0.1113813087573668,official
2012-02,m19,Food services and accommodations,餐飲與住宿,0.2227580422018149,official
2012-02,m20,Financial services and insurance,金融服務與保險,0.27362223166334415,official
2012-02,m21,Other services,其他服務,0.20252382975478503,official
2012-02,m22,Final consumption expenditures of nonprofit institutions serving households,服務家庭之非營利機構淨消費,0.00996840855365644,official
2012-02,residual,Residual,差額,-0.034061243831486454,official
2012-03,m4,Motor vehicles and parts,汽車與零組件,0.08046763448560207,official
2012-03,m5,Furnishings and durable household equipment,家具與耐久家用設備,0.019983616518021833,official
2012-03,m6,Recreational goods and vehicles,休閒商品與交通工具,-0.1718606644532691,official
2012-03,m7,Other durable goods,其他耐久財,0.020166764316559255,official
2012-03,m9,Food and beverages purchased for off-premises consumption,食物與飲料（居家消費）,0.25226960050343944,official
2012-03,m10,Clothing and footwear,服裝與鞋類,0.15148113187075496,official
2012-03,m11,Gasoline and other energy goods,汽油與其他能源商品,0.30253466571186777,official
2012-03,m12,Other nondurable goods,其他非耐久財,0.17196200334179632,official
2012-03,m15,Housing and utilities,住宅與公用事業,0.3333483063168631,official
2012-03,m16,Health care,醫療服務,0.30320964346939216,official
2012-03,m17,Transportation services,運輸服務,0.06078966213137166,official
2012-03,m18,Recreation services,休閒服務,0.11118568669574463,official
2012-03,m19,Food services and accommodations,餐飲與住宿,0.212156543627802,official
2012-03,m20,Financial services and insurance,金融服務與保險,0.2630674001258599,official
2012-03,m21,Other services,其他服務,0.2121735781090641,official
2012-03,m22,Final consumption expenditures of nonprofit institutions serving households,服務家庭之非營利機構淨消費,0.020138771347351515,official
2012-03,residual,Residual,差額,-0.04504687194843804,official
2012-04,m4,Motor vehicles and parts,汽車與零組件,0.06021219356720724,official
2012-04,m5,Furnishings and durable household equipment,家具與耐久家用設備,0.0099414414901088,official
2012-04,m6,Recreational goods and vehicles,休閒商品與交通工具,-0.18155007184761823,official
2012-04,m7,Other durable goods,其他耐久財,-6.277212960662144e-05,official
2012-04,m9,Food and beverages purchased for off-premises consumption,食物與飲料（居家消費）,0.22133063949782297,official
2012-04,m10,Clothing and footwear,服裝與鞋類,0.1712143868102899,official
2012-04,m11,Gasoline and other energy goods,汽油與其他能源商品,0.11205927158399692,official
2012-04,m12,Other nondurable goods,其他非耐久財,0.13117570794213296,official
2012-04,m15,Housing and utilities,住宅與公用事業,0.34281318538846334,official
2012-04,m16,Health care,醫療服務,0.3026152533033698,official
2012-04,m17,Transportation services,運輸服務,0.08067720431733959,official
2012-04,m18,Recreation services,休閒服務,0.10075823546571303,official
2012-04,m19,Food services and accommodations,餐飲與住宿,0.21171796838704798,official
2012-04,m20,Financial services and insurance,金融服務與保險,0.2327693205268105,official
2012-04,m21,Other services,其他服務,0.2015483431831196,official
2012-04,m22,Final consumption expenditures of nonprofit institutions serving households,服務家庭之非營利機構淨消費,0.030240284365310035,official
2012-04,residual,Residual,差額,-0.02761184999513855,official
2012-05,m4,Motor vehicles and parts,汽車與零組件,0.05025959197742304,official
2012-05,m5,Furnishings and durable household equipment,家具與耐久家用設備,-5.838126629181817e-05,official
2012-05,m6,Recreational goods and vehicles,休閒商品與交通工具,-0.17123020745815293,official
2012-05,m7,Other durable goods,其他耐久財,-6.258213231650871e-05,official
2012-05,m9,Food and beverages purchased for off-premises consumption,食物與飲料（居家消費）,0.18058241237424333,official
2012-05,m10,Clothing and footwear,服裝與鞋類,0.15095607402141367,official
2012-05,m11,Gasoline and other energy goods,汽油與其他能源商品,-0.12117258019345525,official
2012-05,m12,Other nondurable goods,其他非耐久財,0.11063982420991404,official
2012-05,m15,Housing and utilities,住宅與公用事業,0.3220354811607316,official
2012-05,m16,Health care,醫療服務,0.30229744285745064,official
2012-05,m17,Transportation services,運輸服務,0.06049354790064414,official
2012-05,m18,Recreation services,休閒服務,0.0805137982291734,official
2012-05,m19,Food services and accommodations,餐飲與住宿,0.22144563648506002,official
2012-05,m20,Financial services and insurance,金融服務與保險,0.2322641590727935,official
2012-05,m21,Other services,其他服務,0.1913673280337793,official
2012-05,m22,Final consumption expenditures of nonprofit institutions serving households,服務家庭之非營利機構淨消費,-0.010128934272603887,official
2012-05,residual,Residual,差額,-0.023262134039919058,official
2012-06,m4,Motor vehicles and parts,汽車與零組件,0.030265786099828697,official
2012-06,m5,Furnishings and durable household equipment,家具與耐久家用設備,-0.010060440211594607,official
2012-06,m6,Recreational goods and vehicles,休閒商品與交通工具,-0.17158071084583976,official
2012-06,m7,Other durable goods,其他耐久財,-6.259494284575375e-05,official
2012-06,m9,Food and beverages purchased for off-premises consumption,食物與飲料（居家消費）,0.17077505683103675,official
2012-06,m10,Clothing and footwear,服裝與鞋類,0.12082310733793727,official
2012-06,m11,Gasoline and other energy goods,汽油與其他能源商品,-0.1637291933763561,official
2012-06,m12,Other nondurable goods,其他非耐久財,0.1309820187677092,official
2012-06,m15,Housing and utilities,住宅與公用事業,0.33257662763011886,official
2012-06,m16,Health care,醫療服務,0.2926727286439199,official
2012-06,m17,Transportation services,運輸服務,0.07050797789245737,official
2012-06,m18,Recreation services,休閒服務,0.10084982600545146,official
2012-06,m19,Food services and accommodations,餐飲與住宿,0.21196209827729237,official
2012-06,m20,Financial services and insurance,金融服務與保險,0.2323117034227906,official
2012-06,m21,Other services,其他服務,0.1915642271517685,official
2012-06,m22,Final consumption expenditures of nonprofit institutions serving households,服務家庭之非營利機構淨消費,0.02003285965157996,official
2012-06,residual,Residual,差額,-0.013871405638935297,official
2012-07,m4,Motor vehicles and parts,汽車與零組件,0.040351699882766705,official
2012-07,m5,Furnishings and durable household equipment,家具與耐久家用設備,9.40017423663956e-05,official
2012-07,m6,Recreational goods and vehicles,休閒商品與交通工具,-0.17144347526807704,official
2012-07,m7,Other durable goods,其他耐久財,-0.020337180162835967,official
2012-07,m9,Food and beverages purchased for off-premises consumption,食物與飲料（居家消費）,0.14053583144218462,official
2012-07,m10,Clothing and footwear,服裝與鞋類,0.10065177409466858,official
2012-07,m11,Gasoline and other energy goods,汽油與其他能源商品,-0.21413768996633578,official
2012-07,m12,Other nondurable goods,其他非耐久財,0.14089678092431462,official
2012-07,m15,Housing and utilities,住宅與公用事業,0.3023711240414296,official
2012-07,m16,Health care,醫療服務,0.31275874678683974,official
2012-07,m17,Transportation services,運輸服務,0.06025081471761834,official
2012-07,m18,Recreation services,休閒服務,0.10067844735794874,official
2012-07,m19,Food services and accommodations,餐飲與住宿,0.18165288189552256,official
2012-07,m20,Financial services and insurance,金融服務與保險,0.2624833023220796,official
2012-07,m21,Other services,其他服務,0.18125568689030622,official
2012-07,m22,Final consumption expenditures of nonprofit institutions serving households,服務家庭之非營利機構淨消費,-0.010104541983501285,official
2012-07,residual,Residual,差額,0.0020679307785609335,official
2012-08,m4,Motor vehicles and parts,汽車與零組件,0.030280376840207734,official
2012-08,m5,Furnishings and durable household equipment,家具與耐久家用設備,-0.019999892699257477,official
2012-08,m6,Recreational goods and vehicles,休閒商品與交通工具,-0.17132194514786042,official
2012-08,m7,Other durable goods,其他耐久財,-0.010172217691746432,official
2012-08,m9,Food and beverages purchased for off-premises consumption,食物與飲料（居家消費）,0.10029958367311902,official
2012-08,m10,Clothing and footwear,服裝與鞋類,0.0602279067771149,official
2012-08,m11,Gasoline and other energy goods,汽油與其他能源商品,0.029458989656208433,official
2012-08,m12,Other nondurable goods,其他非耐久財,0.13058918837718358,official
2012-08,m15,Housing and utilities,住宅與公用事業,0.3123404437958711,official
2012-08,m16,Health care,醫療服務,0.30232864071419374,official
2012-08,m17,Transportation services,運輸服務,0.050132731018498654,official
2012-08,m18,Recreation services,休閒服務,0.10058253573114727,official
2012-08,m19,Food services and accommodations,餐飲與住宿,0.18136668955749174,official
2012-08,m20,Financial services and insurance,金融服務與保險,0.2621478389630456,official
2012-08,m21,Other services,其他服務,0.1409237520923645,official
2012-08,m22,Final consumption expenditures of nonprofit institutions serving households,服務家庭之非營利機構淨消費,-0.00010429632173054176,official
2012-08,residual,Residual,差額,0.012787136786988729,official
2012-09,m4,Motor vehicles and parts,汽車與零組件,0.030237873284258573,official
2012-09,m5,Furnishings and durable household equipment,家具與耐久家用設備,-0.0101368307135127,official
2012-09,m6,Recreational goods and vehicles,休閒商品與交通工具,-0.16124647743954054,official
2012-09,m7,Other durable goods,其他耐久財,-0.00017197595551126516,official
2012-09,m9,Food and beverages purchased for off-premises consumption,食物與飲料（居家消費）,0.060214943156857076,official
2012-09,m10,Clothing and footwear,服裝與鞋類,0.09055418046224566,official
2012-09,m11,Gasoline and other energy goods,汽油與其他能源商品,0.20219850632721512,official
2012-09,m12,Other nondurable goods,其他非耐久財,0.1105849325489944,official
2012-09,m15,Housing and utilities,住宅與公用事業,0.31250592004457445,official
2012-09,m16,Health care,醫療服務,0.2922202578032081,official
2012-09,m17,Transportation services,運輸服務,0.030090434708069477,official
2012-09,m18,Recreation services,休閒服務,0.10059232590782946,official
2012-09,m19,Food services and accommodations,餐飲與住宿,0.18126308570938743,official
2012-09,m20,Financial services and insurance,金融服務與保險,0.2819027719738125,official
2012-09,m21,Other services,其他服務,0.1408769166479154,official
2012-09,m22,Final consumption expenditures of nonprofit institutions serving households,服務家庭之非營利機構淨消費,0.009881813408767027,official
2012-09,residual,Residual,差額,0.006402327300779165,official
2012-10,m4,Motor vehicles and parts,汽車與零組件,0.04040480450878077,official
2012-10,m5,Furnishings and durable household equipment,家具與耐久家用設備,-0.010136613485626117,official
2012-10,m6,Recreational goods and vehicles,休閒商品與交通工具,-0.15141102979781207,official
2012-10,m7,Other durable goods,其他耐久財,-0.02017154367881366,official
2012-10,m9,Food and beverages purchased for off-premises consumption,食物與飲料（居家消費）,0.07054902549046921,official
2012-10,m10,Clothing and footwear,服裝與鞋類,0.10088761263915826,official
2012-10,m11,Gasoline and other energy goods,汽油與其他能源商品,0.30319879137245664,official
2012-10,m12,Other nondurable goods,其他非耐久財,0.10058277705750625,official
2012-10,m15,Housing and utilities,住宅與公用事業,0.3331699686056853,official
2012-10,m16,Health care,醫療服務,0.29221399564979805,official
2012-10,m17,Transportation services,運輸服務,0.03025758338780015,official
2012-10,m18,Recreation services,休閒服務,0.11075774946693955,official
2012-10,m19,Food services and accommodations,餐飲與住宿,0.18142699482475974,official
2012-10,m20,Financial services and insurance,金融服務與保險,0.40306871390457416,official
2012-10,m21,Other services,其他服務,0.15120927043041285,official
2012-10,m22,Final consumption expenditures of nonprofit institutions serving households,服務家庭之非營利機構淨消費,0.03038455356855855,official
2012-10,residual,Residual,差額,0.010484843939196686,official
2012-11,m4,Motor vehicles and parts,汽車與零組件,0.040519568006843455,official
2012-11,m5,Furnishings and durable household equipment,家具與耐久家用設備,0.010040526090675794,official
2012-11,m6,Recreational goods and vehicles,休閒商品與交通工具,-0.15110179640718563,official
2012-11,m7,Other durable goods,其他耐久財,-0.02032763045337896,official
2012-11,m9,Food and beverages purchased for off-premises consumption,食物與飲料（居家消費）,0.09056137724550899,official
2012-11,m10,Clothing and footwear,服裝與鞋類,0.07074283575705732,official
2012-11,m11,Gasoline and other energy goods,汽油與其他能源商品,0.06930089820359289,official
2012-11,m12,Other nondurable goods,其他非耐久財,0.08041819931565442,official
2012-11,m15,Housing and utilities,住宅與公用事業,0.35323781009409755,official
2012-11,m16,Health care,醫療服務,0.2716580410607357,official
2012-11,m17,Transportation services,運輸服務,0.030195786997433707,official
2012-11,m18,Recreation services,休閒服務,0.10055196749358426,official
2012-11,m19,Food services and accommodations,餐飲與住宿,0.16109730538922157,official
2012-11,m20,Financial services and insurance,金融服務與保險,0.3928577844311378,official
2012-11,m21,Other services,其他服務,0.161471877673225,official
2012-11,m22,Final consumption expenditures of nonprofit institutions serving households,服務家庭之非營利機構淨消費,0.030519781864841743,official
2012-11,residual,Residual,差額,0.007357463644130924,official
2012-12,m4,Motor vehicles and parts,汽車與零組件,0.050660226131190284,official
2012-12,m5,Furnishings and durable household equipment,家具與耐久家用設備,-0.00012930942355782356,official
2012-12,m6,Recreational goods and vehicles,休閒商品與交通工具,-0.15118441019941437,official
2012-12,m7,Other durable goods,其他耐久財,-0.020315899715733006,official
2012-12,m9,Food and beverages purchased for off-premises consumption,食物與飲料（居家消費）,0.09084874003462501,official
2012-12,m10,Clothing and footwear,服裝與鞋類,0.07070201124243915,official
2012-12,m11,Gasoline and other energy goods,汽油與其他能源商品,0.057568555367944106,official
2012-12,m12,Other nondurable goods,其他非耐久財,0.0398854382627653,official
2012-12,m15,Housing and utilities,住宅與公用事業,0.3635376279735824,official
2012-12,m16,Health care,醫療服務,0.27235033235727873,official
2012-12,m17,Transportation services,運輸服務,0.030178361510676047,official
2012-12,m18,Recreation services,休閒服務,0.08050548229208969,official
2012-12,m19,Food services and accommodations,餐飲與住宿,0.15117992177314213,official
2012-12,m20,Financial services and insurance,金融服務與保險,0.36281819736251525,official
2012-12,m21,Other services,其他服務,0.161548507063928,official
2012-12,m22,Final consumption expenditures of nonprofit institutions serving households,服務家庭之非營利機構淨消費,0.04015677431765234,official
2012-12,residual,Residual,差額,0.02407228503642722,official
2013-01,m4,Motor vehicles and parts,汽車與零組件,0.060615374784331266,official
2013-01,m5,Furnishings and durable household equipment,家具與耐久家用設備,-0.010094787739365663,official
2013-01,m6,Recreational goods and vehicles,休閒商品與交通工具,-0.15083104351715765,official
2013-01,m7,Other durable goods,其他耐久財,-0.030212580143566155,official
2013-01,m9,Food and beverages purchased for off-premises consumption,食物與飲料（居家消費）,0.07076916522887511,official
2013-01,m10,Clothing and footwear,服裝與鞋類,0.08075074019639168,official
2013-01,m11,Gasoline and other energy goods,汽油與其他能源商品,-0.002423158029267014,official
2013-01,m12,Other nondurable goods,其他非耐久財,0.02978358574562805,official
2013-01,m15,Housing and utilities,住宅與公用事業,0.3727502289816176,official
2013-01,m16,Health care,醫療服務,0.2918396276652395,official
2013-01,m17,Transportation services,運輸服務,0.030237395360725925,official
2013-01,m18,Recreation services,休閒服務,0.06046115832747566,official
2013-01,m19,Food services and accommodations,餐飲與住宿,0.15082657038788422,official
2013-01,m20,Financial services and insurance,金融服務與保險,0.3120758514921081,official
2013-01,m21,Other services,其他服務,0.17144950689074914,official
2013-01,m22,Final consumption expenditures of nonprofit institutions serving households,服務家庭之非營利機構淨消費,0.00015624001533644065,official
2013-01,residual,Residual,差額,0.03265363068991789,official
2013-02,m4,Motor vehicles and parts,汽車與零組件,0.06033335458641503,official
2013-02,m5,Furnishings and durable household equipment,家具與耐久家用設備,-0.020049944741987586,official
2013-02,m6,Recreational goods and vehicles,休閒商品與交通工具,-0.15064120547479384,official
2013-02,m7,Other durable goods,其他耐久財,-0.030145158547989465,official
2013-02,m9,Food and beverages purchased for off-premises consumption,食物與飲料（居家消費）,0.09071335968715465,official
2013-02,m10,Clothing and footwear,服裝與鞋類,0.09054822324237015,official
2013-02,m11,Gasoline and other energy goods,汽油與其他能源商品,0.13096095808892294,official
2013-02,m12,Other nondurable goods,其他非耐久財,-0.0005094363682733999,official
2013-02,m15,Housing and utilities,住宅與公用事業,0.4024384723284877,official
2013-02,m16,Health care,醫療服務,0.2916286236504293,official
2013-02,m17,Transportation services,運輸服務,0.020192234123947973,official
2013-02,m18,Recreation services,休閒服務,0.08042835586159994,official
2013-02,m19,Food services and accommodations,餐飲與住宿,0.14065905806341922,official
2013-02,m20,Financial services and insurance,金融服務與保險,0.2918643203264473,official
2013-02,m21,Other services,其他服務,0.1712136572302984,official
2013-02,m22,Final consumption expenditures of nonprofit institutions serving households,服務家庭之非營利機構淨消費,-0.00013761370398708214,official
2013-02,residual,Residual,差額,0.03511040975941815,official
2013-03,m4,Motor vehicles and parts,汽車與零組件,0.05023726188961011,official
2013-03,m5,Furnishings and durable household equipment,家具與耐久家用設備,-0.02017182130584192,official
2013-03,m6,Recreational goods and vehicles,休閒商品與交通工具,-0.15067392134402444,official
2013-03,m7,Other durable goods,其他耐久財,-0.03008760765347249,official
2013-03,m9,Food and beverages purchased for off-premises consumption,食物與飲料（居家消費）,0.0807194221713122,official
2013-03,m10,Clothing and footwear,服裝與鞋類,0.039990348309363204,official
2013-03,m11,Gasoline and other energy goods,汽油與其他能源商品,-0.12217502439438288,official
2013-03,m12,Other nondurable goods,其他非耐久財,-0.010169063679945694,official
2013-03,m15,Housing and utilities,住宅與公用事業,0.40215063001145473,official
2013-03,m16,Health care,醫療服務,0.301533239998303,official
2013-03,m17,Transportation services,運輸服務,0.0201536846124475,official
2013-03,m18,Recreation services,休閒服務,0.06015283611217173,official
2013-03,m19,Food services and accommodations,餐飲與住宿,0.14055067667896992,official
2013-03,m20,Financial services and insurance,金融服務與保險,0.30176848669975814,official
2013-03,m21,Other services,其他服務,0.19148922404649782,official
2013-03,m22,Final consumption expenditures of nonprofit institutions serving households,服務家庭之非營利機構淨消費,2.2803444911120158e-05,official
2013-03,residual,Residual,差額,0.02150173942556899,official
2013-04,m4,Motor vehicles and parts,汽車與零組件,0.05017127785780866,official
2013-04,m5,Furnishings and durable household equipment,家具與耐久家用設備,-0.020145326667231588,official
2013-04,m6,Recreational goods and vehicles,休閒商品與交通工具,-0.16084547919667824,official
2013-04,m7,Other durable goods,其他耐久財,-0.020061223625116517,official
2013-04,m9,Food and beverages purchased for off-premises consumption,食物與飲料（居家消費）,0.09072779849165324,official
2013-04,m10,Clothing and footwear,服裝與鞋類,0.019964092026099486,official
2013-04,m11,Gasoline and other energy goods,汽油與其他能源商品,-0.3040737013812388,official
2013-04,m12,Other nondurable goods,其他非耐久財,0.009945555461401584,official
2013-04,m15,Housing and utilities,住宅與公用事業,0.42236134649605966,official
2013-04,m16,Health care,醫療服務,0.1902614185238539,official
2013-04,m17,Transportation services,運輸服務,-0.01008844589441573,official
2013-04,m18,Recreation services,休閒服務,0.04995943140411829,official
2013-04,m19,Food services and accommodations,餐飲與住宿,0.14062113380222016,official
2013-04,m20,Financial services and insurance,金融服務與保險,0.34221231251588846,official
2013-04,m21,Other services,其他服務,0.17113645030082197,official
2013-04,m22,Final consumption expenditures of nonprofit institutions serving households,服務家庭之非營利機構淨消費,0.030493496313871712,official
2013-04,residual,Residual,差額,0.03858518345903428,official
2013-05,m4,Motor vehicles and parts,汽車與零組件,0.040216432313206506,official
2013-05,m5,Furnishings and durable household equipment,家具與耐久家用設備,-0.020167970986829542,official
2013-05,m6,Recreational goods and vehicles,休閒商品與交通工具,-0.1510150367966745,official
2013-05,m7,Other durable goods,其他耐久財,-0.020083773408835444,official
2013-05,m9,Food and beverages purchased for off-premises consumption,食物與飲料（居家消費）,0.08061006129244343,official
2013-05,m10,Clothing and footwear,服裝與鞋類,0.009975292146508033,official
2013-05,m11,Gasoline and other energy goods,汽油與其他能源商品,-0.15455960637102067,official
2013-05,m12,Other nondurable goods,其他非耐久財,0.009852495175075825,official
2013-05,m15,Housing and utilities,住宅與公用事業,0.47351774087506093,official
2013-05,m16,Health care,醫療服務,0.1907880002545015,official
2013-05,m17,Transportation services,運輸服務,-0.010099785794574876,official
2013-05,m18,Recreation services,休閒服務,0.06013106827002608,official
2013-05,m19,Food services and accommodations,餐飲與住宿,0.1409876778859409,official
2013-05,m20,Financial services and insurance,金融服務與保險,0.36293217535153016,official
2013-05,m21,Other services,其他服務,0.1614218150198299,official
2013-05,m22,Final consumption expenditures of nonprofit institutions serving households,服務家庭之非營利機構淨消費,0.04043477338762698,official
2013-05,residual,Residual,差額,0.014088778604896657,official
2013-06,m4,Motor vehicles and parts,汽車與零組件,0.050364971247904594,official
2013-06,m5,Furnishings and durable household equipment,家具與耐久家用設備,-0.02017824177223248,official
2013-06,m6,Recreational goods and vehicles,休閒商品與交通工具,-0.14120981602902793,official
2013-06,m7,Other durable goods,其他耐久財,-0.020094001315594034,official
2013-06,m9,Food and beverages purchased for off-premises consumption,食物與飲料（居家消費）,0.09090213677934092,official
2013-06,m10,Clothing and footwear,服裝與鞋類,0.019985464807859614,official
2013-06,m11,Gasoline and other energy goods,汽油與其他能源商品,0.06621151356971601,official
2013-06,m12,Other nondurable goods,其他非耐久財,-2.461433997496057e-05,official
2013-06,m15,Housing and utilities,住宅與公用事業,0.4741277823752838,official
2013-06,m16,Health care,醫療服務,0.21138720903091646,official
2013-06,m17,Transportation services,運輸服務,2.3128991873023683e-05,official
2013-06,m18,Recreation services,休閒服務,0.0502795637320432,official
2013-06,m19,Food services and accommodations,餐飲與住宿,0.12117225794130752,official
2013-06,m20,Financial services and insurance,金融服務與保險,0.39350117766885223,official
2013-06,m21,Other services,其他服務,0.16162698665308634,official
2013-06,m22,Final consumption expenditures of nonprofit institutions serving households,服務家庭之非營利機構淨消費,0.04057833089311859,official
2013-06,residual,Residual,差額,0.00685254737199803,official
2013-07,m4,Motor vehicles and parts,汽車與零組件,0.0504973061259121,official
2013-07,m5,Furnishings and durable household equipment,家具與耐久家用設備,-0.05046114033599186,official
2013-07,m6,Recreational goods and vehicles,休閒商品與交通工具,-0.14130939249957578,official
2013-07,m7,Other durable goods,其他耐久財,-9.396741897166154e-05,official
2013-07,m9,Food and beverages purchased for off-premises consumption,食物與飲料（居家消費）,0.10101624809095537,official
2013-07,m10,Clothing and footwear,服裝與鞋類,0.04027203885966402,official
2013-07,m11,Gasoline and other energy goods,汽油與其他能源商品,0.12631649838791792,official
2013-07,m12,Other nondurable goods,其他非耐久財,-0.010020999490921428,official
2013-07,m15,Housing and utilities,住宅與公用事業,0.47425780587137284,official
2013-07,m16,Health care,醫療服務,0.19161918801968436,official
2013-07,m17,Transportation services,運輸服務,0.030313295435262178,official
2013-07,m18,Recreation services,休閒服務,0.060408323434583404,official
2013-07,m19,Food services and accommodations,餐飲與住宿,0.1414223443068047,official
2013-07,m20,Financial services and insurance,金融服務與保險,0.3736674868488037,official
2013-07,m21,Other services,其他服務,0.16156870439504498,official
2013-07,m22,Final consumption expenditures of nonprofit institutions serving households,服務家庭之非營利機構淨消費,0.05056009248260649,official
2013-07,residual,Residual,差額,-0.004920986763948809,official
2013-08,m4,Motor vehicles and parts,汽車與零組件,0.050328101051741445,official
2013-08,m5,Furnishings and durable household equipment,家具與耐久家用設備,-0.05045103324348607,official
2013-08,m6,Recreational goods and vehicles,休閒商品與交通工具,-0.14115385021933302,official
2013-08,m7,Other durable goods,其他耐久財,-0.020185613868188783,official
2013-08,m9,Food and beverages purchased for off-premises consumption,食物與飲料（居家消費）,0.10067776544580095,official
2013-08,m10,Clothing and footwear,服裝與鞋類,0.060070080862533695,official
2013-08,m11,Gasoline and other energy goods,汽油與其他能源商品,-0.07248274404101254,official
2013-08,m12,Other nondurable goods,其他非耐久財,0.010263516727445694,official
2013-08,m15,Housing and utilities,住宅與公用事業,0.45321262089741554,official
2013-08,m16,Health care,醫療服務,0.1609186618043444,official
2013-08,m17,Transportation services,運輸服務,0.030211722424818985,official
2013-08,m18,Recreation services,休閒服務,0.06036488557687226,official
2013-08,m19,Food services and accommodations,餐飲與住宿,0.13098197769673908,official
2013-08,m20,Financial services and insurance,金融服務與保險,0.41323524126631783,official
2013-08,m21,Other services,其他服務,0.18127826224829555,official
2013-08,m22,Final consumption expenditures of nonprofit institutions serving households,服務家庭之非營利機構淨消費,0.050390677025527186,official
2013-08,residual,Residual,差額,-0.012871941229333661,official
2013-09,m4,Motor vehicles and parts,汽車與零組件,0.0602850579073272,official
2013-09,m5,Furnishings and durable household equipment,家具與耐久家用設備,-0.05043796697332785,official
2013-09,m6,Recreational goods and vehicles,休閒商品與交通工具,-0.14086550114339308,official
2013-09,m7,Other durable goods,其他耐久財,-0.020124350584342365,official
2013-09,m9,Food and beverages purchased for off-premises consumption,食物與飲料（居家消費）,0.100372208698218,official
2013-09,m10,Clothing and footwear,服裝與鞋類,0.029978818247921344,official
2013-09,m11,Gasoline and other energy goods,汽油與其他能源商品,-0.3424236771943136,official
2013-09,m12,Other nondurable goods,其他非耐久財,0.00026271695488603274,official
2013-09,m15,Housing and utilities,住宅與公用事業,0.4523973317315292,official
2013-09,m16,Health care,醫療服務,0.180929784072587,official
2013-09,m17,Transportation services,運輸服務,0.04022973243547996,official
2013-09,m18,Recreation services,休閒服務,0.06032173079152309,official
2013-09,m19,Food services and accommodations,餐飲與住宿,0.12061479771953675,official
2013-09,m20,Financial services and insurance,金融服務與保險,0.4222308284067318,official
2013-09,m21,Other services,其他服務,0.18086813568967153,official
2013-09,m22,Final consumption expenditures of nonprofit institutions serving households,服務家庭之非營利機構淨消費,0.05023774145616642,official
2013-09,residual,Residual,差額,-0.0035919403960285035,official
2013-10,m4,Motor vehicles and parts,汽車與零組件,0.050136591926366436,official
2013-10,m5,Furnishings and durable household equipment,家具與耐久家用設備,-0.05028904953033391,official
2013-10,m6,Recreational goods and vehicles,休閒商品與交通工具,-0.14056338916090527,official
2013-10,m7,Other durable goods,其他耐久財,-0.030149200411877193,official
2013-10,m9,Food and beverages purchased for off-premises consumption,食物與飲料（居家消費）,0.09021917750646184,official
2013-10,m10,Clothing and footwear,服裝與鞋類,-0.00013491079496501072,official
2013-10,m11,Gasoline and other energy goods,汽油與其他能源商品,-0.4214040599323344,official
2013-10,m12,Other nondurable goods,其他非耐久財,0.010346207997982646,official
2013-10,m15,Housing and utilities,住宅與公用事業,0.45151680080694306,official
2013-10,m16,Health care,醫療服務,0.22073265807888706,official
2013-10,m17,Transportation services,運輸服務,0.04022474625422909,official
2013-10,m18,Recreation services,休閒服務,0.05017315653434761,official
2013-10,m19,Food services and accommodations,餐飲與住宿,0.10020394225313636,official
2013-10,m20,Financial services and insurance,金融服務與保險,0.42178073843696806,official
2013-10,m21,Other services,其他服務,0.1906459747410007,official
2013-10,m22,Final consumption expenditures of nonprofit institutions serving households,服務家庭之非營利機構淨消費,9.45636413306368e-06,official
2013-10,residual,Residual,差額,-0.00734192111293086,official
2013-11,m4,Motor vehicles and parts,汽車與零組件,0.04016402233227139,official
2013-11,m5,Furnishings and durable household equipment,家具與耐久家用設備,-0.07043476432303988,official
2013-11,m6,Recreational goods and vehicles,休閒商品與交通工具,-0.15076396555531024,official
2013-11,m7,Other durable goods,其他耐久財,-0.02016297090706453,official
2013-11,m9,Food and beverages purchased for off-premises consumption,食物與飲料（居家消費）,0.07016948974334711,official
2013-11,m10,Clothing and footwear,服裝與鞋類,0.00996950866900083,official
2013-11,m11,Gasoline and other energy goods,汽油與其他能源商品,-0.211353184241239,official
2013-11,m12,Other nondurable goods,其他非耐久財,0.010353278869507621,official
2013-11,m15,Housing and utilities,住宅與公用事業,0.4522160889085155,official
2013-11,m16,Health care,醫療服務,0.24109253593245644,official
2013-11,m17,Transportation services,運輸服務,0.02004321357600227,official
2013-11,m18,Recreation services,休閒服務,0.06031195785887771,official
2013-11,m19,Food services and accommodations,餐飲與住宿,0.14069047093335016,official
2013-11,m20,Financial services and insurance,金融服務與保險,0.4324665383927915,official
2013-11,m21,Other services,其他服務,0.180964787769822,official
2013-11,m22,Final consumption expenditures of nonprofit institutions serving households,服務家庭之非營利機構淨消費,0.00010714022857983771,official
2013-11,residual,Residual,差額,-0.010363687979065839,official
2013-12,m4,Motor vehicles and parts,汽車與零組件,0.030168780364691776,official
2013-12,m5,Furnishings and durable household equipment,家具與耐久家用設備,-0.0705654405114939,official
2013-12,m6,Recreational goods and vehicles,休閒商品與交通工具,-0.16102845605400973,official
2013-12,m7,Other durable goods,其他耐久財,-0.03028729467684607,official
2013-12,m9,Food and beverages purchased for off-premises consumption,食物與飲料（居家消費）,0.06029854670115886,official
2013-12,m10,Clothing and footwear,服裝與鞋類,0.04033451111531748,official
2013-12,m11,Gasoline and other energy goods,汽油與其他能源商品,-0.04052274591456869,official
2013-12,m12,Other nondurable goods,其他非耐久財,0.009996214272193828,official
2013-12,m15,Housing and utilities,住宅與公用事業,0.4728884051570026,official
2013-12,m16,Health care,醫療服務,0.20124382190253853,official
2013-12,m17,Transportation services,運輸服務,0.07065209161461292,official
2013-12,m18,Recreation services,休閒服務,0.06032147138620733,official
2013-12,m19,Food services and accommodations,餐飲與住宿,0.14083222916272323,official
2013-12,m20,Financial services and insurance,金融服務與保險,0.4427754642774518,official
2013-12,m21,Other services,其他服務,0.170991755526111,official
2013-12,m22,Final consumption expenditures of nonprofit institutions serving households,服務家庭之非營利機構淨消費,0.030231455191705052,official
2013-12,residual,Residual,差額,-0.0402306139188533,official
2014-01,m4,Motor vehicles and parts,汽車與零組件,0.01001091577013907,official
2014-01,m5,Furnishings and durable household equipment,家具與耐久家用設備,-0.07043138283914982,official
2014-01,m6,Recreational goods and vehicles,休閒商品與交通工具,-0.1608610863290475,official
2014-01,m7,Other durable goods,其他耐久財,-0.04034930464445027,official
2014-01,m9,Food and beverages purchased for off-premises consumption,食物與飲料（居家消費）,0.0603225400157439,official
2014-01,m10,Clothing and footwear,服裝與鞋類,0.010176331671477303,official
2014-01,m11,Gasoline and other energy goods,汽油與其他能源商品,0.030391078457097896,official
2014-01,m12,Other nondurable goods,其他非耐久財,0.04033586985043296,official
2014-01,m15,Housing and utilities,住宅與公用事業,0.51288386250328,official
2014-01,m16,Health care,醫療服務,0.18103804775649435,official
2014-01,m17,Transportation services,運輸服務,0.03017822093938599,official
2014-01,m18,Recreation services,休閒服務,0.07046496982419312,official
2014-01,m19,Food services and accommodations,餐飲與住宿,0.140703227499344,official
2014-01,m20,Financial services and insurance,金融服務與保險,0.47257003411178167,official
2014-01,m21,Other services,其他服務,0.15084345316189976,official
2014-01,m22,Final consumption expenditures of nonprofit institutions serving households,服務家庭之非營利機構淨消費,0.04029357124114405,official
2014-01,residual,Residual,差額,-0.0731649435843531,official
2014-02,m4,Motor vehicles and parts,汽車與零組件,0.019939966950446586,official
2014-02,m5,Furnishings and durable household equipment,家具與耐久家用設備,-0.08028625515091932,official
2014-02,m6,Recreational goods and vehicles,休閒商品與交通工具,-0.16043079465350263,official
2014-02,m7,Other durable goods,其他耐久財,-0.05031083314159014,official
2014-02,m9,Food and beverages purchased for off-premises consumption,食物與飲料（居家消費）,0.07035329554249377,official
2014-02,m10,Clothing and footwear,服裝與鞋類,3.566423327127505e-05,official
2014-02,m11,Gasoline and other energy goods,汽油與其他能源商品,-0.2491440584014893,official
2014-02,m12,Other nondurable goods,其他非耐久財,0.08033112305729287,official
2014-02,m15,Housing and utilities,住宅與公用事業,0.5217301859560315,official
2014-02,m16,Health care,醫療服務,0.17071171585751038,official
2014-02,m17,Transportation services,運輸服務,0.019966636685004285,official
2014-02,m18,Recreation services,休閒服務,0.060250590917648034,official
2014-02,m19,Food services and accommodations,餐飲與住宿,0.15044899282531846,official
2014-02,m20,Financial services and insurance,金融服務與保險,0.44100089944987136,official
2014-02,m21,Other services,其他服務,0.1403440918693915,official
2014-02,m22,Final consumption expenditures of nonprofit institutions serving households,服務家庭之非營利機構淨消費,0.06007980002928441,official
2014-02,residual,Residual,差額,-0.1010389691886242,official
2014-03,m4,Motor vehicles and parts,汽車與零組件,0.009843540549597855,official
2014-03,m5,Furnishings and durable household equipment,家具與耐久家用設備,-0.0805017384383378,official
2014-03,m6,Recreational goods and vehicles,休閒商品與交通工具,-0.1507388362935657,official
2014-03,m7,Other durable goods,其他耐久財,-0.050377220174262737,official
2014-03,m9,Food and beverages purchased for off-premises consumption,食物與飲料（居家消費）,0.09080114778820375,official
2014-03,m10,Clothing and footwear,服裝與鞋類,0.030075297419571045,official
2014-03,m11,Gasoline and other energy goods,汽油與其他能源商品,-0.09993213806970506,official
2014-03,m12,Other nondurable goods,其他非耐久財,0.0604107322386059,official
2014-03,m15,Housing and utilities,住宅與公用事業,0.5936064217493298,official
2014-03,m16,Health care,醫療服務,0.16114286611930295,official
2014-03,m17,Transportation services,運輸服務,0.04023845928284183,official
2014-03,m18,Recreation services,休閒服務,0.07034328920911528,official
2014-03,m19,Food services and accommodations,餐飲與住宿,0.17100253434986595,official
2014-03,m20,Financial services and insurance,金融服務與保險,0.4419114443699732,official
2014-03,m21,Other services,其他服務,0.10047649966487936,official
2014-03,m22,Final consumption expenditures of nonprofit institutions serving households,服務家庭之非營利機構淨消費,0.050145882205093834,official
2014-03,residual,Residual,差額,-0.04874476373993941,official
2014-04,m4,Motor vehicles and parts,汽車與零組件,0.020002830455703367,official
2014-04,m5,Furnishings and durable household equipment,家具與耐久家用設備,-0.09073287836378693,official
2014-04,m6,Recreational goods and vehicles,休閒商品與交通工具,-0.12086161168244383,official
2014-04,m7,Other durable goods,其他耐久財,-0.060577727458565274,official
2014-04,m9,Food and beverages purchased for off-premises consumption,食物與飲料（居家消費）,0.10118187250369531,official
2014-04,m10,Clothing and footwear,服裝與鞋類,0.03010588000964451,official
2014-04,m11,Gasoline and other energy goods,汽油與其他能源商品,0.13089568198257695,official
2014-04,m12,Other nondurable goods,其他非耐久財,0.06061127360023483,official
2014-04,m15,Housing and utilities,住宅與公用事業,0.534149028734367,official
2014-04,m16,Health care,醫療服務,0.2515373567736998,official
2014-04,m17,Transportation services,運輸服務,0.07044899413990838,official
2014-04,m18,Recreation services,休閒服務,0.0905742680127056,official
2014-04,m19,Food services and accommodations,餐飲與住宿,0.17145464456814583,official
2014-04,m20,Financial services and insurance,金融服務與保險,0.40273746999192794,official
2014-04,m21,Other services,其他服務,0.1207381199484228,official
2014-04,m22,Final consumption expenditures of nonprofit institutions serving households,服務家庭之非營利機構淨消費,0.02030547955257833,official
2014-04,residual,Residual,差額,-0.05945686700003594,official
2014-05,m4,Motor vehicles and parts,汽車與零組件,0.01998816270518851,official
2014-05,m5,Furnishings and durable household equipment,家具與耐久家用設備,-0.10082620127591373,official
2014-05,m6,Recreational goods and vehicles,休閒商品與交通工具,-0.14109269754140435,official
2014-05,m7,Other durable goods,其他耐久財,-0.06053330679544527,official
2014-05,m9,Food and beverages purchased for off-premises consumption,食物與飲料（居家消費）,0.1617324352353317,official
2014-05,m10,Clothing and footwear,服裝與鞋類,0.04024365971443835,official
2014-05,m11,Gasoline and other energy goods,汽油與其他能源商品,0.10997842050680381,official
2014-05,m12,Other nondurable goods,其他非耐久財,0.0908792072155121,official
2014-05,m15,Housing and utilities,住宅與公用事業,0.5347604781010046,official
2014-05,m16,Health care,醫療服務,0.24169461874482773,official
2014-05,m17,Transportation services,運輸服務,0.08055719089471093,official
2014-05,m18,Recreation services,休閒服務,0.08051518421135333,official
2014-05,m19,Food services and accommodations,餐飲與住宿,0.1818231529106127,official
2014-05,m20,Financial services and insurance,金融服務與保險,0.43342328280659115,official
2014-05,m21,Other services,其他服務,0.11065691748462723,official
2014-05,m22,Final consumption expenditures of nonprofit institutions serving households,服務家庭之非營利機構淨消費,0.03028325703690512,official
2014-05,residual,Residual,差額,-0.047917474151749406,official
2014-06,m4,Motor vehicles and parts,汽車與零組件,0.009966030123441303,official
2014-06,m5,Furnishings and durable household equipment,家具與耐久家用設備,-0.1006027823941969,official
2014-06,m6,Recreational goods and vehicles,休閒商品與交通工具,-0.1308022117002707,official
2014-06,m7,Other durable goods,其他耐久財,-0.07055323863576976,official
2014-06,m9,Food and beverages purchased for off-premises consumption,食物與飲料（居家消費）,0.1414183729996969,official
2014-06,m10,Clothing and footwear,服裝與鞋類,0.04015448454631923,official
2014-06,m11,Gasoline and other energy goods,汽油與其他能源商品,0.06002174072099757,official
2014-06,m12,Other nondurable goods,其他非耐久財,0.10100812141356495,official
2014-06,m15,Housing and utilities,住宅與公用事業,0.5442582546800038,official
2014-06,m16,Health care,醫療服務,0.23170988680191903,official
2014-06,m17,Transportation services,運輸服務,0.0704008445433926,official
2014-06,m18,Recreation services,休閒服務,0.08051299739738484,official
2014-06,m19,Food services and accommodations,餐飲與住宿,0.17144241322003073,official
2014-06,m20,Financial services and insurance,金融服務與保險,0.4228374776582735,official
2014-06,m21,Other services,其他服務,0.10043387371567736,official
2014-06,m22,Final consumption expenditures of nonprofit institutions serving households,服務家庭之非營利機構淨消費,0.02023831174939638,official
2014-06,residual,Residual,差額,-0.040985962601783665,official
2014-07,m4,Motor vehicles and parts,汽車與零組件,0.010118590278937698,official
2014-07,m5,Furnishings and durable household equipment,家具與耐久家用設備,-0.0805026515784199,official
2014-07,m6,Recreational goods and vehicles,休閒商品與交通工具,-0.13080466009687658,official
2014-07,m7,Other durable goods,其他耐久財,-0.07046559211625188,official
2014-07,m9,Food and beverages purchased for off-premises consumption,食物與飲料（居家消費）,0.1515601511608485,official
2014-07,m10,Clothing and footwear,服裝與鞋類,0.02012944713546016,official
2014-07,m11,Gasoline and other energy goods,汽油與其他能源商品,0.019502046099883076,official
2014-07,m12,Other nondurable goods,其他非耐久財,0.1110351595122766,official
2014-07,m15,Housing and utilities,住宅與公用事業,0.5743695715717387,official
2014-07,m16,Health care,醫療服務,0.21144688491732086,official
2014-07,m17,Transportation services,運輸服務,0.06049075079338567,official
2014-07,m18,Recreation services,休閒服務,0.08057791882411892,official
2014-07,m19,Food services and accommodations,餐飲與住宿,0.1817118339736095,official
2014-07,m20,Financial services and insurance,金融服務與保險,0.4429471145815934,official
2014-07,m21,Other services,其他服務,0.11046162518790713,official
2014-07,m22,Final consumption expenditures of nonprofit institutions serving households,服務家庭之非營利機構淨消費,0.030365688157674958,official
2014-07,residual,Residual,差額,-0.053702188074158386,official
2014-08,m4,Motor vehicles and parts,汽車與零組件,0.02025548814810182,official
2014-08,m5,Furnishings and durable household equipment,家具與耐久家用設備,-0.08055016990847874,official
2014-08,m6,Recreational goods and vehicles,休閒商品與交通工具,-0.12079252402693519,official
2014-08,m7,Other durable goods,其他耐久財,-0.06037609189651219,official
2014-08,m9,Food and beverages purchased for off-premises consumption,食物與飲料（居家消費）,0.17163956470073177,official
2014-08,m10,Clothing and footwear,服裝與鞋類,-0.0002040986511560091,official
2014-08,m11,Gasoline and other energy goods,汽油與其他能源商品,-0.0911973857026706,official
2014-08,m12,Other nondurable goods,其他非耐久財,0.07059666020389017,official
2014-08,m15,Housing and utilities,住宅與公用事業,0.5638675547772427,official
2014-08,m16,Health care,醫療服務,0.24142285321158297,official
2014-08,m17,Transportation services,運輸服務,0.060401213334167245,official
2014-08,m18,Recreation services,休閒服務,0.0603215752496508,official
2014-08,m19,Food services and accommodations,餐飲與住宿,0.19159474221860862,official
2014-08,m20,Financial services and insurance,金融服務與保險,0.38238028227739906,official
2014-08,m21,Other services,其他服務,0.10047960055871745,official
2014-08,m22,Final consumption expenditures of nonprofit institutions serving households,服務家庭之非營利機構淨消費,0.03032074134300665,official
2014-08,residual,Residual,差額,-0.033916129839254294,official
2014-09,m4,Motor vehicles and parts,汽車與零組件,0.020397182628990585,official
2014-09,m5,Furnishings and durable household equipment,家具與耐久家用設備,-0.07051929649078936,official
2014-09,m6,Recreational goods and vehicles,休閒商品與交通工具,-0.12089022255563892,official
2014-09,m7,Other durable goods,其他耐久財,-0.060349670751021094,official
2014-09,m9,Food and beverages purchased for off-premises consumption,食物與飲料（居家消費）,0.18171063599233142,official
2014-09,m10,Clothing and footwear,服裝與鞋類,0.009942173043260808,official
2014-09,m11,Gasoline and other energy goods,汽油與其他能源商品,-0.11250375093773442,official
2014-09,m12,Other nondurable goods,其他非耐久財,0.09085813119946654,official
2014-09,m15,Housing and utilities,住宅與公用事業,0.55407685254647,official
2014-09,m16,Health care,醫療服務,0.22162707343502544,official
2014-09,m17,Transportation services,運輸服務,0.05037915728932234,official
2014-09,m18,Recreation services,休閒服務,0.05029955405518046,official
2014-09,m19,Food services and accommodations,餐飲與住宿,0.21180326331582897,official
2014-09,m20,Financial services and insurance,金融服務與保險,0.3825140660165041,official
2014-09,m21,Other services,其他服務,0.09044000583479203,official
2014-09,m22,Final consumption expenditures of nonprofit institutions serving households,服務家庭之非營利機構淨消費,0.03030747270150871,official
2014-09,residual,Residual,差額,-0.03284331499541149,official
2014-10,m4,Motor vehicles and parts,汽車與零組件,0.020370227776448188,official
2014-10,m5,Furnishings and durable household equipment,家具與耐久家用設備,-0.0704261053244956,official
2014-10,m6,Recreational goods and vehicles,休閒商品與交通工具,-0.11074368125864958,official
2014-10,m7,Other durable goods,其他耐久財,-0.0604194458029406,official
2014-10,m9,Food and beverages purchased for off-premises consumption,食物與飲料（居家消費）,0.17148372059144876,official
2014-10,m10,Clothing and footwear,服裝與鞋類,0.01991581948534385,official
2014-10,m11,Gasoline and other energy goods,汽油與其他能源商品,-0.19374462815937069,official
2014-10,m12,Other nondurable goods,其他非耐久財,0.09088758935725212,official
2014-10,m15,Housing and utilities,住宅與公用事業,0.543806436843803,official
2014-10,m16,Health care,醫療服務,0.13070549306473264,official
2014-10,m17,Transportation services,運輸服務,0.04032579628107344,official
2014-10,m18,Recreation services,休閒服務,0.060369395336253816,official
2014-10,m19,Food services and accommodations,餐飲與住宿,0.2417827747312779,official
2014-10,m20,Financial services and insurance,金融服務與保險,0.3019647669687731,official
2014-10,m21,Other services,其他服務,0.07049644652092027,official
2014-10,m22,Final consumption expenditures of nonprofit institutions serving households,服務家庭之非營利機構淨消費,0.12119517600907362,official
2014-10,residual,Residual,差額,-0.04502492117832002,official
2014-11,m4,Motor vehicles and parts,汽車與零組件,0.010221723500197413,official
2014-11,m5,Furnishings and durable household equipment,家具與耐久家用設備,-0.07045456434553124,official
2014-11,m6,Recreational goods and vehicles,休閒商品與交通工具,-0.12083047607173286,official
2014-11,m7,Other durable goods,其他耐久財,-0.07044791471853376,official
2014-11,m9,Food and beverages purchased for off-premises consumption,食物與飲料（居家消費）,0.2014505537892484,official
2014-11,m10,Clothing and footwear,服裝與鞋類,-0.0002171518816366444,official
2014-11,m11,Gasoline and other energy goods,汽油與其他能源商品,-0.3955553477547119,official
2014-11,m12,Other nondurable goods,其他非耐久財,0.09075255075535607,official
2014-11,m15,Housing and utilities,住宅與公用事業,0.5334126093551941,official
2014-11,m16,Health care,醫療服務,0.15101396421669472,official
2014-11,m17,Transportation services,運輸服務,0.07035440433888163,official
2014-11,m18,Recreation services,休閒服務,0.04017631901585521,official
2014-11,m19,Food services and accommodations,餐飲與住宿,0.22171944808095922,official
2014-11,m20,Financial services and insurance,金融服務與保險,0.3020485007169129,official
2014-11,m21,Other services,其他服務,0.040303181430916615,official
2014-11,m22,Final consumption expenditures of nonprofit institutions serving households,服務家庭之非營利機構淨消費,0.11102996488165742,official
2014-11,residual,Residual,差額,-0.029218357126520544,official
2014-12,m4,Motor vehicles and parts,汽車與零組件,0.00011295040139398978,official
2014-12,m5,Furnishings and durable household equipment,家具與耐久家用設備,-0.08053114692886924,official
2014-12,m6,Recreational goods and vehicles,休閒商品與交通工具,-0.13092766610658202,official
2014-12,m7,Other durable goods,其他耐久財,-0.06034258510174871,official
2014-12,m9,Food and beverages purchased for off-premises consumption,食物與飲料（居家消費）,0.21129887775634243,official
2014-12,m10,Clothing and footwear,服裝與鞋類,-0.0503464227186923,official
2014-12,m11,Gasoline and other energy goods,汽油與其他能源商品,-0.7372000954218267,official
2014-12,m12,Other nondurable goods,其他非耐久財,0.1508150268633186,official
2014-12,m15,Housing and utilities,住宅與公用事業,0.5330250793453233,official
2014-12,m16,Health care,醫療服務,0.16095017321135935,official
2014-12,m17,Transportation services,運輸服務,0.030409898977326946,official
2014-12,m18,Recreation services,休閒服務,0.040106312361275334,official
2014-12,m19,Food services and accommodations,餐飲與住宿,0.2315324537930176,official
2014-12,m20,Financial services and insurance,金融服務與保險,0.3017389590723339,official
2014-12,m21,Other services,其他服務,0.05032391561391499,official
2014-12,m22,Final consumption expenditures of nonprofit institutions serving households,服務家庭之非營利機構淨消費,0.0907629597361379,official
2014-12,residual,Residual,差額,-0.009469890264889091,official
2015-01,m4,Motor vehicles and parts,汽車與零組件,-0.010012731074171445,official
2015-01,m5,Furnishings and durable household equipment,家具與耐久家用設備,-0.09041681329827975,official
2015-01,m6,Recreational goods and vehicles,休閒商品與交通工具,-0.1206773345477881,official
2015-01,m7,Other durable goods,其他耐久財,-0.06029074461258202,official
2015-01,m9,Food and beverages purchased for off-premises consumption,食物與飲料（居家消費）,0.2008821702858799,official
2015-01,m10,Clothing and footwear,服裝與鞋類,-0.050315275218912374,official
2015-01,m11,Gasoline and other energy goods,汽油與其他能源商品,-1.2478335437928252,official
2015-01,m12,Other nondurable goods,其他非耐久財,0.11051255511623573,official
2015-01,m15,Housing and utilities,住宅與公用事業,0.502276067650651,official
2015-01,m16,Health care,醫療服務,0.09032345208768915,official
2015-01,m17,Transportation services,運輸服務,0.05023247148446395,official
2015-01,m18,Recreation services,休閒服務,0.03011706377957646,official
2015-01,m19,Food services and accommodations,餐飲與住宿,0.23112623429316662,official
2015-01,m20,Financial services and insurance,金融服務與保險,0.25121783592440017,official
2015-01,m21,Other services,其他服務,0.060345188067981864,official
2015-01,m22,Final consumption expenditures of nonprofit institutions serving households,服務家庭之非營利機構淨消費,0.09064814623139504,official
2015-01,residual,Residual,差額,0.003267124847330105,official
2015-02,m4,Motor vehicles and parts,汽車與零組件,0.01999017173598179,official
2015-02,m5,Furnishings and durable household equipment,家具與耐久家用設備,-0.08037854334781709,official
2015-02,m6,Recreational goods and vehicles,休閒商品與交通工具,-0.11062466376991517,official
2015-02,m7,Other durable goods,其他耐久財,-0.06026619077177737,official
2015-02,m9,Food and beverages purchased for off-premises consumption,食物與飲料（居家消費）,0.19079546865301056,official
2015-02,m10,Clothing and footwear,服裝與鞋類,-0.04029608938547486,official
2015-02,m11,Gasoline and other energy goods,汽油與其他能源商品,-1.1372589488930271,official
2015-02,m12,Other nondurable goods,其他非耐久財,0.10046885992137389,official
2015-02,m15,Housing and utilities,住宅與公用事業,0.49205834885164496,official
2015-02,m16,Health care,醫療服務,0.09028874405131389,official
2015-02,m17,Transportation services,運輸服務,0.05020442789157873,official
2015-02,m18,Recreation services,休閒服務,0.04010211049037865,official
2015-02,m19,Food services and accommodations,餐飲與住宿,0.22102513966480447,official
2015-02,m20,Financial services and insurance,金融服務與保險,0.2510982826401821,official
2015-02,m21,Other services,其他服務,0.050317090833850615,official
2015-02,m22,Final consumption expenditures of nonprofit institutions serving households,服務家庭之非營利機構淨消費,0.10060438650941445,official
2015-02,residual,Residual,差額,-0.007427167390850531,official
2015-03,m4,Motor vehicles and parts,汽車與零組件,0.029942157723493255,official
2015-03,m5,Furnishings and durable household equipment,家具與耐久家用設備,-0.07026586789237205,official
2015-03,m6,Recreational goods and vehicles,休閒商品與交通工具,-0.1104645974280845,official
2015-03,m7,Other durable goods,其他耐久財,-0.07017073800547437,official
2015-03,m9,Food and beverages purchased for off-premises consumption,食物與飲料（居家消費）,0.14053597066570264,official
2015-03,m10,Clothing and footwear,服裝與鞋類,-0.02022950988999639,official
2015-03,m11,Gasoline and other energy goods,汽油與其他能源商品,-0.9755239374063938,official
2015-03,m12,Other nondurable goods,其他非耐久財,0.11030904302019315,official
2015-03,m15,Housing and utilities,住宅與公用事業,0.41143273253111606,official
2015-03,m16,Health care,醫療服務,0.08017724526158138,official
2015-03,m17,Transportation services,運輸服務,0.030156070856788723,official
2015-03,m18,Recreation services,休閒服務,0.050038940246862576,official
2015-03,m19,Food services and accommodations,餐飲與住宿,0.21072137581986264,official
2015-03,m20,Financial services and insurance,金融服務與保險,0.25074740484429064,official
2015-03,m21,Other services,其他服務,0.05023653359500078,official
2015-03,m22,Final consumption expenditures of nonprofit institutions serving households,服務家庭之非營利機構淨消費,0.11044435263130714,official
2015-03,residual,Residual,差額,-0.028737902184584635,official
2015-04,m4,Motor vehicles and parts,汽車與零組件,0.029908956870508416,official
2015-04,m5,Furnishings and durable household equipment,家具與耐久家用設備,-0.040154659902873584,official
2015-04,m6,Recreational goods and vehicles,休閒商品與交通工具,-0.11026869580459236,official
2015-04,m7,Other durable goods,其他耐久財,-0.0700661944384299,official
2015-04,m9,Food and beverages purchased for off-premises consumption,食物與飲料（居家消費）,0.10031787765370617,official
2015-04,m10,Clothing and footwear,服裝與鞋類,-0.020193634198397724,official
2015-04,m11,Gasoline and other energy goods,汽油與其他能源商品,-1.0737160650396447,official
2015-04,m12,Other nondurable goods,其他非耐久財,0.11013331683627703,official
2015-04,m15,Housing and utilities,住宅與公用事業,0.440709579634384,official
2015-04,m16,Health care,醫療服務,0.10005928629610153,official
2015-04,m17,Transportation services,運輸服務,0.020120325404435646,official
2015-04,m18,Recreation services,休閒服務,0.04997009908544444,official
2015-04,m19,Food services and accommodations,餐飲與住宿,0.2103874746099993,official
2015-04,m20,Financial services and insurance,金融服務與保險,0.260364584944374,official
2015-04,m21,Other services,其他服務,0.04016517677626899,official
2015-04,m22,Final consumption expenditures of nonprofit institutions serving households,服務家庭之非營利機構淨消費,0.09026405600750619,official
2015-04,residual,Residual,差額,-0.027677420685240345,official
2015-05,m4,Motor vehicles and parts,汽車與零組件,0.039854241510288525,official
2015-05,m5,Furnishings and durable household equipment,家具與耐久家用設備,-0.04009953987256426,official
2015-05,m6,Recreational goods and vehicles,休閒商品與交通工具,-0.09012002429308161,official
2015-05,m7,Other durable goods,其他耐久財,-0.06995079621604372,official
2015-05,m9,Food and beverages purchased for off-premises consumption,食物與飲料（居家消費）,0.06021853479778068,official
2015-05,m10,Clothing and footwear,服裝與鞋類,-0.04013844997786859,official
2015-05,m11,Gasoline and other energy goods,汽油與其他能源商品,-0.872111851112232,official
2015-05,m12,Other nondurable goods,其他非耐久財,0.10997395699301057,official
2015-05,m15,Housing and utilities,住宅與公用事業,0.4000716440034175,official
2015-05,m16,Health care,醫療服務,0.07992742956550382,official
2015-05,m17,Transportation services,運輸服務,0.010103657344025034,official
2015-05,m18,Recreation services,休閒服務,0.05988234325300833,official
2015-05,m19,Food services and accommodations,餐飲與住宿,0.18009037849856402,official
2015-05,m20,Financial services and insurance,金融服務與保險,0.23001821981121393,official
2015-05,m21,Other services,其他服務,0.04009902518863166,official
2015-05,m22,Final consumption expenditures of nonprofit institutions serving households,服務家庭之非營利機構淨消費,0.12009902518863166,official
2015-05,residual,Residual,差額,-0.03263157894738222,official
2015-06,m4,Motor vehicles and parts,汽車與零組件,0.04981841177135923,official
2015-06,m5,Furnishings and durable household equipment,家具與耐久家用設備,-0.05006344277297359,official
2015-06,m6,Recreational goods and vehicles,休閒商品與交通工具,-0.10002940783317738,official
2015-06,m7,Other durable goods,其他耐久財,-0.05988545340503635,official
2015-06,m9,Food and beverages purchased for off-premises consumption,食物與飲料（居家消費）,0.08016811820715042,official
2015-06,m10,Clothing and footwear,服裝與鞋類,-0.050102310468571665,official
2015-06,m11,Gasoline and other energy goods,汽油與其他能源商品,-0.821104747411391,official
2015-06,m12,Other nondurable goods,其他非耐久財,0.07986828169825094,official
2015-06,m15,Housing and utilities,住宅與公用事業,0.41972484139306754,official
2015-06,m16,Health care,醫療服務,0.05988062064923447,official
2015-06,m17,Transportation services,運輸服務,8.503593719474088e-05,official
2015-06,m18,Recreation services,休閒服務,0.06984319249791779,official
2015-06,m19,Food services and accommodations,餐飲與住宿,0.16988648165095163,official
2015-06,m20,Financial services and insurance,金融服務與保險,0.2498197484910491,official
2015-06,m21,Other services,其他服務,0.07007814668956228,official
2015-06,m22,Final consumption expenditures of nonprofit institutions serving households,服務家庭之非營利機構淨消費,0.1299757333963991,official
2015-06,residual,Residual,差額,-0.02753457476889759,official
2015-07,m4,Motor vehicles and parts,汽車與零組件,0.029749155466110823,official
2015-07,m5,Furnishings and durable household equipment,家具與耐久家用設備,-0.0600053393023996,official
2015-07,m6,Recreational goods and vehicles,休閒商品與交通工具,-0.10992750870203612,official
2015-07,m7,Other durable goods,其他耐久財,-0.059800597591153186,official
2015-07,m9,Food and beverages purchased for off-premises consumption,食物與飲料（居家消費）,0.0700956967276237,official
2015-07,m10,Clothing and footwear,服裝與鞋類,-0.050031317062151526,official
2015-07,m11,Gasoline and other energy goods,汽油與其他能源商品,-0.7899837767350166,official
2015-07,m12,Other nondurable goods,其他非耐久財,0.06976928052900164,official
2015-07,m15,Housing and utilities,住宅與公用事業,0.4092522923062706,official
2015-07,m16,Health care,醫療服務,0.0798214414062901,official
2015-07,m17,Transportation services,運輸服務,0.00011191999260712002,official
2015-07,m18,Recreation services,休閒服務,0.06977123142795535,official
2015-07,m19,Food services and accommodations,餐飲與住宿,0.1697267714675894,official
2015-07,m20,Financial services and insurance,金融服務與保險,0.2295481101949872,official
2015-07,m21,Other services,其他服務,0.05999301783532359,official
2015-07,m22,Final consumption expenditures of nonprofit institutions serving households,服務家庭之非營利機構淨消費,0.10979289667423067,official
2015-07,residual,Residual,差額,-0.008150445112998617,official
2015-08,m4,Motor vehicles and parts,汽車與零組件,0.00972838086240359,official
2015-08,m5,Furnishings and durable household equipment,家具與耐久家用設備,-0.06003470974234691,official
2015-08,m6,Recreational goods and vehicles,休閒商品與交通工具,-0.09993982275439262,official
2015-08,m7,Other durable goods,其他耐久財,-0.07985438338861561,official
2015-08,m9,Food and beverages purchased for off-premises consumption,食物與飲料（居家消費）,0.06012507830230337,official
2015-08,m10,Clothing and footwear,服裝與鞋類,-0.02001180952772158,official
2015-08,m11,Gasoline and other energy goods,汽油與其他能源商品,-0.8202606311422381,official
2015-08,m12,Other nondurable goods,其他非耐久財,0.07975713449511701,official
2015-08,m15,Housing and utilities,住宅與公用事業,0.429393092966656,official
2015-08,m16,Health care,醫療服務,0.08989843806159438,official
2015-08,m17,Transportation services,運輸服務,-0.009911274504770022,official
2015-08,m18,Recreation services,休閒服務,0.0797810616251964,official
2015-08,m19,Food services and accommodations,餐飲與住宿,0.15974645457439487,official
2015-08,m20,Financial services and insurance,金融服務與保險,0.24962281395372718,official
2015-08,m21,Other services,其他服務,0.060022386756898305,official
2015-08,m22,Final consumption expenditures of nonprofit institutions serving households,服務家庭之非營利機構淨消費,0.12985284301543454,official
2015-08,residual,Residual,差額,-0.01864375275984337,official
2015-09,m4,Motor vehicles and parts,汽車與零組件,-0.0002715243345344093,official
2015-09,m5,Furnishings and durable household equipment,家具與耐久家用設備,-0.04999332737930256,official
2015-09,m6,Recreational goods and vehicles,休閒商品與交通工具,-0.079888002627986,official
2015-09,m7,Other durable goods,其他耐久財,-0.0798265118618665,official
2015-09,m9,Food and beverages purchased for off-premises consumption,食物與飲料（居家消費）,0.060128011661687866,official
2015-09,m10,Clothing and footwear,服裝與鞋類,-0.030001334524139486,official
2015-09,m11,Gasoline and other energy goods,汽油與其他能源商品,-1.0005573178117912,official
2015-09,m12,Other nondurable goods,其他非耐久財,0.07977713446870541,official
2015-09,m15,Housing and utilities,住宅與公用事業,0.4393354069785347,official
2015-09,m16,Health care,醫療服務,0.08991489842218184,official
2015-09,m17,Transportation services,運輸服務,-0.009907815178672254,official
2015-09,m18,Recreation services,休閒服務,0.06973278720499318,official
2015-09,m19,Food services and accommodations,餐飲與住宿,0.17977939289417225,official
2015-09,m20,Financial services and insurance,金融服務與保險,0.2195222403580631,official
2015-09,m21,Other services,其他服務,0.07002186566474701,official
2015-09,m22,Final consumption expenditures of nonprofit institutions serving households,服務家庭之非營利機構淨消費,0.12980752055680456,official
2015-09,residual,Residual,差額,-0.02187377454754645,official
2015-10,m4,Motor vehicles and parts,汽車與零組件,-0.020290704838577187,official
2015-10,m5,Furnishings and durable household equipment,家具與耐久家用設備,-0.050008214901831924,official
2015-10,m6,Recreational goods and vehicles,休閒商品與交通工具,-0.08992134231495934,official
2015-10,m7,Other durable goods,其他耐久財,-0.06984730551219913,official
2015-10,m9,Food and beverages purchased for off-premises consumption,食物與飲料（居家消費）,0.07015546701716914,official
2015-10,m10,Clothing and footwear,服裝與鞋類,-0.05002936827404912,official
2015-10,m11,Gasoline and other energy goods,汽油與其他能源商品,-0.9308541444179743,official
2015-10,m12,Other nondurable goods,其他非耐久財,0.0798074632383143,official
2015-10,m15,Housing and utilities,住宅與公用事業,0.43948595251786743,official
2015-10,m16,Health care,醫療服務,0.11993746405980449,official
2015-10,m17,Transportation services,運輸服務,-0.009910765628850737,official
2015-10,m18,Recreation services,休閒服務,0.06976012486650784,official
2015-10,m19,Food services and accommodations,餐飲與住宿,0.17984607327692434,official
2015-10,m20,Financial services and insurance,金融服務與保險,0.2095714901831923,official
2015-10,m21,Other services,其他服務,0.08005883923437115,official
2015-10,m22,Final consumption expenditures of nonprofit institutions serving households,服務家庭之非營利機構淨消費,0.08985398011993757,official
2015-10,residual,Residual,差額,-0.02211677482953714,official
2015-11,m4,Motor vehicles and parts,汽車與零組件,-0.02031965957796714,official
2015-11,m5,Furnishings and durable household equipment,家具與耐久家用設備,-0.060084694370496766,official
2015-11,m6,Recreational goods and vehicles,休閒商品與交通工具,-0.06998817979052532,official
2015-11,m7,Other durable goods,其他耐久財,-0.07994274907237052,official
2015-11,m9,Food and beverages purchased for off-premises consumption,食物與飲料（居家消費）,0.03016517457935472,official
2015-11,m10,Clothing and footwear,服裝與鞋類,-0.030048514251061247,official
2015-11,m11,Gasoline and other energy goods,汽油與其他能源商品,-0.7515718822912706,official
2015-11,m12,Other nondurable goods,其他非耐久財,0.08990286871344728,official
2015-11,m15,Housing and utilities,住宅與公用事業,0.4399347318868138,official
2015-11,m16,Health care,醫療服務,0.10005211170611875,official
2015-11,m17,Transportation services,運輸服務,-0.01992979823416349,official
2015-11,m18,Recreation services,休閒服務,0.0798363671870985,official
2015-11,m19,Food services and accommodations,餐飲與住宿,0.18003710517930743,official
2015-11,m20,Financial services and insurance,金融服務與保險,0.21982917227698348,official
2015-11,m21,Other services,其他服務,0.10016404395062237,official
2015-11,m22,Final consumption expenditures of nonprofit institutions serving households,服務家庭之非營利機構淨消費,0.06990163530028472,official
2015-11,residual,Residual,差額,-0.02406019056233255,official
2015-12,m4,Motor vehicles and parts,汽車與零組件,-0.020380869028006596,official
2015-12,m5,Furnishings and durable household equipment,家具與耐久家用設備,-0.040155271828665566,official
2015-12,m6,Recreational goods and vehicles,休閒商品與交通工具,-0.060144666392092254,official
2015-12,m7,Other durable goods,其他耐久財,-0.08008350494233937,official
2015-12,m9,Food and beverages purchased for off-premises consumption,食物與飲料（居家消費）,-0.00990300658978583,official
2015-12,m10,Clothing and footwear,服裝與鞋類,-0.010066206754530472,official
2015-12,m11,Gasoline and other energy goods,汽油與其他能源商品,-0.5828501853377266,official
2015-12,m12,Other nondurable goods,其他非耐久財,0.04996530065897858,official
2015-12,m15,Housing and utilities,住宅與公用事業,0.4207504118616145,official
2015-12,m16,Health care,醫療服務,0.1002791392092257,official
2015-12,m17,Transportation services,運輸服務,-0.040025535420098846,official
2015-12,m18,Recreation services,休閒服務,0.07997693574958814,official
2015-12,m19,Food services and accommodations,餐飲與住宿,0.1603188838550247,official
2015-12,m20,Financial services and insurance,金融服務與保險,0.23031013179571663,official
2015-12,m21,Other services,其他服務,0.09032279654036243,official
2015-12,m22,Final consumption expenditures of nonprofit institutions serving households,服務家庭之非營利機構淨消費,0.08004231878088962,official
2015-12,residual,Residual,差額,-0.0223929159802298,official
2016-01,m4,Motor vehicles and parts,汽車與零組件,-0.00038270532000745684,official
2016-01,m5,Furnishings and durable household equipment,家具與耐久家用設備,-0.02021768369648437,official
2016-01,m6,Recreational goods and vehicles,休閒商品與交通工具,-0.08060059594015768,official
2016-01,m7,Other durable goods,其他耐久財,-0.060338423655513486,official
2016-01,m9,Food and beverages purchased for off-premises consumption,食物與飲料（居家消費）,-0.009950752167525402,official
2016-01,m10,Clothing and footwear,服裝與鞋類,-0.030315455128603057,official
2016-01,m11,Gasoline and other energy goods,汽油與其他能源商品,-0.25445165228547195,official
2016-01,m12,Other nondurable goods,其他非耐久財,0.07033738903718419,official
2016-01,m15,Housing and utilities,住宅與公用事業,0.42291803753595303,official
2016-01,m16,Health care,醫療服務,0.15096892006538787,official
2016-01,m17,Transportation services,運輸服務,-0.010004345396983052,official
2016-01,m18,Recreation services,休閒服務,0.08039729343845056,official
2016-01,m19,Food services and accommodations,餐飲與住宿,0.1812925486787924,official
2016-01,m20,Financial services and insurance,金融服務與保險,0.29191838930618497,official
2016-01,m21,Other services,其他服務,0.07066184534525213,official
2016-01,m22,Final consumption expenditures of nonprofit institutions serving households,服務家庭之非營利機構淨消費,0.080462991702361,official
2016-01,residual,Residual,差額,-0.01154716824963875,official
2016-02,m4,Motor vehicles and parts,汽車與零組件,-0.03032904725019365,official
2016-02,m5,Furnishings and durable household equipment,家具與耐久家用設備,-0.04032057836302608,official
2016-02,m6,Recreational goods and vehicles,休閒商品與交通工具,-0.09052754970307256,official
2016-02,m7,Other durable goods,其他耐久財,-0.04018022205009037,official
2016-02,m9,Food and beverages purchased for off-premises consumption,食物與飲料（居家消費）,-0.009846217402530336,official
2016-02,m10,Clothing and footwear,服裝與鞋類,-0.020192615543506324,official
2016-02,m11,Gasoline and other energy goods,汽油與其他能源商品,-0.5453162922798864,official
2016-02,m12,Other nondurable goods,其他非耐久財,0.09043872966692486,official
2016-02,m15,Housing and utilities,住宅與公用事業,0.4225189775367932,official
2016-02,m16,Health care,醫療服務,0.16094552026852568,official
2016-02,m17,Transportation services,運輸服務,0.010064962561321972,official
2016-02,m18,Recreation services,休閒服務,0.080342266976504,official
2016-02,m19,Food services and accommodations,餐飲與住宿,0.1810593338497289,official
2016-02,m20,Financial services and insurance,金融服務與保險,0.2914028401755745,official
2016-02,m21,Other services,其他服務,0.07045009036922283,official
2016-02,m22,Final consumption expenditures of nonprofit institutions serving households,服務家庭之非營利機構淨消費,0.10054644978053189,official
2016-02,residual,Residual,差額,0.00927384456492597,official
2016-03,m4,Motor vehicles and parts,汽車與零組件,-0.030271833250865916,official
2016-03,m5,Furnishings and durable household equipment,家具與耐久家用設備,-0.0402445159162131,official
2016-03,m6,Recreational goods and vehicles,休閒商品與交通工具,-0.10046573478476002,official
2016-03,m7,Other durable goods,其他耐久財,-0.05021338446313706,official
2016-03,m9,Food and beverages purchased for off-premises consumption,食物與飲料（居家消費）,-0.020000515421408543,official
2016-03,m10,Clothing and footwear,服裝與鞋類,-0.030071746660069277,official
2016-03,m11,Gasoline and other energy goods,汽油與其他能源商品,-0.5034682706580901,official
2016-03,m12,Other nondurable goods,其他非耐久財,0.08028698664027709,official
2016-03,m15,Housing and utilities,住宅與公用事業,0.4419398400131948,official
2016-03,m16,Health care,醫療服務,0.16070581807685966,official
2016-03,m17,Transportation services,運輸服務,0.020091023420748803,official
2016-03,m18,Recreation services,休閒服務,0.09029966600692726,official
2016-03,m19,Food services and accommodations,餐飲與住宿,0.17080055253174997,official
2016-03,m20,Financial services and insurance,金融服務與保險,0.3111349579416131,official
2016-03,m21,Other services,其他服務,0.09040728599703118,official
2016-03,m22,Final consumption expenditures of nonprofit institutions serving households,服務家庭之非營利機構淨消費,0.09037563912254659,official
2016-03,residual,Residual,差額,0.00420470476662238,official
2016-04,m4,Motor vehicles and parts,汽車與零組件,-0.030176529960656687,official
2016-04,m5,Furnishings and durable household equipment,家具與耐久家用設備,-0.060191154963231505,official
2016-04,m6,Recreational goods and vehicles,休閒商品與交通工具,-0.08025748243969762,official
2016-04,m7,Other durable goods,其他耐久財,-0.030118132943333268,official
2016-04,m9,Food and beverages purchased for off-premises consumption,食物與飲料（居家消費）,-5.149648793934675e-07,official
2016-04,m10,Clothing and footwear,服裝與鞋類,-0.030045110923435023,official
2016-04,m11,Gasoline and other energy goods,汽油與其他能源商品,-0.34241065359342493,official
2016-04,m12,Other nondurable goods,其他非耐久財,0.08028436360640205,official
2016-04,m15,Housing and utilities,住宅與公用事業,0.4618731332523122,official
2016-04,m16,Health care,醫療服務,0.150709312624879,official
2016-04,m17,Transportation services,運輸服務,0.020073228005850003,official
2016-04,m18,Recreation services,休閒服務,0.10034780727954354,official
2016-04,m19,Food services and accommodations,餐飲與住宿,0.1506669825117927,official
2016-04,m20,Financial services and insurance,金融服務與保險,0.32119296763960703,official
2016-04,m21,Other services,其他服務,0.1003868416174017,official
2016-04,m22,Final consumption expenditures of nonprofit institutions serving households,服務家庭之非營利機構淨消費,0.1204059983109152,official
2016-04,residual,Residual,差額,-0.0068342019074312255,official
2016-05,m4,Motor vehicles and parts,汽車與零組件,-0.040080347693856794,official
2016-05,m5,Furnishings and durable household equipment,家具與耐久家用設備,-0.0601394268805162,official
2016-05,m6,Recreational goods and vehicles,休閒商品與交通工具,-0.13040749226833254,official
2016-05,m7,Other durable goods,其他耐久財,-0.00990917217216189,official
2016-05,m9,Food and beverages purchased for off-premises consumption,食物與飲料（居家消費）,-0.03020580106239789,official
2016-05,m10,Clothing and footwear,服裝與鞋類,0.00013973511975094027,official
2016-05,m11,Gasoline and other energy goods,汽油與其他能源商品,-0.4509581102879982,official
2016-05,m12,Other nondurable goods,其他非耐久財,0.04000318513875903,official
2016-05,m15,Housing and utilities,住宅與公用事業,0.5012258674365798,official
2016-05,m16,Health care,醫療服務,0.19062223226853803,official
2016-05,m17,Transportation services,運輸服務,0.00995674376072416,official
2016-05,m18,Recreation services,休閒服務,0.10019994451693774,official
2016-05,m19,Food services and accommodations,餐飲與住宿,0.17044314527315135,official
2016-05,m20,Financial services and insurance,金融服務與保險,0.3509064288429727,official
2016-05,m21,Other services,其他服務,0.13035180371325533,official
2016-05,m22,Final consumption expenditures of nonprofit institutions serving households,服務家庭之非營利機構淨消費,0.08012113801925469,official
2016-05,residual,Residual,差額,-0.0035845140608347092,official
2016-06,m4,Motor vehicles and parts,汽車與零組件,-0.0600486074080151,official
2016-06,m5,Furnishings and durable household equipment,家具與耐久家用設備,-0.06010757209073383,official
2016-06,m6,Recreational goods and vehicles,休閒商品與交通工具,-0.14030477049920012,official
2016-06,m7,Other durable goods,其他耐久財,-0.019955289388408057,official
2016-06,m9,Food and beverages purchased for off-premises consumption,食物與飲料（居家消費）,-0.07023914024365233,official
2016-06,m10,Clothing and footwear,服裝與鞋類,5.4760244472698213e-05,official
2016-06,m11,Gasoline and other energy goods,汽油與其他能源商品,-0.40931457401862253,official
2016-06,m12,Other nondurable goods,其他非耐久財,0.07003691701874565,official
2016-06,m15,Housing and utilities,住宅與公用事業,0.49069732146519546,official
2016-06,m16,Health care,醫療服務,0.19033748307969972,official
2016-06,m17,Transportation services,運輸服務,0.04004870995528939,official
2016-06,m18,Recreation services,休閒服務,0.10017515074449321,official
2016-06,m19,Food services and accommodations,餐飲與住宿,0.2002240657943312,official
2016-06,m20,Financial services and insurance,金融服務與保險,0.34049981541490626,official
2016-06,m21,Other services,其他服務,0.09009198490504122,official
2016-06,m22,Final consumption expenditures of nonprofit institutions serving households,服務家庭之非營利機構淨消費,0.08005055580622666,official
2016-06,residual,Residual,差額,-0.012639361745771738,official
2016-07,m4,Motor vehicles and parts,汽車與零組件,-0.06007673787203524,official
2016-07,m5,Furnishings and durable household equipment,家具與耐久家用設備,-0.060135648788484194,official
2016-07,m6,Recreational goods and vehicles,休閒商品與交通工具,-0.12019507197377184,official
2016-07,m7,Other durable goods,其他耐久財,-0.04008462681215102,official
2016-07,m9,Food and beverages purchased for off-premises consumption,食物與飲料（居家消費）,-0.09023974181650529,official
2016-07,m10,Clothing and footwear,服裝與鞋類,-0.010019056400799142,official
2016-07,m11,Gasoline and other energy goods,汽油與其他能源商品,-0.5298265457712207,official
2016-07,m12,Other nondurable goods,其他非耐久財,0.08004682137185595,official
2016-07,m15,Housing and utilities,住宅與公用事業,0.5107289585574509,official
2016-07,m16,Health care,醫療服務,0.21047722965012036,official
2016-07,m17,Transportation services,運輸服務,0.05016884380923109,official
2016-07,m18,Recreation services,休閒服務,0.09009292556733774,official
2016-07,m19,Food services and accommodations,餐飲與住宿,0.17006884893191945,official
2016-07,m20,Financial services and insurance,金融服務與保險,0.3605026381845192,official
2016-07,m21,Other services,其他服務,0.10008360227447363,official
2016-07,m22,Final consumption expenditures of nonprofit institutions serving households,服務家庭之非營利機構淨消費,0.08996844423953691,official
2016-07,residual,Residual,差額,0.0035233850724710747,official
2016-08,m4,Motor vehicles and parts,汽車與零組件,-0.05007314674425276,official
2016-08,m5,Furnishings and durable household equipment,家具與耐久家用設備,-0.07028162521001516,official
2016-08,m6,Recreational goods and vehicles,休閒商品與交通工具,-0.13026123837233128,official
2016-08,m7,Other durable goods,其他耐久財,-0.010008400606482807,official
2016-08,m9,Food and beverages purchased for off-premises consumption,食物與飲料（居家消費）,-0.1103073392615662,official
2016-08,m10,Clothing and footwear,服裝與鞋類,-0.0200176207843298,official
2016-08,m11,Gasoline and other energy goods,汽油與其他能源商品,-0.46994385936155386,official
2016-08,m12,Other nondurable goods,其他非耐久財,0.13033950743761014,official
2016-08,m15,Housing and utilities,住宅與公用事業,0.5210691308445683,official
2016-08,m16,Health care,醫療服務,0.21068864483874933,official
2016-08,m17,Transportation services,運輸服務,0.050089743064377336,official
2016-08,m18,Recreation services,休閒服務,0.09008646477892063,official
2016-08,m19,Food services and accommodations,餐飲與住宿,0.19020622464451092,official
2016-08,m20,Financial services and insurance,金融服務與保險,0.37070257755194036,official
2016-08,m21,Other services,其他服務,0.10015192804163423,official
2016-08,m22,Final consumption expenditures of nonprofit institutions serving households,服務家庭之非營利機構淨消費,0.09011299840183584,official
2016-08,residual,Residual,差額,-0.004343523337283939,official
2016-09,m4,Motor vehicles and parts,汽車與零組件,-0.029936908193727754,official
2016-09,m5,Furnishings and durable household equipment,家具與耐久家用設備,-0.08039281061173405,official
2016-09,m6,Recreational goods and vehicles,休閒商品與交通工具,-0.16066107902376972,official
2016-09,m7,Other durable goods,其他耐久財,-0.0201250551412128,official
2016-09,m9,Food and beverages purchased for off-premises consumption,食物與飲料（居家消費）,-0.13057675143880093,official
2016-09,m10,Clothing and footwear,服裝與鞋類,-0.020045344029873714,official
2016-09,m11,Gasoline and other energy goods,汽油與其他能源商品,-0.1295012156713891,official
2016-09,m12,Other nondurable goods,其他非耐久財,0.15090349518347917,official
2016-09,m15,Housing and utilities,住宅與公用事業,0.5524549380879592,official
2016-09,m16,Health care,醫療服務,0.21115832452783734,official
2016-09,m17,Transportation services,運輸服務,0.009747940539819649,official
2016-09,m18,Recreation services,休閒服務,0.11032787221600993,official
2016-09,m19,Food services and accommodations,餐飲與住宿,0.17061983852601126,official
2016-09,m20,Financial services and insurance,金融服務與保險,0.39133262205443337,official
2016-09,m21,Other services,其他服務,0.11048237020014977,official
2016-09,m22,Final consumption expenditures of nonprofit institutions serving households,服務家庭之非營利機構淨消費,0.0902377996860798,official
2016-09,residual,Residual,差額,-0.006251115647810224,official
2016-10,m4,Motor vehicles and parts,汽車與零組件,-0.030180863177980445,official
2016-10,m5,Furnishings and durable household equipment,家具與耐久家用設備,-0.0702708331196077,official
2016-10,m6,Recreational goods and vehicles,休閒商品與交通工具,-0.1709050340080224,official
2016-10,m7,Other durable goods,其他耐久財,-0.0201250551412128,official
2016-10,m9,Food and beverages purchased for off-premises consumption,食物與飲料（居家消費）,-0.14057675143880094,official
2016-10,m10,Clothing and footwear,服裝與鞋類,0.020198610954378977,official
2016-10,m11,Gasoline and other energy goods,汽油與其他能源商品,-0.008403418242251982,official
2016-10,m12,Other nondurable goods,其他非耐久財,0.12065954019922649,official
2016-10,m15,Housing and utilities,住宅與公用事業,0.573064825548591,official
2016-10,m16,Health care,醫療服務,0.25140227951209004,official
2016-10,m17,Transportation services,運輸服務,0.009747940539819649,official
2016-10,m18,Recreation services,休閒服務,0.10032787221600993,official
2016-10,m19,Food services and accommodations,餐飲與住宿,0.17086379351026396,official
2016-10,m20,Financial services and insurance,金融服務與保險,0.44169855453081236,official
2016-10,m21,Other services,其他服務,0.08036039270802342,official
2016-10,m22,Final consumption expenditures of nonprofit institutions serving households,服務家庭之非營利機構淨消費,0.08048175467033249,official
2016-10,residual,Residual,差額,0.018659683822844775,official
2016-11,m4,Motor vehicles and parts,汽車與零組件,-0.0404409563452193,official
2016-11,m5,Furnishings and durable household equipment,家具與耐久家用設備,-0.07051210810145789,official
2016-11,m6,Recreational goods and vehicles,休閒商品與交通工具,-0.20120722180073408,official
2016-11,m7,Other durable goods,其他耐久財,-0.0001249769320675019,official
2016-11,m9,Food and beverages purchased for off-premises consumption,食物與飲料（居家消費）,-0.14077405729049192,official
2016-11,m10,Clothing and footwear,服裝與鞋類,0.010192232770817529,official
2016-11,m11,Gasoline and other energy goods,汽油與其他能源商品,0.0017381943447682211,official
2016-11,m12,Other nondurable goods,其他非耐久財,0.09031761979946278,official
2016-11,m15,Housing and utilities,住宅與公用事業,0.5934069798437532,official
2016-11,m16,Health care,醫療服務,0.25153027537985195,official
2016-11,m17,Transportation services,運輸服務,0.030014558428509915,official
2016-11,m18,Recreation services,休閒服務,0.10026512743751154,official
2016-11,m19,Food services and accommodations,餐飲與住宿,0.15076944370399228,official
2016-11,m20,Financial services and insurance,金融服務與保險,0.41172630154401363,official
2016-11,m21,Other services,其他服務,0.07031638950972954,official
2016-11,m22,Final consumption expenditures of nonprofit institutions serving households,服務家庭之非營利機構淨消費,0.11055527076626546,official
2016-11,residual,Residual,差額,0.029631015604184796,official
2016-12,m4,Motor vehicles and parts,汽車與零組件,-0.030466569528813006,official
2016-12,m5,Furnishings and durable household equipment,家具與耐久家用設備,-0.08071970940732227,official
2016-12,m6,Recreational goods and vehicles,休閒商品與交通工具,-0.19150796256772287,official
2016-12,m7,Other durable goods,其他耐久財,-0.00012508208832704565,official
2016-12,m9,Food and beverages purchased for off-premises consumption,食物與飲料（居家消費）,-0.13102394926941388,official
2016-12,m10,Clothing and footwear,服裝與鞋類,5.253652930552882e-05,official
2016-12,m11,Gasoline and other energy goods,汽油與其他能源商品,0.18300997373173536,official
2016-12,m12,Other nondurable goods,其他非耐久財,0.1105502996223937,official
2016-12,m15,Housing and utilities,住宅與公用事業,0.6044741216549007,official
2016-12,m16,Health care,醫療服務,0.252021630274175,official
2016-12,m17,Transportation services,運輸服務,0.07049304301428337,official
2016-12,m18,Recreation services,休閒服務,0.10034949105237236,official
2016-12,m19,Food services and accommodations,餐飲與住宿,0.16104457396158267,official
2016-12,m20,Financial services and insurance,金融服務與保險,0.4023440321786242,official
2016-12,m21,Other services,其他服務,0.0602272820554917,official
2016-12,m22,Final consumption expenditures of nonprofit institutions serving households,服務家庭之非營利機構淨消費,0.12079656460351337,official
2016-12,residual,Residual,差額,0.025637826301105004,official
2017-01,m4,Motor vehicles and parts,汽車與零組件,-0.03045406991056044,official
2017-01,m5,Furnishings and durable household equipment,家具與耐久家用設備,-0.07035939935997375,official
2017-01,m6,Recreational goods and vehicles,休閒商品與交通工具,-0.1511145072618364,official
2017-01,m7,Other durable goods,其他耐久財,-0.010120928038073363,official
2017-01,m9,Food and beverages purchased for off-premises consumption,食物與飲料（居家消費）,-0.12080864855994093,official
2017-01,m10,Clothing and footwear,服裝與鞋類,0.030040206777713956,official
2017-01,m11,Gasoline and other energy goods,汽油與其他能源商品,0.42498984573726106,official
2017-01,m12,Other nondurable goods,其他非耐久財,0.11067059161401495,official
2017-01,m15,Housing and utilities,住宅與公用事業,0.6150502584721425,official
2017-01,m16,Health care,醫療服務,0.2720756748994831,official
2017-01,m17,Transportation services,運輸服務,0.05047232706982851,official
2017-01,m18,Recreation services,休閒服務,0.12079705834085502,official
2017-01,m19,Food services and accommodations,餐飲與住宿,0.15131390005743828,official
2017-01,m20,Financial services and insurance,金融服務與保險,0.39301130302781656,official
2017-01,m21,Other services,其他服務,0.0805256625912858,official
2017-01,m22,Final consumption expenditures of nonprofit institutions serving households,服務家庭之非營利機構淨消費,0.12091265282678265,official
2017-01,residual,Residual,差額,0.018208541888886876,official
2017-02,m4,Motor vehicles and parts,汽車與零組件,-0.030470008722869313,official
2017-02,m5,Furnishings and durable household equipment,家具與耐久家用設備,-0.06059161578326236,official
2017-02,m6,Recreational goods and vehicles,休閒商品與交通工具,-0.15139422238185646,official
2017-02,m7,Other durable goods,其他耐久財,-0.009925599055877678,official
2017-02,m9,Food and beverages purchased for off-premises consumption,食物與飲料（居家消費）,-0.12067125044897123,official
2017-02,m10,Clothing and footwear,服裝與鞋類,0.020050695263995076,official
2017-02,m11,Gasoline and other energy goods,汽油與其他能源商品,0.5944987428805993,official
2017-02,m12,Other nondurable goods,其他非耐久財,0.101124531787162,official
2017-02,m15,Housing and utilities,住宅與公用事業,0.6263805223459388,official
2017-02,m16,Health care,醫療服務,0.2524082302837498,official
2017-02,m17,Transportation services,運輸服務,0.05069936887474986,official
2017-02,m18,Recreation services,休閒服務,0.14147262558366258,official
2017-02,m19,Food services and accommodations,餐飲與住宿,0.15159371953409617,official
2017-02,m20,Financial services and insurance,金融服務與保險,0.39321699420185746,official
2017-02,m21,Other services,其他服務,0.09057304120272976,official
2017-02,m22,Final consumption expenditures of nonprofit institutions serving households,服務家庭之非營利機構淨消費,0.12157781312535276,official
2017-02,residual,Residual,差額,0.026593257735138653,official
2017-03,m4,Motor vehicles and parts,汽車與零組件,-0.030398881983762144,official
2017-03,m5,Furnishings and durable household equipment,家具與耐久家用設備,-0.07064603319238684,official
2017-03,m6,Recreational goods and vehicles,休閒商品與交通工具,-0.1514792214839311,official
2017-03,m7,Other durable goods,其他耐久財,-0.00014497353413942676,official
2017-03,m9,Food and beverages purchased for off-premises consumption,食物與飲料（居家消費）,-0.07006787955729833,official
2017-03,m10,Clothing and footwear,服裝與鞋類,0.020223091335374158,official
2017-03,m11,Gasoline and other energy goods,汽油與其他能源商品,0.4228502247294544,official
2017-03,m12,Other nondurable goods,其他非耐久財,0.1008884748088008,official
2017-03,m15,Housing and utilities,住宅與公用事業,0.6155992956088172,official
2017-03,m16,Health care,醫療服務,0.2724299448158652,official
2017-03,m17,Transportation services,運輸服務,-0.010374924492950976,official
2017-03,m18,Recreation services,休閒服務,0.1211890696507735,official
2017-03,m19,Food services and accommodations,餐飲與住宿,0.1310673369303697,official
2017-03,m20,Financial services and insurance,金融服務與保險,0.36280753125223963,official
2017-03,m21,Other services,其他服務,0.05001658595517697,official
2017-03,m22,Final consumption expenditures of nonprofit institutions serving households,服務家庭之非營利機構淨消費,0.10090229643811494,official
2017-03,residual,Residual,差額,0.04149908367715205,official
2017-04,m4,Motor vehicles and parts,汽車與零組件,-0.04026695784392763,official
2017-04,m5,Furnishings and durable household equipment,家具與耐久家用設備,-0.08057269396793648,official
2017-04,m6,Recreational goods and vehicles,休閒商品與交通工具,-0.18107660751278154,official
2017-04,m7,Other durable goods,其他耐久財,4.5513455042701934e-05,official
2017-04,m9,Food and beverages purchased for off-premises consumption,食物與飲料（居家消費）,-0.05968171195901749,official
2017-04,m10,Clothing and footwear,服裝與鞋類,0.009999693855683568,official
2017-04,m11,Gasoline and other energy goods,汽油與其他能源商品,0.30167124182339555,official
2017-04,m12,Other nondurable goods,其他非耐久財,0.0905916749155552,official
2017-04,m15,Housing and utilities,住宅與公用事業,0.6145390997316135,official
2017-04,m16,Health care,醫療服務,0.2719203412488647,official
2017-04,m17,Transportation services,運輸服務,0.020131029767432362,official
2017-04,m18,Recreation services,休閒服務,0.11101599093812824,official
2017-04,m19,Food services and accommodations,餐飲與住宿,0.16111140591674916,official
2017-04,m20,Financial services and insurance,金融服務與保險,0.382887553192575,official
2017-04,m21,Other services,其他服務,0.029728552039431387,official
2017-04,m22,Final consumption expenditures of nonprofit institutions serving households,服務家庭之非營利機構淨消費,0.11111018133948343,official
2017-04,residual,Residual,差額,0.024318879919988268,official
2017-05,m4,Motor vehicles and parts,汽車與零組件,-0.040201318349923076,official
2017-05,m5,Furnishings and durable household equipment,家具與耐久家用設備,-0.08061781096858985,official
2017-05,m6,Recreational goods and vehicles,休閒商品與交通工具,-0.13086293847360753,official
2017-05,m7,Other durable goods,其他耐久財,-0.03008211669536336,official
2017-05,m9,Food and beverages purchased for off-premises consumption,食物與飲料（居家消費）,-0.029633327560033822,official
2017-05,m10,Clothing and footwear,服裝與鞋類,-0.020144162684788035,official
2017-05,m11,Gasoline and other energy goods,汽油與其他能源商品,0.13932279196764236,official
2017-05,m12,Other nondurable goods,其他非耐久財,0.09009108228989435,official
2017-05,m15,Housing and utilities,住宅與公用事業,0.604435931657718,official
2017-05,m16,Health care,醫療服務,0.2518626022638126,official
2017-05,m17,Transportation services,運輸服務,0.030081912931851286,official
2017-05,m18,Recreation services,休閒服務,0.10085132395341966,official
2017-05,m19,Food services and accommodations,餐飲與住宿,0.15104153719193503,official
2017-05,m20,Financial services and insurance,金融服務與保險,0.3833221603007549,official
2017-05,m21,Other services,其他服務,0.009889152649435065,official
2017-05,m22,Final consumption expenditures of nonprofit institutions serving households,服務家庭之非營利機構淨消費,0.10059244241133738,official
2017-05,residual,Residual,差額,0.02782278687354811,official
2017-06,m4,Motor vehicles and parts,汽車與零組件,-0.050424510551741665,official
2017-06,m5,Furnishings and durable household equipment,家具與耐久家用設備,-0.0806322908721078,official
2017-06,m6,Recreational goods and vehicles,休閒商品與交通工具,-0.11066900584795321,official
2017-06,m7,Other durable goods,其他耐久財,-0.030184998728705826,official
2017-06,m9,Food and beverages purchased for off-premises consumption,食物與飲料（居家消費）,-0.019754487668446476,official
2017-06,m10,Clothing and footwear,服裝與鞋類,-0.01012641749300788,official
2017-06,m11,Gasoline and other energy goods,汽油與其他能源商品,0.008839969488939748,official
2017-06,m12,Other nondurable goods,其他非耐久財,0.09024449529621154,official
2017-06,m15,Housing and utilities,住宅與公用事業,0.6041561149249937,official
2017-06,m16,Health care,醫療服務,0.27185354691075514,official
2017-06,m17,Transportation services,運輸服務,0.03034030002542587,official
2017-06,m18,Recreation services,休閒服務,0.08070989066870073,official
2017-06,m19,Food services and accommodations,餐飲與住宿,0.1206742944317315,official
2017-06,m20,Financial services and insurance,金融服務與保險,0.40339415204678364,official
2017-06,m21,Other services,其他服務,0.029992372234935165,official
2017-06,m22,Final consumption expenditures of nonprofit institutions serving households,服務家庭之非營利機構淨消費,0.08029595728451562,official
2017-06,residual,Residual,差額,0.04683854563947065,official
2017-07,m4,Motor vehicles and parts,汽車與零組件,-0.06070712411787436,official
2017-07,m5,Furnishings and durable household equipment,家具與耐久家用設備,-0.09090968253645441,official
2017-07,m6,Recreational goods and vehicles,休閒商品與交通工具,-0.1005050741290598,official
2017-07,m7,Other durable goods,其他耐久財,-0.020328038884708466,official
2017-07,m9,Food and beverages purchased for off-premises consumption,食物與飲料（居家消費）,0.00039199934920990283,official
2017-07,m10,Clothing and footwear,服裝與鞋類,-0.00012639563970633268,official
2017-07,m11,Gasoline and other energy goods,汽油與其他能源商品,0.08823849423440645,official
2017-07,m12,Other nondurable goods,其他非耐久財,0.11066502613328996,official
2017-07,m15,Housing and utilities,住宅與公用事業,0.5846412519574546,official
2017-07,m16,Health care,醫療服務,0.2318134672876289,official
2017-07,m17,Transportation services,運輸服務,-0.009951089056557741,official
2017-07,m18,Recreation services,休閒服務,0.10098554025746884,official
2017-07,m19,Food services and accommodations,餐飲與住宿,0.09021903154298265,official
2017-07,m20,Financial services and insurance,金融服務與保險,0.3734761343068069,official
2017-07,m21,Other services,其他服務,0.04027851782554759,official
2017-07,m22,Final consumption expenditures of nonprofit institutions serving households,服務家庭之非營利機構淨消費,0.1005716784283419,official
2017-07,residual,Residual,差額,0.046878037867857936,official
2017-08,m4,Motor vehicles and parts,汽車與零組件,-0.0606226708232212,official
2017-08,m5,Furnishings and durable household equipment,家具與耐久家用設備,-0.07081103585536003,official
2017-08,m6,Recreational goods and vehicles,休閒商品與交通工具,-0.11064805694615096,official
2017-08,m7,Other durable goods,其他耐久財,-0.030285847744189118,official
2017-08,m9,Food and beverages purchased for off-premises consumption,食物與飲料（居家消費）,0.010377542420211416,official
2017-08,m10,Clothing and footwear,服裝與鞋類,-0.00012621980320677226,official
2017-08,m11,Gasoline and other energy goods,汽油與其他能源商品,0.2398357010123986,official
2017-08,m12,Other nondurable goods,其他非耐久財,0.06043227490124799,official
2017-08,m15,Housing and utilities,住宅與公用事業,0.5845697052163406,official
2017-08,m16,Health care,醫療服務,0.2116671574650433,official
2017-08,m17,Transportation services,運輸服務,4.884290051685586e-05,official
2017-08,m18,Recreation services,休閒服務,0.12111394307415793,official
2017-08,m19,Food services and accommodations,餐飲與住宿,0.13092801510982036,official
2017-08,m20,Financial services and insurance,金融服務與保險,0.37340163892809636,official
2017-08,m21,Other services,其他服務,-0.010301384051422124,official
2017-08,m22,Final consumption expenditures of nonprofit institutions serving households,服務家庭之非營利機構淨消費,0.09059403527655642,official
2017-08,residual,Residual,差額,0.03173509072999425,official
2017-09,m4,Motor vehicles and parts,汽車與零組件,-0.10074574828208299,official
2017-09,m5,Furnishings and durable household equipment,家具與耐久家用設備,-0.0808147690187096,official
2017-09,m6,Recreational goods and vehicles,休閒商品與交通工具,-0.10061419333914418,official
2017-09,m7,Other durable goods,其他耐久財,-0.010109460199055401,official
2017-09,m9,Food and beverages purchased for off-premises consumption,食物與飲料（居家消費）,0.020338921208927087,official
2017-09,m10,Clothing and footwear,服裝與鞋類,0.010011959540267165,official
2017-09,m11,Gasoline and other energy goods,汽油與其他能源商品,0.43310025743417185,official
2017-09,m12,Other nondurable goods,其他非耐久財,0.010255609835201594,official
2017-09,m15,Housing and utilities,住宅與公用事業,0.5541462104473679,official
2017-09,m16,Health care,醫療服務,0.2318556544300975,official
2017-09,m17,Transportation services,運輸服務,0.0602488192487787,official
2017-09,m18,Recreation services,休閒服務,0.11090335069831553,official
2017-09,m19,Food services and accommodations,餐飲與住宿,0.14113159548375326,official
2017-09,m20,Financial services and insurance,金融服務與保險,0.37285083007317615,official
2017-09,m21,Other services,其他服務,-0.020106014229825872,official
2017-09,m22,Final consumption expenditures of nonprofit institutions serving households,服務家庭之非營利機構淨消費,0.10056027405590579,official
2017-09,residual,Residual,差額,0.02443100966898859,official
2017-10,m4,Motor vehicles and parts,汽車與零組件,-0.06027086620544565,official
2017-10,m5,Furnishings and durable household equipment,家具與耐久家用設備,-0.09062922280212,official
2017-10,m6,Recreational goods and vehicles,休閒商品與交通工具,-0.07029453412630982,official
2017-10,m7,Other durable goods,其他耐久財,-0.010088805275721167,official
2017-10,m9,Food and beverages purchased for off-premises consumption,食物與飲料（居家消費）,0.030452320265404377,official
2017-10,m10,Clothing and footwear,服裝與鞋類,0.0001873204676943012,official
2017-10,m11,Gasoline and other energy goods,汽油與其他能源商品,0.2510046728971963,official
2017-10,m12,Other nondurable goods,其他非耐久財,0.030193793745195617,official
2017-10,m15,Housing and utilities,住宅與公用事業,0.5437359914229074,official
2017-10,m16,Health care,醫療服務,0.2825074847271109,official
2017-10,m17,Transportation services,運輸服務,0.07028067726665857,official
2017-10,m18,Recreation services,休閒服務,0.11067676093377028,official
2017-10,m19,Food services and accommodations,餐飲與住宿,0.15134897034429745,official
2017-10,m20,Financial services and insurance,金融服務與保險,0.3929251122709067,official
2017-10,m21,Other services,其他服務,-0.010085366347048586,official
2017-10,m22,Final consumption expenditures of nonprofit institutions serving households,服務家庭之非營利機構淨消費,0.03977586276651697,official
2017-10,residual,Residual,差額,0.020320528381287506,official
2017-11,m4,Motor vehicles and parts,汽車與零組件,-0.04025742914631804,official
2017-11,m5,Furnishings and durable household equipment,家具與耐久家用設備,-0.0807704674371341,official
2017-11,m6,Recreational goods and vehicles,休閒商品與交通工具,-0.07077552299774521,official
2017-11,m7,Other durable goods,其他耐久財,-0.010085438974327862,official
2017-11,m9,Food and beverages purchased for off-premises consumption,食物與飲料（居家消費）,0.040270674715119165,official
2017-11,m10,Clothing and footwear,服裝與鞋類,-0.03030717586273142,official
2017-11,m11,Gasoline and other energy goods,汽油與其他能源商品,0.35273718162607054,official
2017-11,m12,Other nondurable goods,其他非耐久財,0.04001223445667891,official
2017-11,m15,Housing and utilities,住宅與公用事業,0.5443953043953045,official
2017-11,m16,Health care,醫療服務,0.2624198946421169,official
2017-11,m17,Transportation services,運輸服務,0.060428711539822655,official
2017-11,m18,Recreation services,休閒服務,0.12080464302686525,official
2017-11,m19,Food services and accommodations,餐飲與住宿,0.1411336589114367,official
2017-11,m20,Financial services and insurance,金融服務與保險,0.4134599245710357,official
2017-11,m21,Other services,其他服務,8.281008281009125e-05,official
2017-11,m22,Final consumption expenditures of nonprofit institutions serving households,服務家庭之非營利機構淨消費,0.0399307388196277,official
2017-11,residual,Residual,差額,0.01023316245538708,official
2017-12,m4,Motor vehicles and parts,汽車與零組件,-0.030026445680370648,official
2017-12,m5,Furnishings and durable household equipment,家具與耐久家用設備,-0.08081093357289218,official
2017-12,m6,Recreational goods and vehicles,休閒商品與交通工具,-0.08099504395837329,official
2017-12,m7,Other durable goods,其他耐久財,-0.020230037044140066,official
2017-12,m9,Food and beverages purchased for off-premises consumption,食物與飲料（居家消費）,0.050184413198615135,official
2017-12,m10,Clothing and footwear,服裝與鞋類,-0.0405961381231642,official
2017-12,m11,Gasoline and other energy goods,汽油與其他能源商品,0.27226918068859707,official
2017-12,m12,Other nondurable goods,其他非耐久財,0.04012263931927608,official
2017-12,m15,Housing and utilities,住宅與公用事業,0.5645012162994216,official
2017-12,m16,Health care,醫療服務,0.2623277245611733,official
2017-12,m17,Transportation services,運輸服務,0.010052689485318605,official
2017-12,m18,Recreation services,休閒服務,0.13075925346468695,official
2017-12,m19,Food services and accommodations,餐飲與住宿,0.15123244945544104,official
2017-12,m20,Financial services and insurance,金融服務與保險,0.4537561950520334,official
2017-12,m21,Other services,其他服務,0.02022741266364527,official
2017-12,m22,Final consumption expenditures of nonprofit institutions serving households,服務家庭之非營利機構淨消費,0.02987937943495069,official
2017-12,residual,Residual,差額,0.03375599317661404,official
2018-01,m4,Motor vehicles and parts,汽車與零組件,-0.02991171531709083,official
2018-01,m5,Furnishings and durable household equipment,家具與耐久家用設備,-0.09028798101577662,official
2018-01,m6,Recreational goods and vehicles,休閒商品與交通工具,-0.08033363163769092,official
2018-01,m7,Other durable goods,其他耐久財,-0.02015273853455471,official
2018-01,m9,Food and beverages purchased for off-premises consumption,食物與飲料（居家消費）,0.06030638203738525,official
2018-01,m10,Clothing and footwear,服裝與鞋類,-0.02016550864244703,official
2018-01,m11,Gasoline and other energy goods,汽油與其他能源商品,0.22282762365385972,official
2018-01,m12,Other nondurable goods,其他非耐久財,0.05028305396627485,official
2018-01,m15,Housing and utilities,住宅與公用事業,0.5429485877467296,official
2018-01,m16,Health care,醫療服務,0.2716390986515973,official
2018-01,m17,Transportation services,運輸服務,-0.00012347789363607344,official
2018-01,m18,Recreation services,休閒服務,0.11051201094006094,official
2018-01,m19,Food services and accommodations,餐飲與住宿,0.14086876954480096,official
2018-01,m20,Financial services and insurance,金融服務與保險,0.45290223326060075,official
2018-01,m21,Other services,其他服務,0.06105308141697922,official
2018-01,m22,Final consumption expenditures of nonprofit institutions serving households,服務家庭之非營利機構淨消費,0.050216689626047,official
2018-01,residual,Residual,差額,0.03506701792842204,official
2018-02,m4,Motor vehicles and parts,汽車與零組件,-0.029871166629847568,official
2018-02,m5,Furnishings and durable household equipment,家具與耐久家用設備,-0.08017914164641617,official
2018-02,m6,Recreational goods and vehicles,休閒商品與交通工具,-0.1108861687385777,official
2018-02,m7,Other durable goods,其他耐久財,-0.01994989255517844,official
2018-02,m9,Food and beverages purchased for off-premises consumption,食物與飲料（居家消費）,0.04007621553230374,official
2018-02,m10,Clothing and footwear,服裝與鞋類,0.0001857690840077926,official
2018-02,m11,Gasoline and other energy goods,汽油與其他能源商品,0.30311921354407245,official
2018-02,m12,Other nondurable goods,其他非耐久財,0.05056594300403672,official
2018-02,m15,Housing and utilities,住宅與公用事業,0.5430901934006789,official
2018-02,m16,Health care,醫療服務,0.29177032916273377,official
2018-02,m17,Transportation services,運輸服務,0.020376157291185498,official
2018-02,m18,Recreation services,休閒服務,0.09056483843110477,official
2018-02,m19,Food services and accommodations,餐飲與住宿,0.1510153033558934,official
2018-02,m20,Financial services and insurance,金融服務與保險,0.4726122145683128,official
2018-02,m21,Other services,其他服務,0.09145622878717892,official
2018-02,m22,Final consumption expenditures of nonprofit institutions serving households,服務家庭之非營利機構淨消費,0.010027313076135195,official
2018-02,residual,Residual,差額,0.013634346193230451,official
2018-03,m4,Motor vehicles and parts,汽車與零組件,-0.029886472095242887,official
2018-03,m5,Furnishings and durable household equipment,家具與耐久家用設備,-0.08040407896719748,official
2018-03,m6,Recreational goods and vehicles,休閒商品與交通工具,-0.10112171597930376,official
2018-03,m7,Other durable goods,其他耐久財,-0.009954990706786558,official
2018-03,m9,Food and beverages purchased for off-premises consumption,食物與飲料（居家消費）,0.020086502235394585,official
2018-03,m10,Clothing and footwear,服裝與鞋類,0.00036971919425327765,official
2018-03,m11,Gasoline and other energy goods,汽油與其他能源商品,0.24158908926508263,official
2018-03,m12,Other nondurable goods,其他非耐久財,0.06078083086351535,official
2018-03,m15,Housing and utilities,住宅與公用事業,0.5541090068820014,official
2018-03,m16,Health care,醫療服務,0.31284934947505905,official
2018-03,m17,Transportation services,運輸服務,0.08060119555935098,official
2018-03,m18,Recreation services,休閒服務,0.09061124227658612,official
2018-03,m19,Food services and accommodations,餐飲與住宿,0.18147576229467022,official
2018-03,m20,Financial services and insurance,金融服務與保險,0.5139779976892551,official
2018-03,m21,Other services,其他服務,0.10132435826593661,official
2018-03,m22,Final consumption expenditures of nonprofit institutions serving households,服務家庭之非營利機構淨消費,0.04023167729944241,official
2018-03,residual,Residual,差額,0.02165258451801111,official
2018-04,m4,Motor vehicles and parts,汽車與零組件,-0.05019032338932064,official
2018-04,m5,Furnishings and durable household equipment,家具與耐久家用設備,-0.03972875407370269,official
2018-04,m6,Recreational goods and vehicles,休閒商品與交通工具,-0.080767711205816,official
2018-04,m7,Other durable goods,其他耐久財,-0.019916971672098275,official
2018-04,m9,Food and beverages purchased for off-premises consumption,食物與飲料（居家消費）,0.020247681123088494,official
2018-04,m10,Clothing and footwear,服裝與鞋類,0.03071075457508147,official
2018-04,m11,Gasoline and other energy goods,汽油與其他能源商品,0.3325529205314615,official
2018-04,m12,Other nondurable goods,其他非耐久財,0.050484632740035104,official
2018-04,m15,Housing and utilities,住宅與公用事業,0.5438701428929557,official
2018-04,m16,Health care,醫療服務,0.3330129857107045,official
2018-04,m17,Transportation services,運輸服務,0.05050478816746051,official
2018-04,m18,Recreation services,休閒服務,0.08045765856104288,official
2018-04,m19,Food services and accommodations,餐飲與住宿,0.16136756079217848,official
2018-04,m20,Financial services and insurance,金融服務與保險,0.4634929054900978,official
2018-04,m21,Other services,其他服務,0.13147305088994737,official
2018-04,m22,Final consumption expenditures of nonprofit institutions serving households,服務家庭之非營利機構淨消費,3.178741539233004e-05,official
2018-04,residual,Residual,差額,0.03902511907747108,official
2018-05,m4,Motor vehicles and parts,汽車與零組件,-0.04000290925141951,official
2018-05,m5,Furnishings and durable household equipment,家具與耐久家用設備,-0.03995064304488273,official
2018-05,m6,Recreational goods and vehicles,休閒商品與交通工具,-0.11142974659416946,official
2018-05,m7,Other durable goods,其他耐久財,-0.009921249573644191,official
2018-05,m9,Food and beverages purchased for off-premises consumption,食物與飲料（居家消費）,-0.00016171425131919492,official
2018-05,m10,Clothing and footwear,服裝與鞋類,0.05093738087117032,official
2018-05,m11,Gasoline and other energy goods,汽油與其他能源商品,0.49358439838687024,official
2018-05,m12,Other nondurable goods,其他非耐久財,0.09093316747256275,official
2018-05,m15,Housing and utilities,住宅與公用事業,0.5349194438313838,official
2018-05,m16,Health care,醫療服務,0.3233570755000903,official
2018-05,m17,Transportation services,運輸服務,0.050526574506932036,official
2018-05,m18,Recreation services,休閒服務,0.09070143054914628,official
2018-05,m19,Food services and accommodations,餐飲與住宿,0.20247818061435363,official
2018-05,m20,Financial services and insurance,金融服務與保險,0.4240850905880701,official
2018-05,m21,Other services,其他服務,0.11131638610782288,official
2018-05,m22,Final consumption expenditures of nonprofit institutions serving households,服務家庭之非營利機構淨消費,0.04045855821512409,official
2018-05,residual,Residual,差額,0.05437511285888297,official
2018-06,m4,Motor vehicles and parts,汽車與零組件,-0.019986067397710642,official
2018-06,m5,Furnishings and durable household equipment,家具與耐久家用設備,-0.050361445783132536,official
2018-06,m6,Recreational goods and vehicles,休閒商品與交通工具,-0.1215539362107331,official
2018-06,m7,Other durable goods,其他耐久財,-0.020357336166629915,official
2018-06,m9,Food and beverages purchased for off-premises consumption,食物與飲料（居家消費）,0.02004801234889642,official
2018-06,m10,Clothing and footwear,服裝與鞋類,0.030458472826413802,official
2018-06,m11,Gasoline and other energy goods,汽油與其他能源商品,0.5333615660645912,official
2018-06,m12,Other nondurable goods,其他非耐久財,0.07087344385862919,official
2018-06,m15,Housing and utilities,住宅與公用事業,0.5151651865364953,official
2018-06,m16,Health care,醫療服務,0.3135460978690135,official
2018-06,m17,Transportation services,運輸服務,0.040718882184311286,official
2018-06,m18,Recreation services,休閒服務,0.11106108293406572,official
2018-06,m19,Food services and accommodations,餐飲與住宿,0.1918632600284666,official
2018-06,m20,Financial services and insurance,金融服務與保險,0.4044241525168895,official
2018-06,m21,Other services,其他服務,0.13188511116011464,official
2018-06,m22,Final consumption expenditures of nonprofit institutions serving households,服務家庭之非營利機構淨消費,0.06063408375598901,official
2018-06,residual,Residual,差額,0.0565272738207252,official
2018-07,m4,Motor vehicles and parts,汽車與零組件,1.3927437050994737e-05,official
2018-07,m5,Furnishings and durable household equipment,家具與耐久家用設備,-0.030350189874051886,official
2018-07,m6,Recreational goods and vehicles,休閒商品與交通工具,-0.12128212578780198,official
2018-07,m7,Other durable goods,其他耐久財,-0.010353496387884136,official
2018-07,m9,Food and beverages purchased for off-premises consumption,食物與飲料（居家消費）,0.020267326633467933,official
2018-07,m10,Clothing and footwear,服裝與鞋類,0.01000110217127741,official
2018-07,m11,Gasoline and other energy goods,汽油與其他能源商品,0.5527029247617807,official
2018-07,m12,Other nondurable goods,其他非耐久財,0.030635251445347338,official
2018-07,m15,Housing and utilities,住宅與公用事業,0.5158811859362945,official
2018-07,m16,Health care,醫療服務,0.33387593559311846,official
2018-07,m17,Transportation services,運輸服務,0.07091941124014309,official
2018-07,m18,Recreation services,休閒服務,0.10125036321553461,official
2018-07,m19,Food services and accommodations,餐飲與住宿,0.22178100858691624,official
2018-07,m20,Financial services and insurance,金融服務與保險,0.4249470456799896,official
2018-07,m21,Other services,其他服務,0.14251275011773193,official
2018-07,m22,Final consumption expenditures of nonprofit institutions serving households,服務家庭之非營利機構淨消費,0.030395980080759097,official
2018-07,residual,Residual,差額,0.04540865505044778,official
2018-08,m4,Motor vehicles and parts,汽車與零組件,0.010224839293390785,official
2018-08,m5,Furnishings and durable household equipment,家具與耐久家用設備,-0.04049316684495187,official
2018-08,m6,Recreational goods and vehicles,休閒商品與交通工具,-0.11126625811031021,official
2018-08,m7,Other durable goods,其他耐久財,-0.02054125386145741,official
2018-08,m9,Food and beverages purchased for off-premises consumption,食物與飲料（居家消費）,0.030432883121557182,official
2018-08,m10,Clothing and footwear,服裝與鞋類,-0.05128695252281884,official
2018-08,m11,Gasoline and other energy goods,汽油與其他能源商品,0.4728110410189249,official
2018-08,m12,Other nondurable goods,其他非耐久財,0.04054425305167605,official
2018-08,m15,Housing and utilities,住宅與公用事業,0.5158926089955712,official
2018-08,m16,Health care,醫療服務,0.32315064932468235,official
2018-08,m17,Transportation services,運輸服務,0.0809715376848251,official
2018-08,m18,Recreation services,休閒服務,0.0810684115288872,official
2018-08,m19,Food services and accommodations,餐飲與住宿,0.18184060303717997,official
2018-08,m20,Financial services and insurance,金融服務與保險,0.41448448918791925,official
2018-08,m21,Other services,其他服務,0.17189308886600616,official
2018-08,m22,Final consumption expenditures of nonprofit institutions serving households,服務家庭之非營利機構淨消費,0.04077219150829276,official
2018-08,residual,Residual,差額,0.039912323672614214,official
2018-09,m4,Motor vehicles and parts,汽車與零組件,0.009752390438247016,official
2018-09,m5,Furnishings and durable household equipment,家具與耐久家用設備,-0.020199800796812755,official
2018-09,m6,Recreational goods and vehicles,休閒商品與交通工具,-0.11107011952191236,official
2018-09,m7,Other durable goods,其他耐久財,-0.040607868525896415,official
2018-09,m9,Food and beverages purchased for off-premises consumption,食物與飲料（居家消費）,0.050679980079681275,official
2018-09,m10,Clothing and footwear,服裝與鞋類,-0.020338944223107565,official
2018-09,m11,Gasoline and other energy goods,汽油與其他能源商品,0.25274073705179284,official
2018-09,m12,Other nondurable goods,其他非耐久財,0.029996314741035854,official
2018-09,m15,Housing and utilities,住宅與公用事業,0.4944847609561753,official
2018-09,m16,Health care,醫療服務,0.31263894422310756,official
2018-09,m17,Transportation services,運輸服務,0.09128525896414341,official
2018-09,m18,Recreation services,休閒服務,0.09094731075697211,official
2018-09,m19,Food services and accommodations,餐飲與住宿,0.15127649402390436,official
2018-09,m20,Financial services and insurance,金融服務與保險,0.44370209163346613,official
2018-09,m21,Other services,其他服務,0.19183187250996014,official
2018-09,m22,Final consumption expenditures of nonprofit institutions serving households,服務家庭之非營利機構淨消費,0.030657868525896415,official
2018-09,residual,Residual,差額,0.0521828685258916,official
2018-10,m4,Motor vehicles and parts,汽車與零組件,-4.6552804607531695e-05,official
2018-10,m5,Furnishings and durable household equipment,家具與耐久家用設備,0.00020192776357541228,official
2018-10,m6,Recreational goods and vehicles,休閒商品與交通工具,-0.13110005868836477,official
2018-10,m7,Other durable goods,其他耐久財,-0.050742656494016776,official
2018-10,m9,Food and beverages purchased for off-premises consumption,食物與飲料（居家消費）,0.030439267489630065,official
2018-10,m10,Clothing and footwear,服裝與鞋類,-0.009924003541196248,official
2018-10,m11,Gasoline and other energy goods,汽油與其他能源商品,0.37285722811868977,official
2018-10,m12,Other nondurable goods,其他非耐久財,0.029957227123971704,official
2018-10,m15,Housing and utilities,住宅與公用事業,0.5048310471396882,official
2018-10,m16,Health care,醫療服務,0.2830735792939491,official
2018-10,m17,Transportation services,運輸服務,0.08117933771672418,official
2018-10,m18,Recreation services,休閒服務,0.09082879907690165,official
2018-10,m19,Food services and accommodations,餐飲與住宿,0.1313061642677383,official
2018-10,m20,Financial services and insurance,金融服務與保險,0.42375217594572817,official
2018-10,m21,Other services,其他服務,0.18139419681491278,official
2018-10,m22,Final consumption expenditures of nonprofit institutions serving households,服務家庭之非營利機構淨消費,0.08075349892073092,official
2018-10,residual,Residual,差額,0.034336871213838105,official
2018-11,m4,Motor vehicles and parts,汽車與零組件,0.020334939160665505,official
2018-11,m5,Furnishings and durable household equipment,家具與耐久家用設備,0.010187335485473055,official
2018-11,m6,Recreational goods and vehicles,休閒商品與交通工具,-0.11114616339706979,official
2018-11,m7,Other durable goods,其他耐久財,-0.05067007698038242,official
2018-11,m9,Food and beverages purchased for off-premises consumption,食物與飲料（居家消費）,0.06076285075738763,official
2018-11,m10,Clothing and footwear,服裝與鞋類,-0.00033414452445988674,official
2018-11,m11,Gasoline and other energy goods,汽油與其他能源商品,0.10962056121182026,official
2018-11,m12,Other nondurable goods,其他非耐久財,0.05009078718649119,official
2018-11,m15,Housing and utilities,住宅與公用事業,0.5153247578842811,official
2018-11,m16,Health care,醫療服務,0.32343153712441025,official
2018-11,m17,Transportation services,運輸服務,0.10164966476285076,official
2018-11,m18,Recreation services,休閒服務,0.0909038986838838,official
2018-11,m19,Food services and accommodations,餐飲與住宿,0.14110404767817233,official
2018-11,m20,Financial services and insurance,金融服務與保險,0.38320327787434816,official
2018-11,m21,Other services,其他服務,0.17114904395331512,official
2018-11,m22,Final consumption expenditures of nonprofit institutions serving households,服務家庭之非營利機構淨消費,0.09103372237397567,official
2018-11,residual,Residual,差額,0.03524618822945169,official
2018-12,m4,Motor vehicles and parts,汽車與零組件,0.010319973021493541,official
2018-12,m5,Furnishings and durable household equipment,家具與耐久家用設備,0.02015810198272185,official
2018-12,m6,Recreational goods and vehicles,休閒商品與交通工具,-0.08083474672935202,official
2018-12,m7,Other durable goods,其他耐久財,-0.050790609099294795,official
2018-12,m9,Food and beverages purchased for off-premises consumption,食物與飲料（居家消費）,0.08103371321450889,official
2018-12,m10,Clothing and footwear,服裝與鞋類,-0.0007214766764860516,official
2018-12,m11,Gasoline and other energy goods,汽油與其他能源商品,-0.0330501582011684,official
2018-12,m12,Other nondurable goods,其他非耐久財,0.019673877466004106,official
2018-12,m15,Housing and utilities,住宅與公用事業,0.5361008123307645,official
2018-12,m16,Health care,醫療服務,0.32335098838535625,official
2018-12,m17,Transportation services,運輸服務,0.12147350254411282,official
2018-12,m18,Recreation services,休閒服務,0.10114559466777755,official
2018-12,m19,Food services and accommodations,餐飲與住宿,0.16164638319397745,official
2018-12,m20,Financial services and insurance,金融服務與保險,0.3634529512700727,official
2018-12,m21,Other services,其他服務,0.191453962964065,official
2018-12,m22,Final consumption expenditures of nonprofit institutions serving households,服務家庭之非營利機構淨消費,0.09090189543845033,official
2018-12,residual,Residual,差額,0.009376122038067702,official
2019-01,m4,Motor vehicles and parts,汽車與零組件,0.04072668702259904,official
2019-01,m5,Furnishings and durable household equipment,家具與耐久家用設備,0.030417000167985847,official
2019-01,m6,Recreational goods and vehicles,休閒商品與交通工具,-0.11060652773248748,official
2019-01,m7,Other durable goods,其他耐久財,-0.0506008952657635,official
2019-01,m9,Food and beverages purchased for off-premises consumption,食物與飲料（居家消費）,0.0811025800650204,official
2019-01,m10,Clothing and footwear,服裝與鞋類,-0.020644077510647327,official
2019-01,m11,Gasoline and other energy goods,汽油與其他能源商品,-0.28515103904188777,official
2019-01,m12,Other nondurable goods,其他非耐久財,0.03012035692052293,official
2019-01,m15,Housing and utilities,住宅與公用事業,0.5245072579768575,official
2019-01,m16,Health care,醫療服務,0.30221790729157405,official
2019-01,m17,Transportation services,運輸服務,0.14113084121384598,official
2019-01,m18,Recreation services,休閒服務,0.09080514629591202,official
2019-01,m19,Food services and accommodations,餐飲與住宿,0.18152521269973024,official
2019-01,m20,Financial services and insurance,金融服務與保險,0.24124319410270853,official
2019-01,m21,Other services,其他服務,0.14111137461832626,official
2019-01,m22,Final consumption expenditures of nonprofit institutions serving households,服務家庭之非營利機構淨消費,0.08097125465666657,official
2019-01,residual,Residual,差額,0.01295605687803203,official
2019-02,m4,Motor vehicles and parts,汽車與零組件,0.040639544056164704,official
2019-02,m5,Furnishings and durable household equipment,家具與耐久家用設備,0.0404733967026899,official
2019-02,m6,Recreational goods and vehicles,休閒商品與交通工具,-0.0906984105072178,official
2019-02,m7,Other durable goods,其他耐久財,-0.06047122741973654,official
2019-02,m9,Food and beverages purchased for off-premises consumption,食物與飲料（居家消費）,0.12127208724461624,official
2019-02,m10,Clothing and footwear,服裝與鞋類,-0.04055711130393626,official
2019-02,m11,Gasoline and other energy goods,汽油與其他能源商品,-0.24348347400804607,official
2019-02,m12,Other nondurable goods,其他非耐久財,-0.030387217007178363,official
2019-02,m15,Housing and utilities,住宅與公用事業,0.5139778733138756,official
2019-02,m16,Health care,醫療服務,0.30199988167547526,official
2019-02,m17,Transportation services,運輸服務,0.09065009465961979,official
2019-02,m18,Recreation services,休閒服務,0.07051076753175042,official
2019-02,m19,Food services and accommodations,餐飲與住宿,0.19154403644395362,official
2019-02,m20,Financial services and insurance,金融服務與保險,0.27137719886408457,official
2019-02,m21,Other services,其他服務,0.12099510925297782,official
2019-02,m22,Final consumption expenditures of nonprofit institutions serving households,服務家庭之非營利機構淨消費,0.0806551234519208,official
2019-02,residual,Residual,差額,0.02167586968524904,official
2019-03,m4,Motor vehicles and parts,汽車與零組件,0.04059631220204089,official
2019-03,m5,Furnishings and durable household equipment,家具與耐久家用設備,0.04029047318860565,official
2019-03,m6,Recreational goods and vehicles,休閒商品與交通工具,-0.09074179504353651,official
2019-03,m7,Other durable goods,其他耐久財,-0.08066535991489697,official
2019-03,m9,Food and beverages purchased for off-premises consumption,食物與飲料（居家消費）,0.13127230999566605,official
2019-03,m10,Clothing and footwear,服裝與鞋類,-0.07076179031559039,official
2019-03,m11,Gasoline and other energy goods,汽油與其他能源商品,-0.021640203301682353,official
2019-03,m12,Other nondurable goods,其他非耐久財,-0.009956561995193257,official
2019-03,m15,Housing and utilities,住宅與公用事業,0.534249044560892,official
2019-03,m16,Health care,醫療服務,0.27199026831094125,official
2019-03,m17,Transportation services,運輸服務,0.08056430006697923,official
2019-03,m18,Recreation services,休閒服務,0.10082345061266301,official
2019-03,m19,Food services and accommodations,餐飲與住宿,0.18149078050510223,official
2019-03,m20,Financial services and insurance,金融服務與保險,0.23141079941688664,official
2019-03,m21,Other services,其他服務,0.11059729719081202,official
2019-03,m22,Final consumption expenditures of nonprofit institutions serving households,服務家庭之非營利機構淨消費,0.08070919191521217,official
2019-03,residual,Residual,差額,-0.008420866002120109,official
2019-04,m4,Motor vehicles and parts,汽車與零組件,0.050324175068293925,official
2019-04,m5,Furnishings and durable household equipment,家具與耐久家用設備,0.0001379635634691321,official
2019-04,m6,Recreational goods and vehicles,休閒商品與交通工具,-0.141014385944225,official
2019-04,m7,Other durable goods,其他耐久財,-0.06021745966236267,official
2019-04,m9,Food and beverages purchased for off-premises consumption,食物與飲料（居家消費）,0.08047176856710492,official
2019-04,m10,Clothing and footwear,服裝與鞋類,-0.09054595837509578,official
2019-04,m11,Gasoline and other energy goods,汽油與其他能源商品,0.05052208006603389,official
2019-04,m12,Other nondurable goods,其他非耐久財,0.020299412377414852,official
2019-04,m15,Housing and utilities,住宅與公用事業,0.5437139123086296,official
2019-04,m16,Health care,醫療服務,0.2820787885934398,official
2019-04,m17,Transportation services,運輸服務,0.10062879547196509,official
2019-04,m18,Recreation services,休閒服務,0.12083976966766896,official
2019-04,m19,Food services and accommodations,餐飲與住宿,0.19133905233575063,official
2019-04,m20,Financial services and insurance,金融服務與保險,0.27167629660200854,official
2019-04,m21,Other services,其他服務,0.07012577874732227,official
2019-04,m22,Final consumption expenditures of nonprofit institutions serving households,服務家庭之非營利機構淨消費,0.08036544621975905,official
2019-04,residual,Residual,差額,-0.004406972859303471,official
2019-05,m4,Motor vehicles and parts,汽車與零組件,0.03011575322980939,official
2019-05,m5,Furnishings and durable household equipment,家具與耐久家用設備,0.02025975809536889,official
2019-05,m6,Recreational goods and vehicles,休閒商品與交通工具,-0.12096300801443974,official
2019-05,m7,Other durable goods,其他耐久財,-0.04997488743488881,official
2019-05,m9,Food and beverages purchased for off-premises consumption,食物與飲料（居家消費）,0.12057768709351488,official
2019-05,m10,Clothing and footwear,服裝與鞋類,-0.10037335321411403,official
2019-05,m11,Gasoline and other energy goods,汽油與其他能源商品,-0.019913577461472803,official
2019-05,m12,Other nondurable goods,其他非耐久財,0.010438096546041335,official
2019-05,m15,Housing and utilities,住宅與公用事業,0.5332667915755192,official
2019-05,m16,Health care,醫療服務,0.28175091474480335,official
2019-05,m17,Transportation services,運輸服務,0.1105952462699012,official
2019-05,m18,Recreation services,休閒服務,0.09037109700709234,official
2019-05,m19,Food services and accommodations,餐飲與住宿,0.16137481484388028,official
2019-05,m20,Financial services and insurance,金融服務與保險,0.2613834472881373,official
2019-05,m21,Other services,其他服務,0.09012742664874779,official
2019-05,m22,Final consumption expenditures of nonprofit institutions serving households,服務家庭之非營利機構淨消費,0.060261818110475665,official
2019-05,residual,Residual,差額,-0.013744420792424217,official
2019-06,m4,Motor vehicles and parts,汽車與零組件,0.01995197443863999,official
2019-06,m5,Furnishings and durable household equipment,家具與耐久家用設備,0.05036283801664233,official
2019-06,m6,Recreational goods and vehicles,休閒商品與交通工具,-0.10072949847592352,official
2019-06,m7,Other durable goods,其他耐久財,-0.00967342618275196,official
2019-06,m9,Food and beverages purchased for off-premises consumption,食物與飲料（居家消費）,0.11048231385194406,official
2019-06,m10,Clothing and footwear,服裝與鞋類,-0.07016622724911545,official
2019-06,m11,Gasoline and other energy goods,汽油與其他能源商品,-0.14140362053925842,official
2019-06,m12,Other nondurable goods,其他非耐久財,-0.009846514226347419,official
2019-06,m15,Housing and utilities,住宅與公用事業,0.5535217438179342,official
2019-06,m16,Health care,醫療服務,0.2818007625283008,official
2019-06,m17,Transportation services,運輸服務,0.08023287496692116,official
2019-06,m18,Recreation services,休閒服務,0.07031040194454519,official
2019-06,m19,Food services and accommodations,餐飲與住宿,0.19135618304599675,official
2019-06,m20,Financial services and insurance,金融服務與保險,0.231183879093199,official
2019-06,m21,Other services,其他服務,0.10062678258142294,official
2019-06,m22,Final consumption expenditures of nonprofit institutions serving households,服務家庭之非營利機構淨消費,0.08063187917160808,official
2019-06,residual,Residual,差額,-0.012577208440733179,official
2019-07,m4,Motor vehicles and parts,汽車與零組件,0.009798995466872915,official
2019-07,m5,Furnishings and durable household equipment,家具與耐久家用設備,0.04017770249762574,official
2019-07,m6,Recreational goods and vehicles,休閒商品與交通工具,-0.15113993949303386,official
2019-07,m7,Other durable goods,其他耐久財,-0.02992696084670589,official
2019-07,m9,Food and beverages purchased for off-premises consumption,食物與飲料（居家消費）,0.10037606352252366,official
2019-07,m10,Clothing and footwear,服裝與鞋類,-0.039981299626971604,official
2019-07,m11,Gasoline and other energy goods,汽油與其他能源商品,-0.08074772119799872,official
2019-07,m12,Other nondurable goods,其他非耐久財,0.030548968542252065,official
2019-07,m15,Housing and utilities,住宅與公用事業,0.5535062709889658,official
2019-07,m16,Health care,醫療服務,0.29191957860520673,official
2019-07,m17,Transportation services,運輸服務,0.08029049218206918,official
2019-07,m18,Recreation services,休閒服務,0.07037851121532843,official
2019-07,m19,Food services and accommodations,餐飲與住宿,0.2114176057648061,official
2019-07,m20,Financial services and insurance,金融服務與保險,0.23136679166217924,official
2019-07,m21,Other services,其他服務,0.08068398327736276,official
2019-07,m22,Final consumption expenditures of nonprofit institutions serving households,服務家庭之非營利機構淨消費,0.09053604472424293,official
2019-07,residual,Residual,差額,-0.035275561255962096,official
2019-08,m4,Motor vehicles and parts,汽車與零組件,0.009937480432060103,official
2019-08,m5,Furnishings and durable household equipment,家具與耐久家用設備,0.04000450062617408,official
2019-08,m6,Recreational goods and vehicles,休閒商品與交通工具,-0.15118024029430183,official
2019-08,m7,Other durable goods,其他耐久財,-0.019913118346900432,official
2019-08,m9,Food and beverages purchased for off-premises consumption,食物與飲料（居家消費）,0.09031328271759548,official
2019-08,m10,Clothing and footwear,服裝與鞋類,0.020004794145272398,official
2019-08,m11,Gasoline and other energy goods,汽油與其他能源商品,-0.18134862241703198,official
2019-08,m12,Other nondurable goods,其他非耐久財,0.05080443800876644,official
2019-08,m15,Housing and utilities,住宅與公用事業,0.5437098857232311,official
2019-08,m16,Health care,醫療服務,0.3221318292110207,official
2019-08,m17,Transportation services,運輸服務,0.08038000939261114,official
2019-08,m18,Recreation services,休閒服務,0.08046796728240452,official
2019-08,m19,Food services and accommodations,餐飲與住宿,0.18114628991859738,official
2019-08,m20,Financial services and insurance,金融服務與保險,0.22135830854727614,official
2019-08,m21,Other services,其他服務,0.09062098857232309,official
2019-08,m22,Final consumption expenditures of nonprofit institutions serving households,服務家庭之非營利機構淨消費,0.08062539135879775,official
2019-08,residual,Residual,差額,-0.028646779117092347,official
2019-09,m4,Motor vehicles and parts,汽車與零組件,0.02987609599875021,official
2019-09,m5,Furnishings and durable household equipment,家具與耐久家用設備,0.04006522291003534,official
2019-09,m6,Recreational goods and vehicles,休閒商品與交通工具,-0.14089076138959947,official
2019-09,m7,Other durable goods,其他耐久財,-0.020015036419379403,official
2019-09,m9,Food and beverages purchased for off-premises consumption,食物與飲料（居家消費）,0.0802913550352477,official
2019-09,m10,Clothing and footwear,服裝與鞋類,-0.009831963131480792,official
2019-09,m11,Gasoline and other energy goods,汽油與其他能源商品,-0.23101700872893435,official
2019-09,m12,Other nondurable goods,其他非耐久財,0.03017028256751742,official
2019-09,m15,Housing and utilities,住宅與公用事業,0.5732472807514304,official
2019-09,m16,Health care,醫療服務,0.31177732429846317,official
2019-09,m17,Transportation services,運輸服務,0.060398953308988645,official
2019-09,m18,Recreation services,休閒服務,0.06020123415805815,official
2019-09,m19,Food services and accommodations,餐飲與住宿,0.2111415962037923,official
2019-09,m20,Financial services and insurance,金融服務與保險,0.18098644769474115,official
2019-09,m21,Other services,其他服務,0.040252201761409125,official
2019-09,m22,Final consumption expenditures of nonprofit institutions serving households,服務家庭之非營利機構淨消費,0.08046007537737507,official
2019-09,residual,Residual,差額,-0.01315930793415343,official
2019-10,m4,Motor vehicles and parts,汽車與零組件,0.019841805156196688,official
2019-10,m5,Furnishings and durable household equipment,家具與耐久家用設備,0.00991968419513622,official
2019-10,m6,Recreational goods and vehicles,休閒商品與交通工具,-0.1306649446854135,official
2019-10,m7,Other durable goods,其他耐久財,0.00011316340952288902,official
2019-10,m9,Food and beverages purchased for off-premises consumption,食物與飲料（居家消費）,0.10024650324089868,official
2019-10,m10,Clothing and footwear,服裝與鞋類,-0.07022418246503241,official
2019-10,m11,Gasoline and other energy goods,汽油與其他能源商品,-0.23023392952872948,official
2019-10,m12,Other nondurable goods,其他非耐久財,0.08067283980700814,official
2019-10,m15,Housing and utilities,住宅與公用事業,0.5627882450411814,official
2019-10,m16,Health care,醫療服務,0.34208489692480143,official
2019-10,m17,Transportation services,運輸服務,0.07040567279107168,official
2019-10,m18,Recreation services,休閒服務,0.09043013792095131,official
2019-10,m19,Food services and accommodations,餐飲與住宿,0.19068365904771187,official
2019-10,m20,Financial services and insurance,金融服務與保險,0.12039319654953945,official
2019-10,m21,Other services,其他服務,0.07038734831132122,official
2019-10,m22,Final consumption expenditures of nonprofit institutions serving households,服務家庭之非營利機構淨消費,0.07033851552219894,official
2019-10,residual,Residual,差額,-0.008620790486865149,official
2019-11,m4,Motor vehicles and parts,汽車與零組件,-0.00015814089447530738,official
2019-11,m5,Furnishings and durable household equipment,家具與耐久家用設備,-0.00020910065283055376,official
2019-11,m6,Recreational goods and vehicles,休閒商品與交通工具,-0.15100000000000002,official
2019-11,m7,Other durable goods,其他耐久財,0.00011312481730489134,official
2019-11,m9,Food and beverages purchased for off-premises consumption,食物與飲料（居家消費）,0.0903445386339277,official
2019-11,m10,Clothing and footwear,服裝與鞋類,-0.05020705446750463,official
2019-11,m11,Gasoline and other energy goods,汽油與其他能源商品,-0.039704959563480455,official
2019-11,m12,Other nondurable goods,其他非耐久財,0.07064873818571567,official
2019-11,m15,Housing and utilities,住宅與公用事業,0.5431183864367145,official
2019-11,m16,Health care,醫療服務,0.322232680502777,official
2019-11,m17,Transportation services,運輸服務,0.030266491279353016,official
2019-11,m18,Recreation services,休閒服務,0.10065351261814284,official
2019-11,m19,Food services and accommodations,餐飲與住宿,0.1906186300302056,official
2019-11,m20,Financial services and insurance,金融服務與保險,0.12035213875085259,official
2019-11,m21,Other services,其他服務,0.09061414790996786,official
2019-11,m22,Final consumption expenditures of nonprofit institutions serving households,服務家庭之非營利機構淨消費,0.03007054467504628,official
2019-11,residual,Residual,差額,0.010523628568640753,official
2019-12,m4,Motor vehicles and parts,汽車與零組件,0.009970788989396396,official
2019-12,m5,Furnishings and durable household equipment,家具與耐久家用設備,-0.010337776652612924,official
2019-12,m6,Recreational goods and vehicles,休閒商品與交通工具,-0.19127515798288236,official
2019-12,m7,Other durable goods,其他耐久財,-0.010151507774997313,official
2019-12,m9,Food and beverages purchased for off-premises consumption,食物與飲料（居家消費）,0.07029590753741444,official
2019-12,m10,Clothing and footwear,服裝與鞋類,-0.04031499206434213,official
2019-12,m11,Gasoline and other energy goods,汽油與其他能源商品,0.18125626819602533,official
2019-12,m12,Other nondurable goods,其他非耐久財,0.12097253191302909,official
2019-12,m15,Housing and utilities,住宅與公用事業,0.5033135023028014,official
2019-12,m16,Health care,醫療服務,0.32228137992814093,official
2019-12,m17,Transportation services,運輸服務,0.10114731112647395,official
2019-12,m18,Recreation services,休閒服務,0.0907265752037468,official
2019-12,m19,Food services and accommodations,餐飲與住宿,0.1505145032667647,official
2019-12,m20,Financial services and insurance,金融服務與保險,0.11068305079794746,official
2019-12,m21,Other services,其他服務,0.09095870536801005,official
2019-12,m22,Final consumption expenditures of nonprofit institutions serving households,服務家庭之非營利機構淨消費,0.060436217758347045,official
2019-12,residual,Residual,差額,0.0032854597326303914,official
2020-01,m4,Motor vehicles and parts,汽車與零組件,-0.020039552645935627,official
2020-01,m5,Furnishings and durable household equipment,家具與耐久家用設備,-0.010030200296157742,official
2020-01,m6,Recreational goods and vehicles,休閒商品與交通工具,-0.2016919959473151,official
2020-01,m7,Other durable goods,其他耐久財,-0.010156749279089697,official
2020-01,m9,Food and beverages purchased for off-premises consumption,食物與飲料（居家消費）,0.0909683578832515,official
2020-01,m10,Clothing and footwear,服裝與鞋類,-0.05049742810381108,official
2020-01,m11,Gasoline and other energy goods,汽油與其他能源商品,0.3311143909282207,official
2020-01,m12,Other nondurable goods,其他非耐久財,0.10118112384069831,official
2020-01,m15,Housing and utilities,住宅與公用事業,0.5445327721923466,official
2020-01,m16,Health care,醫療服務,0.35293264359753723,official
2020-01,m17,Transportation services,運輸服務,0.07087113241368562,official
2020-01,m18,Recreation services,休閒服務,0.1009350401371678,official
2020-01,m19,Food services and accommodations,餐飲與住宿,0.16122320941469878,official
2020-01,m20,Financial services and insurance,金融服務與保險,0.21126120333567144,official
2020-01,m21,Other services,其他服務,0.12164698776400905,official
2020-01,m22,Final consumption expenditures of nonprofit institutions serving households,服務家庭之非營利機構淨消費,0.02013385550619593,official
2020-01,residual,Residual,差額,-0.019902677110127387,official
2020-02,m4,Motor vehicles and parts,汽車與零組件,0.00031875996732661296,official
2020-02,m5,Furnishings and durable household equipment,家具與耐久家用設備,-0.009832743397253884,official
2020-02,m6,Recreational goods and vehicles,休閒商品與交通工具,-0.16103815784355674,official
2020-02,m7,Other durable goods,其他耐久財,-0.010138181181687345,official
2020-02,m9,Food and beverages purchased for off-premises consumption,食物與飲料（居家消費）,0.08117857559609475,official
2020-02,m10,Clothing and footwear,服裝與鞋類,-0.04024427243377806,official
2020-02,m11,Gasoline and other energy goods,汽油與其他能源商品,0.13888609047415304,official
2020-02,m12,Other nondurable goods,其他非耐久財,0.13076218444902563,official
2020-02,m15,Housing and utilities,住宅與公用事業,0.5442537632735618,official
2020-02,m16,Health care,醫療服務,0.35282478898440234,official
2020-02,m17,Transportation services,運輸服務,0.0805441674121903,official
2020-02,m18,Recreation services,休閒服務,0.11073223384806877,official
2020-02,m19,Food services and accommodations,餐飲與住宿,0.1716266677039169,official
2020-02,m20,Financial services and insurance,金融服務與保險,0.17112723170874014,official
2020-02,m21,Other services,其他服務,0.12160371854214477,official
2020-02,m22,Final consumption expenditures of nonprofit institutions serving households,服務家庭之非營利機構淨消費,0.050400443424481696,official
2020-02,residual,Residual,差額,-0.043908067213825674,official
2020-03,m4,Motor vehicles and parts,汽車與零組件,0.0003180393716830463,official
2020-03,m5,Furnishings and durable household equipment,家具與耐久家用設備,-0.009979043165258224,official
2020-03,m6,Recreational goods and vehicles,休閒商品與交通工具,-0.17098856106103677,official
2020-03,m7,Other durable goods,其他耐久財,-0.0003063966857153929,official
2020-03,m9,Food and beverages purchased for off-premises consumption,食物與飲料（居家消費）,0.10145543276833965,official
2020-03,m10,Clothing and footwear,服裝與鞋類,-0.05063627278813222,official
2020-03,m11,Gasoline and other energy goods,汽油與其他能源商品,-0.2447820392164472,official
2020-03,m12,Other nondurable goods,其他非耐久財,0.10053439928591526,official
2020-03,m15,Housing and utilities,住宅與公用事業,0.5237427354490681,official
2020-03,m16,Health care,醫療服務,0.3625101630946259,official
2020-03,m17,Transportation services,運輸服務,0.02963247921295443,official
2020-03,m18,Recreation services,休閒服務,0.09069565048656725,official
2020-03,m19,Food services and accommodations,餐飲與住宿,0.11053168265918947,official
2020-03,m20,Financial services and insurance,金融服務與保險,0.1812233552280511,official
2020-03,m21,Other services,其他服務,0.1412836061279337,official
2020-03,m22,Final consumption expenditures of nonprofit institutions serving households,服務家庭之非營利機構淨消費,0.030163191648313267,official
2020-03,residual,Residual,差額,-0.029189377989504273,official
2020-04,m4,Motor vehicles and parts,汽車與零組件,-0.009887287151702787,official
2020-04,m5,Furnishings and durable household equipment,家具與耐久家用設備,2.089783281733655e-05,official
2020-04,m6,Recreational goods and vehicles,休閒商品與交通工具,-0.18106046826625388,official
2020-04,m7,Other durable goods,其他耐久財,-0.02024922600619195,official
2020-04,m9,Food and beverages purchased for off-premises consumption,食物與飲料（居家消費）,0.34281994969040247,official
2020-04,m10,Clothing and footwear,服裝與鞋類,-0.1211106811145511,official
2020-04,m11,Gasoline and other energy goods,汽油與其他能源商品,-0.726579140866873,official
2020-04,m12,Other nondurable goods,其他非耐久財,0.09039580108359133,official
2020-04,m15,Housing and utilities,住宅與公用事業,0.5127615131578948,official
2020-04,m16,Health care,醫療服務,0.36207101393188856,official
2020-04,m17,Transportation services,運輸服務,-0.040835332817337464,official
2020-04,m18,Recreation services,休閒服務,0.07049661377708978,official
2020-04,m19,Food services and accommodations,餐飲與住宿,0.07010052244582042,official
2020-04,m20,Financial services and insurance,金融服務與保險,-0.06070443111455109,official
2020-04,m21,Other services,其他服務,0.18100580495356036,official
2020-04,m22,Final consumption expenditures of nonprofit institutions serving households,服務家庭之非營利機構淨消費,0.040050116099071206,official
2020-04,residual,Residual,差額,-0.04683436532507257,official
2020-05,m4,Motor vehicles and parts,汽車與零組件,0.00011263112099386269,official
2020-05,m5,Furnishings and durable household equipment,家具與耐久家用設備,-0.009971866389519992,official
2020-05,m6,Recreational goods and vehicles,休閒商品與交通工具,-0.1809753951757142,official
2020-05,m7,Other durable goods,其他耐久財,-0.030227292502537827,official
2020-05,m9,Food and beverages purchased for off-premises consumption,食物與飲料（居家消費）,0.3928586068545463,official
2020-05,m10,Clothing and footwear,服裝與鞋類,-0.1712176729346933,official
2020-05,m11,Gasoline and other energy goods,汽油與其他能源商品,-0.7362299028375308,official
2020-05,m12,Other nondurable goods,其他非耐久財,0.07029854497993909,official
2020-05,m15,Housing and utilities,住宅與公用事業,0.5125283511383961,official
2020-05,m16,Health care,醫療服務,0.42208846135254025,official
2020-05,m17,Transportation services,運輸服務,-0.0407595108038865,official
2020-05,m18,Recreation services,休閒服務,0.11050891864455938,official
2020-05,m19,Food services and accommodations,餐飲與住宿,0.07014211823850727,official
2020-05,m20,Financial services and insurance,金融服務與保險,-0.07065316382269057,official
2020-05,m21,Other services,其他服務,0.18092077149900904,official
2020-05,m22,Final consumption expenditures of nonprofit institutions serving households,服務家庭之非營利機構淨消費,0.019943152704597095,official
2020-05,residual,Residual,差額,-0.049203847827137936,official
2020-06,m4,Motor vehicles and parts,汽車與零組件,-0.030069189439913418,official
2020-06,m5,Furnishings and durable household equipment,家具與耐久家用設備,-0.009918151598314717,official
2020-06,m6,Recreational goods and vehicles,休閒商品與交通工具,-0.20092922577403272,official
2020-06,m7,Other durable goods,其他耐久財,-0.050203509721309575,official
2020-06,m9,Food and beverages purchased for off-premises consumption,食物與飲料（居家消費）,0.42280536121526036,official
2020-06,m10,Clothing and footwear,服裝與鞋類,-0.1509990916470179,official
2020-06,m11,Gasoline and other energy goods,汽油與其他能源商品,-0.47526951026245606,official
2020-06,m12,Other nondurable goods,其他非耐久財,0.10030004638398207,official
2020-06,m15,Housing and utilities,住宅與公用事業,0.48239785860616136,official
2020-06,m16,Health care,醫療服務,0.4320308453480732,official
2020-06,m17,Transportation services,運輸服務,-0.0006611650110161845,official
2020-06,m18,Recreation services,休閒服務,0.11045659232345097,official
2020-06,m19,Food services and accommodations,餐飲與住宿,0.09024641490471956,official
2020-06,m20,Financial services and insurance,金融服務與保險,-0.020398419079277953,official
2020-06,m21,Other services,其他服務,0.13080978702021567,official
2020-06,m22,Final consumption expenditures of nonprofit institutions serving households,服務家庭之非營利機構淨消費,-0.020096343396080553,official
2020-06,residual,Residual,差額,-0.05096459356034733,official
2020-07,m4,Motor vehicles and parts,汽車與零組件,0.010145142923317443,official
2020-07,m5,Furnishings and durable household equipment,家具與耐久家用設備,8.173939896932887e-05,official
2020-07,m6,Recreational goods and vehicles,休閒商品與交通工具,-0.1104022311864276,official
2020-07,m7,Other durable goods,其他耐久財,-0.030163285788732126,official
2020-07,m9,Food and beverages purchased for off-premises consumption,食物與飲料（居家消費）,0.34174200459361914,official
2020-07,m10,Clothing and footwear,服裝與鞋類,-0.14065960896334756,official
2020-07,m11,Gasoline and other energy goods,汽油與其他能源商品,-0.4542080832255698,official
2020-07,m12,Other nondurable goods,其他非耐久財,0.10039402829514968,official
2020-07,m15,Housing and utilities,住宅與公用事業,0.48205882920615317,official
2020-07,m16,Health care,醫療服務,0.4417455752639401,official
2020-07,m17,Transportation services,運輸服務,-0.030772036826156604,official
2020-07,m18,Recreation services,休閒服務,0.08019773793209936,official
2020-07,m19,Food services and accommodations,餐飲與住宿,0.09027793325741637,official
2020-07,m20,Financial services and insurance,金融服務與保險,0.02010644457740636,official
2020-07,m21,Other services,其他服務,0.15083650190114067,official
2020-07,m22,Final consumption expenditures of nonprofit institutions serving households,服務家庭之非營利機構淨消費,5.5490146880009944e-05,official
2020-07,residual,Residual,差額,-0.028852174248703455,official
2020-08,m4,Motor vehicles and parts,汽車與零組件,0.07075817497829652,official
2020-08,m5,Furnishings and durable household equipment,家具與耐久家用設備,0.07060258512588019,official
2020-08,m6,Recreational goods and vehicles,休閒商品與交通工具,-0.10035574418828977,official
2020-08,m7,Other durable goods,其他耐久財,-0.04023690556573744,official
2020-08,m9,Food and beverages purchased for off-premises consumption,食物與飲料（居家消費）,0.34158377544130414,official
2020-08,m10,Clothing and footwear,服裝與鞋類,-0.13050689688434455,official
2020-08,m11,Gasoline and other energy goods,汽油與其他能源商品,-0.37375817497829655,official
2020-08,m12,Other nondurable goods,其他非耐久財,0.09044439085559951,official
2020-08,m15,Housing and utilities,住宅與公用事業,0.47211690942413426,official
2020-08,m16,Health care,醫療服務,0.4619928619658532,official
2020-08,m17,Transportation services,運輸服務,-0.05084074467058937,official
2020-08,m18,Recreation services,休閒服務,0.09034040706086621,official
2020-08,m19,Food services and accommodations,餐飲與住宿,0.12040667502652647,official
2020-08,m20,Financial services and insurance,金融服務與保險,0.030276936432912138,official
2020-08,m21,Other services,其他服務,0.17094183466769558,official
2020-08,m22,Final consumption expenditures of nonprofit institutions serving households,服務家庭之非營利機構淨消費,-0.020027491077457313,official
2020-08,residual,Residual,差額,-0.046219542779965206,official
2020-09,m4,Motor vehicles and parts,汽車與零組件,0.15159206809790518,official
2020-09,m5,Furnishings and durable household equipment,家具與耐久家用設備,0.0605657794530188,official
2020-09,m6,Recreational goods and vehicles,休閒商品與交通工具,-0.18117166186266664,official
2020-09,m7,Other durable goods,其他耐久財,-0.02010893351199715,official
2020-09,m9,Food and beverages purchased for off-premises consumption,食物與飲料（居家消費）,0.3111631785449182,official
2020-09,m10,Clothing and footwear,服裝與鞋類,-0.14042156305129516,official
2020-09,m11,Gasoline and other energy goods,汽油與其他能源商品,-0.3230988210116356,official
2020-09,m12,Other nondurable goods,其他非耐久財,0.08992673498308157,official
2020-09,m15,Housing and utilities,住宅與公用事業,0.45218937078846655,official
2020-09,m16,Health care,醫療服務,0.46194364377777564,official
2020-09,m17,Transportation services,運輸服務,-0.030474969392575157,official
2020-09,m18,Recreation services,休閒服務,0.1204986841217356,official
2020-09,m19,Food services and accommodations,餐飲與住宿,0.12068059344663702,official
2020-09,m20,Financial services and insurance,金融服務與保險,0.05047776503137864,official
2020-09,m21,Other services,其他服務,0.20093547858444274,official
2020-09,m22,Final consumption expenditures of nonprofit institutions serving households,服務家庭之非營利機構淨消費,0.00020388882997695972,official
2020-09,residual,Residual,差額,-0.04854752103958737,official
2020-10,m4,Motor vehicles and parts,汽車與零組件,0.17154305840237882,official
2020-10,m5,Furnishings and durable household equipment,家具與耐久家用設備,0.07044083258754583,official
2020-10,m6,Recreational goods and vehicles,休閒商品與交通工具,-0.180850871368496,official
2020-10,m7,Other durable goods,其他耐久財,-0.030055621313163396,official
2020-10,m9,Food and beverages purchased for off-premises consumption,食物與飲料（居家消費）,0.32084933167816626,official
2020-10,m10,Clothing and footwear,服裝與鞋類,-0.10024375222533369,official
2020-10,m11,Gasoline and other energy goods,汽油與其他能源商品,-0.37269301461743504,official
2020-10,m12,Other nondurable goods,其他非耐久財,0.009526930146174355,official
2020-10,m15,Housing and utilities,住宅與公用事業,0.4518983419459761,official
2020-10,m16,Health care,醫療服務,0.41146905703590364,official
2020-10,m17,Transportation services,運輸服務,-0.030293599699760386,official
2020-10,m18,Recreation services,休閒服務,0.10044814611661229,official
2020-10,m19,Food services and accommodations,餐飲與住宿,0.130449204653714,official
2020-10,m20,Financial services and insurance,金融服務與保險,0.10055467344130413,official
2020-10,m21,Other services,其他服務,0.18061510628674807,official
2020-10,m22,Final consumption expenditures of nonprofit institutions serving households,服務家庭之非營利機構淨消費,-0.009906175120528882,official
2020-10,residual,Residual,差額,-0.03626548110510819,official
2020-11,m4,Motor vehicles and parts,汽車與零組件,0.16125826732292547,official
2020-11,m5,Furnishings and durable household equipment,家具與耐久家用設備,0.10057477120664463,official
2020-11,m6,Recreational goods and vehicles,休閒商品與交通工具,-0.12037068368837961,official
2020-11,m7,Other durable goods,其他耐久財,-0.06034972698608014,official
2020-11,m9,Food and beverages purchased for off-premises consumption,食物與飲料（居家消費）,0.3105295893255403,official
2020-11,m10,Clothing and footwear,服裝與鞋類,-0.09003230023840653,official
2020-11,m11,Gasoline and other energy goods,汽油與其他能源商品,-0.40216017457509806,official
2020-11,m12,Other nondurable goods,其他非耐久財,0.019625471045143433,official
2020-11,m15,Housing and utilities,住宅與公用事業,0.4316913404598939,official
2020-11,m16,Health care,醫療服務,0.4112830692917019,official
2020-11,m17,Transportation services,運輸服務,-5.604475890178852e-05,official
2020-11,m18,Recreation services,休閒服務,0.09047373682996232,official
2020-11,m19,Food services and accommodations,餐飲與住宿,0.16064004460509113,official
2020-11,m20,Financial services and insurance,金融服務與保險,0.0600178804891179,official
2020-11,m21,Other services,其他服務,0.1503415557948166,official
2020-11,m22,Final consumption expenditures of nonprofit institutions serving households,服務家庭之非營利機構淨消費,0.020191782665538713,official
2020-11,residual,Residual,差額,-0.05739387064524104,official
2020-12,m4,Motor vehicles and parts,汽車與零組件,0.1609390549052317,official
2020-12,m5,Furnishings and durable household equipment,家具與耐久家用設備,0.09009241949245975,official
2020-12,m6,Recreational goods and vehicles,休閒商品與交通工具,-0.04976080224721256,official
2020-12,m7,Other durable goods,其他耐久財,-0.04024025233205825,official
2020-12,m9,Food and beverages purchased for off-premises consumption,食物與飲料（居家消費）,0.3298694239121056,official
2020-12,m10,Clothing and footwear,服裝與鞋類,-0.06972398784357714,official
2020-12,m11,Gasoline and other energy goods,汽油與其他能源商品,-0.3294844066074185,official
2020-12,m12,Other nondurable goods,其他非耐久財,-0.020437554526541845,official
2020-12,m15,Housing and utilities,住宅與公用事業,0.4209021446307534,official
2020-12,m16,Health care,醫療服務,0.4003126348183727,official
2020-12,m17,Transportation services,運輸服務,-0.0900483189047715,official
2020-12,m18,Recreation services,休閒服務,0.08025539992522074,official
2020-12,m19,Food services and accommodations,餐飲與住宿,0.1803865512381719,official
2020-12,m20,Financial services and insurance,金融服務與保險,0.15103051568926343,official
2020-12,m21,Other services,其他服務,0.14019739806532638,official
2020-12,m22,Final consumption expenditures of nonprofit institutions serving households,服務家庭之非營利機構淨消費,0.030583086465913123,official
2020-12,residual,Residual,差額,-0.05035117489717278,official
2021-01,m4,Motor vehicles and parts,汽車與零組件,0.1505414872236578,official
2021-01,m5,Furnishings and durable household equipment,家具與耐久家用設備,0.06996966216862857,official
2021-01,m6,Recreational goods and vehicles,休閒商品與交通工具,-0.02970868025648388,official
2021-01,m7,Other durable goods,其他耐久財,-0.030054072160015315,official
2021-01,m9,Food and beverages purchased for off-premises consumption,食物與飲料（居家消費）,0.2893617571059432,official
2021-01,m10,Clothing and footwear,服裝與鞋類,-0.03938797971097713,official
2021-01,m11,Gasoline and other energy goods,汽油與其他能源商品,-0.1875539286056082,official
2021-01,m12,Other nondurable goods,其他非耐久財,0.020194276964302805,official
2021-01,m15,Housing and utilities,住宅與公用事業,0.38050148339554024,official
2021-01,m16,Health care,醫療服務,0.511283950617284,official
2021-01,m17,Transportation services,運輸服務,-0.06992563881711171,official
2021-01,m18,Recreation services,休閒服務,0.06001665231122596,official
2021-01,m19,Food services and accommodations,餐飲與住宿,0.15025638817111686,official
2021-01,m20,Financial services and insurance,金融服務與保險,0.0500086132644272,official
2021-01,m21,Other services,其他服務,0.1202533256770983,official
2021-01,m22,Final consumption expenditures of nonprofit institutions serving households,服務家庭之非營利機構淨消費,0.09095731648961625,official
2021-01,residual,Residual,差額,-0.029393339075504565,official
2021-02,m4,Motor vehicles and parts,汽車與零組件,0.13043787593355838,official
2021-02,m5,Furnishings and durable household equipment,家具與耐久家用設備,0.07006473946429767,official
2021-02,m6,Recreational goods and vehicles,休閒商品與交通工具,-0.03952655083052031,official
2021-02,m7,Other durable goods,其他耐久財,-0.030030218125137467,official
2021-02,m9,Food and beverages purchased for off-premises consumption,食物與飲料（居家消費）,0.27929063907509594,official
2021-02,m10,Clothing and footwear,服裝與鞋類,-0.06963413118108883,official
2021-02,m11,Gasoline and other energy goods,汽油與其他能源商品,0.023934380767502095,official
2021-02,m12,Other nondurable goods,其他非耐久財,0.009884960745125421,official
2021-02,m15,Housing and utilities,住宅與公用事業,0.40108727874307903,official
2021-02,m16,Health care,醫療服務,0.5823287081751505,official
2021-02,m17,Transportation services,運輸服務,-0.04973540015109064,official
2021-02,m18,Recreation services,休閒服務,0.07011169231063469,official
2021-02,m19,Food services and accommodations,餐飲與住宿,0.12031155269524639,official
2021-02,m20,Financial services and insurance,金融服務與保險,0.12111826188404273,official
2021-02,m21,Other services,其他服務,0.12030849263194134,official
2021-02,m22,Final consumption expenditures of nonprofit institutions serving households,服務家庭之非營利機構淨消費,0.06075832193778509,official
2021-02,residual,Residual,差額,-0.014398649747054293,official
2021-03,m4,Motor vehicles and parts,汽車與零組件,0.15123188614283933,official
2021-03,m5,Furnishings and durable household equipment,家具與耐久家用設備,0.10071285400542816,official
2021-03,m6,Recreational goods and vehicles,休閒商品與交通工具,-0.039999328672401725,official
2021-03,m7,Other durable goods,其他耐久財,0.00032799148372989785,official
2021-03,m9,Food and beverages purchased for off-premises consumption,食物與飲料（居家消費）,0.26022077087589074,official
2021-03,m10,Clothing and footwear,服裝與鞋類,-0.0397489234782442,official
2021-03,m11,Gasoline and other energy goods,汽油與其他能源商品,0.4380575615463551,official
2021-03,m12,Other nondurable goods,其他非耐久財,0.009913590547707424,official
2021-03,m15,Housing and utilities,住宅與公用事業,0.4131736532688859,official
2021-03,m16,Health care,醫療服務,0.5845527519636332,official
2021-03,m17,Transportation services,運輸服務,0.04109781243106904,official
2021-03,m18,Recreation services,休閒服務,0.07049390530444706,official
2021-03,m19,Food services and accommodations,餐飲與住宿,0.2014291605527903,official
2021-03,m20,Financial services and insurance,金融服務與保險,0.24450384095290156,official
2021-03,m21,Other services,其他服務,0.1206569420068859,official
2021-03,m22,Final consumption expenditures of nonprofit institutions serving households,服務家庭之非營利機構淨消費,0.10158759386598383,official
2021-03,residual,Residual,差額,-0.022771719845390503,official
2021-04,m4,Motor vehicles and parts,汽車與零組件,0.32654105433463665,official
2021-04,m5,Furnishings and durable household equipment,家具與耐久家用設備,0.12174550742502745,official
2021-04,m6,Recreational goods and vehicles,休閒商品與交通工具,0.04096140141374064,official
2021-04,m7,Other durable goods,其他耐久財,0.010635701766212759,official
2021-04,m9,Food and beverages purchased for off-premises consumption,食物與飲料（居家消費）,0.08108457404803637,official
2021-04,m10,Clothing and footwear,服裝與鞋類,0.061296249927772106,official
2021-04,m11,Gasoline and other energy goods,汽油與其他能源商品,0.6991159305841792,official
2021-04,m12,Other nondurable goods,其他非耐久財,0.0617512856565034,official
2021-04,m15,Housing and utilities,住宅與公用事業,0.4365678268071419,official
2021-04,m16,Health care,醫療服務,0.5470881565515515,official
2021-04,m17,Transportation services,運輸服務,0.14300939925653425,official
2021-04,m18,Recreation services,休閒服務,0.09140054700591306,official
2021-04,m19,Food services and accommodations,餐飲與住宿,0.27388422350199354,official
2021-04,m20,Financial services and insurance,金融服務與保險,0.4159676611645063,official
2021-04,m21,Other services,其他服務,0.11138301970376935,official
2021-04,m22,Final consumption expenditures of nonprofit institutions serving households,服務家庭之非營利機構淨消費,0.14323658005739712,official
2021-04,residual,Residual,差額,0.012019202989268063,official
2021-05,m4,Motor vehicles and parts,汽車與零組件,0.47107800504127306,official
2021-05,m5,Furnishings and durable household equipment,家具與耐久家用設備,0.15266590983433068,official
2021-05,m6,Recreational goods and vehicles,休閒商品與交通工具,0.07160522214311829,official
2021-05,m7,Other durable goods,其他耐久財,0.020972465413403633,official
2021-05,m9,Food and beverages purchased for off-premises consumption,食物與飲料（居家消費）,0.042115699139904955,official
2021-05,m10,Clothing and footwear,服裝與鞋類,0.14222710742529487,official
2021-05,m11,Gasoline and other energy goods,汽油與其他能源商品,0.7694186180754652,official
2021-05,m12,Other nondurable goods,其他非耐久財,0.05098468376594639,official
2021-05,m15,Housing and utilities,住宅與公用事業,0.4578980585326432,official
2021-05,m16,Health care,醫療服務,0.4973056127455697,official
2021-05,m17,Transportation services,運輸服務,0.14322372092128305,official
2021-05,m18,Recreation services,休閒服務,0.0816765119008678,official
2021-05,m19,Food services and accommodations,餐飲與住宿,0.28467241346135347,official
2021-05,m20,Financial services and insurance,金融服務與保險,0.4569410825267938,official
2021-05,m21,Other services,其他服務,0.1323237959631333,official
2021-05,m22,Final consumption expenditures of nonprofit institutions serving households,服務家庭之非營利機構淨消費,0.17342065767447232,official
2021-05,residual,Residual,差額,0.021953974331853754,official
2021-06,m4,Motor vehicles and parts,汽車與零組件,0.6856641411719575,official
2021-06,m5,Furnishings and durable household equipment,家具與耐久家用設備,0.15258147118058887,official
2021-06,m6,Recreational goods and vehicles,休閒商品與交通工具,0.060619833125539466,official
2021-06,m7,Other durable goods,其他耐久財,0.010542150187014484,official
2021-06,m9,Food and beverages purchased for off-premises consumption,食物與飲料（居家消費）,0.06389929989450466,official
2021-06,m10,Clothing and footwear,服裝與鞋類,0.13260276206003646,official
2021-06,m11,Gasoline and other energy goods,汽油與其他能源商品,0.6796561810683801,official
2021-06,m12,Other nondurable goods,其他非耐久財,0.020127073942648892,official
2021-06,m15,Housing and utilities,住宅與公用事業,0.48834228445382183,official
2021-06,m16,Health care,醫療服務,0.4451069339215499,official
2021-06,m17,Transportation services,運輸服務,0.1746578114510406,official
2021-06,m18,Recreation services,休閒服務,0.10214826891723412,official
2021-06,m19,Food services and accommodations,餐飲與住宿,0.3471503788242064,official
2021-06,m20,Financial services and insurance,金融服務與保險,0.44711834660017263,official
2021-06,m21,Other services,其他服務,0.15224043348997796,official
2021-06,m22,Final consumption expenditures of nonprofit institutions serving households,服務家庭之非營利機構淨消費,0.2243010453629999,official
2021-06,residual,Residual,差額,0.031137431667789706,official
2021-07,m4,Motor vehicles and parts,汽車與零組件,0.6849063856642889,official
2021-07,m5,Furnishings and durable household equipment,家具與耐久家用設備,0.1417409971504523,official
2021-07,m6,Recreational goods and vehicles,休閒商品與交通工具,0.020979651551951653,official
2021-07,m7,Other durable goods,其他耐久財,0.010511101761364725,official
2021-07,m9,Food and beverages purchased for off-premises consumption,食物與飲料（居家消費）,0.185039874543403,official
2021-07,m10,Clothing and footwear,服裝與鞋類,0.11227112777065923,official
2021-07,m11,Gasoline and other energy goods,汽油與其他能源商品,0.6490044751286121,official
2021-07,m12,Other nondurable goods,其他非耐久財,0.02132943831398574,official
2021-07,m15,Housing and utilities,住宅與公用事業,0.50936841400677,official
2021-07,m16,Health care,醫療服務,0.424696016370556,official
2021-07,m17,Transportation services,運輸服務,0.24603998929029053,official
2021-07,m18,Recreation services,休閒服務,0.14257071276941613,official
2021-07,m19,Food services and accommodations,餐飲與住宿,0.4197067260800551,official
2021-07,m20,Financial services and insurance,金融服務與保險,0.42796314712463424,official
2021-07,m21,Other services,其他服務,0.1322715102602842,official
2021-07,m22,Final consumption expenditures of nonprofit institutions serving households,服務家庭之非營利機構淨消費,0.2140904396718239,official
2021-07,residual,Residual,差額,0.04084109468531327,official
2021-08,m4,Motor vehicles and parts,汽車與零組件,0.6131942404882235,official
2021-08,m5,Furnishings and durable household equipment,家具與耐久家用設備,0.11274120339467912,official
2021-08,m6,Recreational goods and vehicles,休閒商品與交通工具,0.05214904167063985,official
2021-08,m7,Other durable goods,其他耐久財,0.041272527891675403,official
2021-08,m9,Food and beverages purchased for off-premises consumption,食物與飲料（居家消費）,0.2157524554209974,official
2021-08,m10,Clothing and footwear,服裝與鞋類,0.1019863640698007,official
2021-08,m11,Gasoline and other energy goods,汽油與其他能源商品,0.6797365309430723,official
2021-08,m12,Other nondurable goods,其他非耐久財,0.0112978926289692,official
2021-08,m15,Housing and utilities,住宅與公用事業,0.5404892724325355,official
2021-08,m16,Health care,醫療服務,0.4048805187374845,official
2021-08,m17,Transportation services,運輸服務,0.23450853437589397,official
2021-08,m18,Recreation services,休閒服務,0.1326386955277963,official
2021-08,m19,Food services and accommodations,餐飲與住宿,0.41941232001525697,official
2021-08,m20,Financial services and insurance,金融服務與保險,0.43805502050157336,official
2021-08,m21,Other services,其他服務,0.14318670735195957,official
2021-08,m22,Final consumption expenditures of nonprofit institutions serving households,服務家庭之非營利機構淨消費,0.29633136263945836,official
2021-08,residual,Residual,差額,0.07175989320111142,official
2021-09,m4,Motor vehicles and parts,汽車與零組件,0.5635421723445367,official
2021-09,m5,Furnishings and durable household equipment,家具與耐久家用設備,0.1438375358138915,official
2021-09,m6,Recreational goods and vehicles,休閒商品與交通工具,0.09018447128701562,official
2021-09,m7,Other durable goods,其他耐久財,0.02078452649514073,official
2021-09,m9,Food and beverages purchased for off-premises consumption,食物與飲料（居家消費）,0.3187915131785602,official
2021-09,m10,Clothing and footwear,服裝與鞋類,0.09137249302759455,official
2021-09,m11,Gasoline and other energy goods,汽油與其他能源商品,0.7011918291974832,official
2021-09,m12,Other nondurable goods,其他非耐久財,0.0929359300189421,official
2021-09,m15,Housing and utilities,住宅與公用事業,0.5930393024738951,official
2021-09,m16,Health care,醫療服務,0.4259247836888546,official
2021-09,m17,Transportation services,運輸服務,0.13111815490638418,official
2021-09,m18,Recreation services,休閒服務,0.13330287367809857,official
2021-09,m19,Food services and accommodations,餐飲與住宿,0.42001618169184346,official
2021-09,m20,Financial services and insurance,金融服務與保險,0.4277432251063708,official
2021-09,m21,Other services,其他服務,0.15381431032677498,official
2021-09,m22,Final consumption expenditures of nonprofit institutions serving households,服務家庭之非營利機構淨消費,0.2967041701171745,official
2021-09,residual,Residual,差額,0.051264456437933426,official
2021-10,m4,Motor vehicles and parts,汽車與零組件,0.637162081197516,official
2021-10,m5,Furnishings and durable household equipment,家具與耐久家用設備,0.15416515297049005,official
2021-10,m6,Recreational goods and vehicles,休閒商品與交通工具,0.12147245389963006,official
2021-10,m7,Other durable goods,其他耐久財,0.020765946115586163,official
2021-10,m9,Food and beverages purchased for off-premises consumption,食物與飲料（居家消費）,0.3717178153322365,official
2021-10,m10,Clothing and footwear,服裝與鞋類,0.13311561468744948,official
2021-10,m11,Gasoline and other energy goods,汽油與其他能源商品,0.8460215309412179,official
2021-10,m12,Other nondurable goods,其他非耐久財,0.16465083546518816,official
2021-10,m15,Housing and utilities,住宅與公用事業,0.6675631235080979,official
2021-10,m16,Health care,醫療服務,0.39510570512881477,official
2021-10,m17,Transportation services,運輸服務,0.13146608211048874,official
2021-10,m18,Recreation services,休閒服務,0.15456125001188767,official
2021-10,m19,Food services and accommodations,餐飲與住宿,0.47192171258475907,official
2021-10,m20,Financial services and insurance,金融服務與保險,0.4387473252750806,official
2021-10,m21,Other services,其他服務,0.17458920980304515,official
2021-10,m22,Final consumption expenditures of nonprofit institutions serving households,服務家庭之非營利機構淨消費,0.3482547954845889,official
2021-10,residual,Residual,差額,0.045892193131781056,official
2021-11,m4,Motor vehicles and parts,汽車與零組件,0.7306403313762375,official
2021-11,m5,Furnishings and durable household equipment,家具與耐久家用設備,0.15506279807710577,official
2021-11,m6,Recreational goods and vehicles,休閒商品與交通工具,0.0913794675939121,official
2021-11,m7,Other durable goods,其他耐久財,0.04019732466890878,official
2021-11,m9,Food and beverages purchased for off-premises consumption,食物與飲料（居家消費）,0.4449590529935967,official
2021-11,m10,Clothing and footwear,服裝與鞋類,0.15454150753386917,official
2021-11,m11,Gasoline and other energy goods,汽油與其他能源商品,1.0034439187520188,official
2021-11,m12,Other nondurable goods,其他非耐久財,0.1755276558551369,official
2021-11,m15,Housing and utilities,住宅與公用事業,0.7100069353398317,official
2021-11,m16,Health care,醫療服務,0.40627543749643735,official
2021-11,m17,Transportation services,運輸服務,0.1849718786220525,official
2021-11,m18,Recreation services,休閒服務,0.1549313116342701,official
2021-11,m19,Food services and accommodations,餐飲與住宿,0.4940575538201372,official
2021-11,m20,Financial services and insurance,金融服務與保險,0.5098117007733379,official
2021-11,m21,Other services,其他服務,0.19491858101046952,official
2021-11,m22,Final consumption expenditures of nonprofit institutions serving households,服務家庭之非營利機構淨消費,0.3694619886374433,official
2021-11,residual,Residual,差額,0.04825010925536599,official
2021-12,m4,Motor vehicles and parts,汽車與零組件,0.8125177153993889,official
2021-12,m5,Furnishings and durable household equipment,家具與耐久家用設備,0.20596041589797442,official
2021-12,m6,Recreational goods and vehicles,休閒商品與交通工具,0.019537081713166635,official
2021-12,m7,Other durable goods,其他耐久財,0.05057228545208564,official
2021-12,m9,Food and beverages purchased for off-premises consumption,食物與飲料（居家消費）,0.46535672049877486,official
2021-12,m10,Clothing and footwear,服裝與鞋類,0.1755664670432076,official
2021-12,m11,Gasoline and other energy goods,汽油與其他能源商品,0.923681870216369,official
2021-12,m12,Other nondurable goods,其他非耐久財,0.2163816119357799,official
2021-12,m15,Housing and utilities,住宅與公用事業,0.7404258318432531,official
2021-12,m16,Health care,醫療服務,0.4473354525586808,official
2021-12,m17,Transportation services,運輸服務,0.23574470903225198,official
2021-12,m18,Recreation services,休閒服務,0.16482757641983367,official
2021-12,m19,Food services and accommodations,餐飲與住宿,0.5247930443996632,official
2021-12,m20,Financial services and insurance,金融服務與保險,0.43035601093671655,official
2021-12,m21,Other services,其他服務,0.21635947359956104,official
2021-12,m22,Final consumption expenditures of nonprofit institutions serving households,服務家庭之非營利機構淨消費,0.37025809137267146,official
2021-12,residual,Residual,差額,0.0448482956319225,official
2022-01,m4,Motor vehicles and parts,汽車與零組件,0.8725187385094046,official
2022-01,m5,Furnishings and durable household equipment,家具與耐久家用設備,0.25808900202705887,official
2022-01,m6,Recreational goods and vehicles,休閒商品與交通工具,0.09344468014896526,official
2022-01,m7,Other durable goods,其他耐久財,0.05100014142271249,official
2022-01,m9,Food and beverages purchased for off-premises consumption,食物與飲料（居家消費）,0.527158063451657,official
2022-01,m10,Clothing and footwear,服裝與鞋類,0.1761653702918022,official
2022-01,m11,Gasoline and other energy goods,汽油與其他能源商品,0.8114764531183708,official
2022-01,m12,Other nondurable goods,其他非耐久財,0.22921463253665206,official
2022-01,m15,Housing and utilities,住宅與公用事業,0.8341863008532504,official
2022-01,m16,Health care,醫療服務,0.41195351906849575,official
2022-01,m17,Transportation services,運輸服務,0.19265978409465898,official
2022-01,m18,Recreation services,休閒服務,0.19536001508508935,official
2022-01,m19,Food services and accommodations,餐飲與住宿,0.5235845000707114,official
2022-01,m20,Financial services and insurance,金融服務與保險,0.4986294253523783,official
2022-01,m21,Other services,其他服務,0.21681761184179513,official
2022-01,m22,Final consumption expenditures of nonprofit institutions serving households,服務家庭之非營利機構淨消費,0.3079827464290765,official
2022-01,residual,Residual,差額,0.03461500023571151,official
2022-02,m4,Motor vehicles and parts,汽車與零組件,0.8906085061207617,official
2022-02,m5,Furnishings and durable household equipment,家具與耐久家用設備,0.2683845510658487,official
2022-02,m6,Recreational goods and vehicles,休閒商品與交通工具,0.09373587245516296,official
2022-02,m7,Other durable goods,其他耐久財,0.040234026362022154,official
2022-02,m9,Food and beverages purchased for off-premises consumption,食物與飲料（居家消費）,0.621190800537387,official
2022-02,m10,Clothing and footwear,服裝與鞋類,0.21664433817795775,official
2022-02,m11,Gasoline and other energy goods,汽油與其他能源商品,0.8042368072453283,official
2022-02,m12,Other nondurable goods,其他非耐久財,0.33302195582529287,official
2022-02,m15,Housing and utilities,住宅與公用事業,0.8561391756935767,official
2022-02,m16,Health care,醫療服務,0.3426094268186131,official
2022-02,m17,Transportation services,運輸服務,0.2137724185229376,official
2022-02,m18,Recreation services,休閒服務,0.20587715260097142,official
2022-02,m19,Food services and accommodations,餐飲與住宿,0.5541141101643163,official
2022-02,m20,Financial services and insurance,金融服務與保險,0.4383225448840203,official
2022-02,m21,Other services,其他服務,0.2484308678046993,official
2022-02,m22,Final consumption expenditures of nonprofit institutions serving households,服務家庭之非營利機構淨消費,0.33803139767570767,official
2022-02,residual,Residual,差額,0.04435565242717132,official
2022-03,m4,Motor vehicles and parts,汽車與零組件,0.8129391977125556,official
2022-03,m5,Furnishings and durable household equipment,家具與耐久家用設備,0.2894168325250656,official
2022-03,m6,Recreational goods and vehicles,休閒商品與交通工具,0.09193470318354684,official
2022-03,m7,Other durable goods,其他耐久財,0.020124744204300167,official
2022-03,m9,Food and beverages purchased for off-premises consumption,食物與飲料（居家消費）,0.7138242741943019,official
2022-03,m10,Clothing and footwear,服裝與鞋類,0.22606770760332276,official
2022-03,m11,Gasoline and other energy goods,汽油與其他能源商品,1.1280558592399481,official
2022-03,m12,Other nondurable goods,其他非耐久財,0.352410226221512,official
2022-03,m15,Housing and utilities,住宅與公用事業,0.9077197506984741,official
2022-03,m16,Health care,醫療服務,0.32151449742569077,official
2022-03,m17,Transportation services,運輸服務,0.32114213363982097,official
2022-03,m18,Recreation services,休閒服務,0.21600612975266073,official
2022-03,m19,Food services and accommodations,餐飲與住宿,0.5530637550341528,official
2022-03,m20,Financial services and insurance,金融服務與保險,0.31854567880469825,official
2022-03,m21,Other services,其他服務,0.25768256104056286,official
2022-03,m22,Final consumption expenditures of nonprofit institutions serving households,服務家庭之非營利機構淨消費,0.3275546398303105,official
2022-03,residual,Residual,差額,0.06226380362363759,official
2022-04,m4,Motor vehicles and parts,汽車與零組件,0.6490087677703086,official
2022-04,m5,Furnishings and durable household equipment,家具與耐久家用設備,0.2999960019711212,official
2022-04,m6,Recreational goods and vehicles,休閒商品與交通工具,0.05098825695238626,official
2022-04,m7,Other durable goods,其他耐久財,-0.0005644658912350199,official
2022-04,m9,Food and beverages purchased for off-premises consumption,食物與飲料（居家消費）,0.7754909672440564,official
2022-04,m10,Clothing and footwear,服裝與鞋類,0.18445529180961945,official
2022-04,m11,Gasoline and other energy goods,汽油與其他能源商品,1.0112455254618653,official
2022-04,m12,Other nondurable goods,其他非耐久財,0.32287523360575715,official
2022-04,m15,Housing and utilities,住宅與公用事業,0.9605391760341413,official
2022-04,m16,Health care,醫療服務,0.28868994821157945,official
2022-04,m17,Transportation services,運輸服務,0.3336295593800266,official
2022-04,m18,Recreation services,休閒服務,0.2056719012951754,official
2022-04,m19,Food services and accommodations,餐飲與住宿,0.5537607505137002,official
2022-04,m20,Financial services and insurance,金融服務與保險,0.3481923330822943,official
2022-04,m21,Other services,其他服務,0.2677307002129183,official
2022-04,m22,Final consumption expenditures of nonprofit institutions serving households,服務家庭之非營利機構淨消費,0.34996057757570687,official
2022-04,residual,Residual,差額,0.03226809108067563,official
2022-05,m4,Motor vehicles and parts,汽車與零組件,0.5490283059896918,official
2022-05,m5,Furnishings and durable household equipment,家具與耐久家用設備,0.24748188657246759,official
2022-05,m6,Recreational goods and vehicles,休閒商品與交通工具,0.009615338348647619,official
2022-05,m7,Other durable goods,其他耐久財,9.845561631920303e-05,official
2022-05,m9,Food and beverages purchased for off-premises consumption,食物與飲料（居家消費）,0.8374437627811862,official
2022-05,m10,Clothing and footwear,服裝與鞋類,0.16433028898203925,official
2022-05,m11,Gasoline and other energy goods,汽油與其他能源商品,1.1569724897981846,official
2022-05,m12,Other nondurable goods,其他非耐久財,0.36246305601051176,official
2022-05,m15,Housing and utilities,住宅與公用事業,1.0547663067114528,official
2022-05,m16,Health care,醫療服務,0.3098569432492204,official
2022-05,m17,Transportation services,運輸服務,0.3433092746300974,official
2022-05,m18,Recreation services,休閒服務,0.21596257946312078,official
2022-05,m19,Food services and accommodations,餐飲與住宿,0.5637098520389751,official
2022-05,m20,Financial services and insurance,金融服務與保險,0.3491707150061535,official
2022-05,m21,Other services,其他服務,0.2365956009586468,official
2022-05,m22,Final consumption expenditures of nonprofit institutions serving households,服務家庭之非營利機構淨消費,0.3383373585394517,official
2022-05,residual,Residual,差額,0.045412097826373454,official
2022-06,m4,Motor vehicles and parts,汽車與零組件,0.3981782125372695,official
2022-06,m5,Furnishings and durable household equipment,家具與耐久家用設備,0.24679243199469944,official
2022-06,m6,Recreational goods and vehicles,休閒商品與交通工具,0.05069127986159678,official
2022-06,m7,Other durable goods,其他耐久財,0.0206623845106195,official
2022-06,m9,Food and beverages purchased for off-premises consumption,食物與飲料（居家消費）,0.8680599624544484,official
2022-06,m10,Clothing and footwear,服裝與鞋類,0.16477389847977325,official
2022-06,m11,Gasoline and other energy goods,汽油與其他能源商品,1.3988939706261272,official
2022-06,m12,Other nondurable goods,其他非耐久財,0.44407240401958253,official
2022-06,m15,Housing and utilities,住宅與公用事業,1.1691413295542386,official
2022-06,m16,Health care,醫療服務,0.42361504766812674,official
2022-06,m17,Transportation services,運輸服務,0.3660296499429455,official
2022-06,m18,Recreation services,休閒服務,0.2161215813302904,official
2022-06,m19,Food services and accommodations,餐飲與住宿,0.5135770419994846,official
2022-06,m20,Financial services and insurance,金融服務與保險,0.3393252843523392,official
2022-06,m21,Other services,其他服務,0.26782493466337837,official
2022-06,m22,Final consumption expenditures of nonprofit institutions serving households,服務家庭之非營利機構淨消費,0.3073124562888799,official
2022-06,residual,Residual,差額,0.023244469393000067,official
2022-07,m4,Motor vehicles and parts,汽車與零組件,0.3665120646378776,official
2022-07,m5,Furnishings and durable household equipment,家具與耐久家用設備,0.2663036587823601,official
2022-07,m6,Recreational goods and vehicles,休閒商品與交通工具,0.029833824957402756,official
2022-07,m7,Other durable goods,其他耐久財,0.02056887928033565,official
2022-07,m9,Food and beverages purchased for off-premises consumption,食物與飲料（居家消費）,0.9310457851633352,official
2022-07,m10,Clothing and footwear,服裝與鞋類,0.16402823326798702,official
2022-07,m11,Gasoline and other energy goods,汽油與其他能源商品,1.0638464850405818,official
2022-07,m12,Other nondurable goods,其他非耐久財,0.46556512339458783,official
2022-07,m15,Housing and utilities,住宅與公用事業,1.2215284622854106,official
2022-07,m16,Health care,醫療服務,0.4338084681482567,official
2022-07,m17,Transportation services,運輸服務,0.2932528718784925,official
2022-07,m18,Recreation services,休閒服務,0.20590736703248383,official
2022-07,m19,Food services and accommodations,餐飲與住宿,0.44300681555852767,official
2022-07,m20,Financial services and insurance,金融服務與保險,0.3520558436085817,official
2022-07,m21,Other services,其他服務,0.28867811143071764,official
2022-07,m22,Final consumption expenditures of nonprofit institutions serving households,服務家庭之非營利機構淨消費,0.3066403143951192,official
2022-07,residual,Residual,差額,0.00694756417067488,official
2022-08,m4,Motor vehicles and parts,汽車與零組件,0.3756940300550187,official
2022-08,m5,Furnishings and durable household equipment,家具與耐久家用設備,0.25664814459985946,official
2022-08,m6,Recreational goods and vehicles,休閒商品與交通工具,0.010477832826941844,official
2022-08,m7,Other durable goods,其他耐久財,0.0005666110092245359,official
2022-08,m9,Food and beverages purchased for off-premises consumption,食物與飲料（居家消費）,0.9613131506674331,official
2022-08,m10,Clothing and footwear,服裝與鞋類,0.1633742096187009,official
2022-08,m11,Gasoline and other energy goods,汽油與其他能源商品,0.6805435268569968,official
2022-08,m12,Other nondurable goods,其他非耐久財,0.5275688646794222,official
2022-08,m15,Housing and utilities,住宅與公用事業,1.3165473225120667,official
2022-08,m16,Health care,醫療服務,0.444771758866413,official
2022-08,m17,Transportation services,運輸服務,0.35457723154408344,official
2022-08,m18,Recreation services,休閒服務,0.19512623290358488,official
2022-08,m19,Food services and accommodations,餐飲與住宿,0.4745369027089663,official
2022-08,m20,Financial services and insurance,金融服務與保險,0.35270175822772104,official
2022-08,m21,Other services,其他服務,0.27893338442869003,official
2022-08,m22,Final consumption expenditures of nonprofit institutions serving households,服務家庭之非營利機構淨消費,0.28891349373625674,official
2022-08,residual,Residual,差額,0.0011606857726924602,official
2022-09,m4,Motor vehicles and parts,汽車與零組件,0.35523120020373267,official
2022-09,m5,Furnishings and durable household equipment,家具與耐久家用設備,0.22592871175464765,official
2022-09,m6,Recreational goods and vehicles,休閒商品與交通工具,0.05031760468585149,official
2022-09,m7,Other durable goods,其他耐久財,0.03180203368865282,official
2022-09,m9,Food and beverages purchased for off-premises consumption,食物與飲料（居家消費）,0.9210535889693311,official
2022-09,m10,Clothing and footwear,服裝與鞋類,0.17282388037981591,official
2022-09,m11,Gasoline and other energy goods,汽油與其他能源商品,0.5122289627824063,official
2022-09,m12,Other nondurable goods,其他非耐久財,0.4966556917815695,official
2022-09,m15,Housing and utilities,住宅與公用事業,1.381504984174337,official
2022-09,m16,Health care,醫療服務,0.42475588459999275,official
2022-09,m17,Transportation services,運輸服務,0.4657674537053881,official
2022-09,m18,Recreation services,休閒服務,0.18520482409866484,official
2022-09,m19,Food services and accommodations,餐飲與住宿,0.475029286571834,official
2022-09,m20,Financial services and insurance,金融服務與保險,0.36288290828391606,official
2022-09,m21,Other services,其他服務,0.30064939789718775,official
2022-09,m22,Final consumption expenditures of nonprofit institutions serving households,服務家庭之非營利機構淨消費,0.2999633463091643,official
2022-09,residual,Residual,差額,0.031364281296627716,official
2022-10,m4,Motor vehicles and parts,汽車與零組件,0.2634294489611563,official
2022-10,m5,Furnishings and durable household equipment,家具與耐久家用設備,0.2038650406504065,official
2022-10,m6,Recreational goods and vehicles,休閒商品與交通工具,0.020179584462511287,official
2022-10,m7,Other durable goods,其他耐久財,0.020989159891598913,official
2022-10,m9,Food and beverages purchased for off-premises consumption,食物與飲料（居家消費）,0.8982564588979223,official
2022-10,m10,Clothing and footwear,服裝與鞋類,0.14251842818428184,official
2022-10,m11,Gasoline and other energy goods,汽油與其他能源商品,0.527323396567299,official
2022-10,m12,Other nondurable goods,其他非耐久財,0.4853440831074977,official
2022-10,m15,Housing and utilities,住宅與公用事業,1.3582390243902438,official
2022-10,m16,Health care,醫療服務,0.46359304426377596,official
2022-10,m17,Transportation services,運輸服務,0.4738650406504065,official
2022-10,m18,Recreation services,休閒服務,0.18594101174345076,official
2022-10,m19,Food services and accommodations,餐飲與住宿,0.5281103884372177,official
2022-10,m20,Financial services and insurance,金融服務與保險,0.3624121047877145,official
2022-10,m21,Other services,其他服務,0.31053342366757,official
2022-10,m22,Final consumption expenditures of nonprofit institutions serving households,服務家庭之非營利機構淨消費,0.2687942186088528,official
2022-10,residual,Residual,差額,-0.007522131887978567,official
2022-11,m4,Motor vehicles and parts,汽車與零組件,0.1716392515816395,official
2022-11,m5,Furnishings and durable household equipment,家具與耐久家用設備,0.1614916318930318,official
2022-11,m6,Recreational goods and vehicles,休閒商品與交通工具,-0.02227486875757168,official
2022-11,m7,Other durable goods,其他耐久財,0.041365100731368065,official
2022-11,m9,Food and beverages purchased for off-premises consumption,食物與飲料（居家消費）,0.8651148202988289,official
2022-11,m10,Clothing and footwear,服裝與鞋類,0.12235662045138421,official
2022-11,m11,Gasoline and other energy goods,汽油與其他能源商品,0.3649006147081258,official
2022-11,m12,Other nondurable goods,其他非耐久財,0.46227477901915914,official
2022-11,m15,Housing and utilities,住宅與公用事業,1.3743188405797102,official
2022-11,m16,Health care,醫療服務,0.44131350114416473,official
2022-11,m17,Transportation services,運輸服務,0.3800405617624625,official
2022-11,m18,Recreation services,休閒服務,0.20652155965360972,official
2022-11,m19,Food services and accommodations,餐飲與住宿,0.5066978956342263,official
2022-11,m20,Financial services and insurance,金融服務與保險,0.3619606048369004,official
2022-11,m21,Other services,其他服務,0.35145286489881994,official
2022-11,m22,Final consumption expenditures of nonprofit institutions serving households,服務家庭之非營利機構淨消費,0.30070121595548976,official
2022-11,residual,Residual,差額,-0.0002263202763828076,official
2022-12,m4,Motor vehicles and parts,汽車與零組件,0.06006932053386625,official
2022-12,m5,Furnishings and durable household equipment,家具與耐久家用設備,0.1412727499821569,official
2022-12,m6,Recreational goods and vehicles,休閒商品與交通工具,-0.002867033045464278,official
2022-12,m7,Other durable goods,其他耐久財,0.041729533937620446,official
2022-12,m9,Food and beverages purchased for off-premises consumption,食物與飲料（居家消費）,0.8519493612161874,official
2022-12,m10,Clothing and footwear,服裝與鞋類,0.09181857112268932,official
2022-12,m11,Gasoline and other energy goods,汽油與其他能源商品,0.05059792306045247,official
2022-12,m12,Other nondurable goods,其他非耐久財,0.4508507601170509,official
2022-12,m15,Housing and utilities,住宅與公用事業,1.4543221397473416,official
2022-12,m16,Health care,醫療服務,0.4206752729997859,official
2022-12,m17,Transportation services,運輸服務,0.3901899400471059,official
2022-12,m18,Recreation services,休閒服務,0.20592382770680182,official
2022-12,m19,Food services and accommodations,餐飲與住宿,0.4856787524088217,official
2022-12,m20,Financial services and insurance,金融服務與保險,0.3411792520162729,official
2022-12,m21,Other services,其他服務,0.341279887231461,official
2022-12,m22,Final consumption expenditures of nonprofit institutions serving households,服務家庭之非營利機構淨消費,0.2697295874669902,official
2022-12,residual,Residual,差額,0.01190948183569951,official
2023-01,m4,Motor vehicles and parts,汽車與零組件,-0.0004887378192726197,official
2023-01,m5,Furnishings and durable household equipment,家具與耐久家用設備,0.11180549885514475,official
2023-01,m6,Recreational goods and vehicles,休閒商品與交通工具,-0.06198015584231173,official
2023-01,m7,Other durable goods,其他耐久財,0.03156339303147021,official
2023-01,m9,Food and beverages purchased for off-premises consumption,食物與飲料（居家消費）,0.8088132554713432,official
2023-01,m10,Clothing and footwear,服裝與鞋類,0.0924531851825556,official
2023-01,m11,Gasoline and other energy goods,汽油與其他能源商品,0.09291201476774522,official
2023-01,m12,Other nondurable goods,其他非耐久財,0.45183620582544953,official
2023-01,m15,Housing and utilities,住宅與公用事業,1.4843577273292037,official
2023-01,m16,Health care,醫療服務,0.2979854985001509,official
2023-01,m17,Transportation services,運輸服務,0.4594533981788814,official
2023-01,m18,Recreation services,休閒服務,0.2059609684232947,official
2023-01,m19,Food services and accommodations,餐飲與住宿,0.5152093576385808,official
2023-01,m20,Financial services and insurance,金融服務與保險,0.3183821154085092,official
2023-01,m21,Other services,其他服務,0.36161894957311985,official
2023-01,m22,Final consumption expenditures of nonprofit institutions serving households,服務家庭之非營利機構淨消費,0.35124451978203375,official
2023-01,residual,Residual,差額,0.034526970659763734,official
2023-02,m4,Motor vehicles and parts,汽車與零組件,-0.041345946899532506,official
2023-02,m5,Furnishings and durable household equipment,家具與耐久家用設備,0.09124512657669578,official
2023-02,m6,Recreational goods and vehicles,休閒商品與交通工具,-0.07154079562494486,official
2023-02,m7,Other durable goods,其他耐久財,0.05180082914351239,official
2023-02,m9,Food and beverages purchased for off-premises consumption,食物與飲料（居家消費）,0.7254689953250419,official
2023-02,m10,Clothing and footwear,服裝與鞋類,0.08250207285878099,official
2023-02,m11,Gasoline and other energy goods,汽油與其他能源商品,-0.0180880303431243,official
2023-02,m12,Other nondurable goods,其他非耐久財,0.4010399576607568,official
2023-02,m15,Housing and utilities,住宅與公用事業,1.4797147393490342,official
2023-02,m16,Health care,醫療服務,0.3083142806738996,official
2023-02,m17,Transportation services,運輸服務,0.44781432477727795,official
2023-02,m18,Recreation services,休閒服務,0.21629928552527122,official
2023-02,m19,Food services and accommodations,餐飲與住宿,0.5247643997530211,official
2023-02,m20,Financial services and insurance,金融服務與保險,0.3070519537796595,official
2023-02,m21,Other services,其他服務,0.3406380876775161,official
2023-02,m22,Final consumption expenditures of nonprofit institutions serving households,服務家庭之非營利機構淨消費,0.31873149863279526,official
2023-02,residual,Residual,差額,0.03537752491840873,official
2023-03,m4,Motor vehicles and parts,汽車與零組件,0.008574262617435009,official
2023-03,m5,Furnishings and durable household equipment,家具與耐久家用設備,0.04034966135022941,official
2023-03,m6,Recreational goods and vehicles,休閒商品與交通工具,-0.061488573301289054,official
2023-03,m7,Other durable goods,其他耐久財,0.05132322481975093,official
2023-03,m9,Food and beverages purchased for off-premises consumption,食物與飲料（居家消費）,0.5988561940135461,official
2023-03,m10,Clothing and footwear,服裝與鞋類,0.08225658728424733,official
2023-03,m11,Gasoline and other energy goods,汽油與其他能源商品,-0.525794974874372,official
2023-03,m12,Other nondurable goods,其他非耐久財,0.44006467118199694,official
2023-03,m15,Housing and utilities,住宅與公用事業,1.4086856893161461,official
2023-03,m16,Health care,醫療服務,0.3476787415337558,official
2023-03,m17,Transportation services,運輸服務,0.3258222416429976,official
2023-03,m18,Recreation services,休閒服務,0.204912388027092,official
2023-03,m19,Food services and accommodations,餐飲與住宿,0.5527405724273542,official
2023-03,m20,Financial services and insurance,金融服務與保險,0.32661245357220886,official
2023-03,m21,Other services,其他服務,0.33801258466244266,official
2023-03,m22,Final consumption expenditures of nonprofit institutions serving households,服務家庭之非營利機構淨消費,0.31682315927463406,official
2023-03,residual,Residual,差額,0.03572252567183032,official
2023-04,m4,Motor vehicles and parts,汽車與零組件,0.07065743582589286,official
2023-04,m5,Furnishings and durable household equipment,家具與耐久家用設備,-0.010524379185267859,official
2023-04,m6,Recreational goods and vehicles,休閒商品與交通工具,-0.061795654296875,official
2023-04,m7,Other durable goods,其他耐久財,0.06118259974888393,official
2023-04,m9,Food and beverages purchased for off-premises consumption,食物與飲料（居家消費）,0.5280915178571428,official
2023-04,m10,Clothing and footwear,服裝與鞋類,0.09204502650669644,official
2023-04,m11,Gasoline and other energy goods,汽油與其他能源商品,-0.3654042271205358,official
2023-04,m12,Other nondurable goods,其他非耐久財,0.4195494733537946,official
2023-04,m15,Housing and utilities,住宅與公用事業,1.3686836460658482,official
2023-04,m16,Health care,醫療服務,0.4293865094866071,official
2023-04,m17,Transportation services,運輸服務,0.2443623570033482,official
2023-04,m18,Recreation services,休閒服務,0.2153157261439732,official
2023-04,m19,Food services and accommodations,餐飲與住宿,0.5120128522600447,official
2023-04,m20,Financial services and insurance,金融服務與保險,0.33718479701450893,official
2023-04,m21,Other services,其他服務,0.37983424595424103,official
2023-04,m22,Final consumption expenditures of nonprofit institutions serving households,服務家庭之非營利機構淨消費,0.25623421805245533,official
2023-04,residual,Residual,差額,0.05548017229352098,official
2023-05,m4,Motor vehicles and parts,汽車與零組件,0.0720225994575437,official
2023-05,m5,Furnishings and durable household equipment,家具與耐久家用設備,-0.011360213516347346,official
2023-05,m6,Recreational goods and vehicles,休閒商品與交通工具,-0.06231471131099384,official
2023-05,m7,Other durable goods,其他耐久財,0.06125501512118613,official
2023-05,m9,Food and beverages purchased for off-premises consumption,食物與飲料（居家消費）,0.44577343350577553,official
2023-05,m10,Clothing and footwear,服裝與鞋類,0.09192675973345119,official
2023-05,m11,Gasoline and other energy goods,汽油與其他能源商品,-0.615205414164522,official
2023-05,m12,Other nondurable goods,其他非耐久財,0.4386354537655653,official
2023-05,m15,Housing and utilities,住宅與公用事業,1.2834241471044445,official
2023-05,m16,Health care,醫療服務,0.43892392613582204,official
2023-05,m17,Transportation services,運輸服務,0.23336478886664763,official
2023-05,m18,Recreation services,休閒服務,0.18372033171289678,official
2023-05,m19,Food services and accommodations,餐飲與住宿,0.5002624760617326,official
2023-05,m20,Financial services and insurance,金融服務與保險,0.3369032330742368,official
2023-05,m21,Other services,其他服務,0.39826474640601034,official
2023-05,m22,Final consumption expenditures of nonprofit institutions serving households,服務家庭之非營利機構淨消費,0.2650397310248611,official
2023-05,residual,Residual,差額,0.03638192043397481,official
2023-06,m4,Motor vehicles and parts,汽車與零組件,0.04121609791266136,official
2023-06,m5,Furnishings and durable household equipment,家具與耐久家用設備,-0.031466973358967316,official
2023-06,m6,Recreational goods and vehicles,休閒商品與交通工具,-0.10215067975830816,official
2023-06,m7,Other durable goods,其他耐久財,0.050766273001922546,official
2023-06,m9,Food and beverages purchased for off-premises consumption,食物與飲料（居家消費）,0.36228560148310907,official
2023-06,m10,Clothing and footwear,服裝與鞋類,0.07124090222466356,official
2023-06,m11,Gasoline and other energy goods,汽油與其他能源商品,-0.8862633891787971,official
2023-06,m12,Other nondurable goods,其他非耐久財,0.3750249759681406,official
2023-06,m15,Housing and utilities,住宅與公用事業,1.1951952588574568,official
2023-06,m16,Health care,醫療服務,0.3455967625652293,official
2023-06,m17,Transportation services,運輸服務,0.1618070241691843,official
2023-06,m18,Recreation services,休閒服務,0.17246961686349904,official
2023-06,m19,Food services and accommodations,餐飲與住宿,0.4868049642955232,official
2023-06,m20,Financial services and insurance,金融服務與保險,0.36583939851689096,official
2023-06,m21,Other services,其他服務,0.3754693937105191,official
2023-06,m22,Final consumption expenditures of nonprofit institutions serving households,服務家庭之非營利機構淨消費,0.29384956056028566,official
2023-06,residual,Residual,差額,0.06789335004120378,official
2023-07,m4,Motor vehicles and parts,汽車與零組件,0.010200342906129449,official
2023-07,m5,Furnishings and durable household equipment,家具與耐久家用設備,-0.051740248606943845,official
2023-07,m6,Recreational goods and vehicles,休閒商品與交通工具,-0.11268632661808829,official
2023-07,m7,Other durable goods,其他耐久財,0.05070621517359623,official
2023-07,m9,Food and beverages purchased for off-premises consumption,食物與飲料（居家消費）,0.2826199742820403,official
2023-07,m10,Clothing and footwear,服裝與鞋類,0.08147895413630518,official
2023-07,m11,Gasoline and other energy goods,汽油與其他能源商品,-0.6158684954993571,official
2023-07,m12,Other nondurable goods,其他非耐久財,0.293673467638234,official
2023-07,m15,Housing and utilities,住宅與公用事業,1.1664900985855122,official
2023-07,m16,Health care,醫療服務,0.3771573939134162,official
2023-07,m17,Transportation services,運輸服務,0.2125589369909987,official
2023-07,m18,Recreation services,休閒服務,0.18292207458208315,official
2023-07,m19,Food services and accommodations,餐飲與住宿,0.4765750535790827,official
2023-07,m20,Financial services and insurance,金融服務與保險,0.30547758251178736,official
2023-07,m21,Other services,其他服務,0.35538302614659234,official
2023-07,m22,Final consumption expenditures of nonprofit institutions serving households,服務家庭之非營利機構淨消費,0.2731914273467638,official
2023-07,residual,Residual,差額,0.07319785683669355,official
2023-08,m4,Motor vehicles and parts,汽車與零組件,-0.02042395060038999,official
2023-08,m5,Furnishings and durable household equipment,家具與耐久家用設備,-0.07157213232527111,official
2023-08,m6,Recreational goods and vehicles,休閒商品與交通工具,-0.13271073517840648,official
2023-08,m7,Other durable goods,其他耐久財,0.04027547808833088,official
2023-08,m9,Food and beverages purchased for off-premises consumption,食物與飲料（居家消費）,0.23241019807738358,official
2023-08,m10,Clothing and footwear,服裝與鞋類,0.08128801614724095,official
2023-08,m11,Gasoline and other energy goods,汽油與其他能源商品,-0.12951387225890323,official
2023-08,m12,Other nondurable goods,其他非耐久財,0.2537497006602579,official
2023-08,m15,Housing and utilities,住宅與公用事業,1.0862914371728645,official
2023-08,m16,Health care,醫療服務,0.34667921042728606,official
2023-08,m17,Transportation services,運輸服務,0.17215456193766893,official
2023-08,m18,Recreation services,休閒服務,0.19280532653689575,official
2023-08,m19,Food services and accommodations,餐飲與住宿,0.4152635044986487,official
2023-08,m20,Financial services and insurance,金融服務與保險,0.28514393965310797,official
2023-08,m21,Other services,其他服務,0.3655328247408573,official
2023-08,m22,Final consumption expenditures of nonprofit institutions serving households,服務家庭之非營利機構淨消費,0.22266839998631588,official
2023-08,residual,Residual,差額,0.09808884403544571,official
2023-09,m4,Motor vehicles and parts,汽車與零組件,-0.05094470065724978,official
2023-09,m5,Furnishings and durable household equipment,家具與耐久家用設備,-0.08164849497472444,official
2023-09,m6,Recreational goods and vehicles,休閒商品與交通工具,-0.0807272370787762,official
2023-09,m7,Other durable goods,其他耐久財,0.009899238749605735,official
2023-09,m9,Food and beverages purchased for off-premises consumption,食物與飲料（居家消費）,0.2020920320185496,official
2023-09,m10,Clothing and footwear,服裝與鞋類,0.07071257469716215,official
2023-09,m11,Gasoline and other energy goods,汽油與其他能源商品,0.05306281807564764,official
2023-09,m12,Other nondurable goods,其他非耐久財,0.24295387317039904,official
2023-09,m15,Housing and utilities,住宅與公用事業,1.0359922255278884,official
2023-09,m16,Health care,醫療服務,0.3256126232876128,official
2023-09,m17,Transportation services,運輸服務,0.15234316792689268,official
2023-09,m18,Recreation services,休閒服務,0.2028285609554417,official
2023-09,m19,Food services and accommodations,餐飲與住宿,0.4458658903560742,official
2023-09,m20,Financial services and insurance,金融服務與保險,0.305518426010383,official
2023-09,m21,Other services,其他服務,0.3347800216525868,official
2023-09,m22,Final consumption expenditures of nonprofit institutions serving households,服務家庭之非營利機構淨消費,0.2642096379585191,official
2023-09,residual,Residual,差額,0.05914208018277467,official
2023-10,m4,Motor vehicles and parts,汽車與零組件,-0.06098454648776103,official
2023-10,m5,Furnishings and durable household equipment,家具與耐久家用設備,-0.07128691625248088,official
2023-10,m6,Recreational goods and vehicles,休閒商品與交通工具,-0.07002290037488762,official
2023-10,m7,Other durable goods,其他耐久財,0.019798815965802106,official
2023-10,m9,Food and beverages purchased for off-premises consumption,食物與飲料（居家消費）,0.1822153144136656,official
2023-10,m10,Clothing and footwear,服裝與鞋類,0.08100006785296263,official
2023-10,m11,Gasoline and other energy goods,汽油與其他能源商品,-0.17951832878153046,official
2023-10,m12,Other nondurable goods,其他非耐久財,0.25306695391087514,official
2023-10,m15,Housing and utilities,住宅與公用事業,1.0235937473494936,official
2023-10,m16,Health care,醫療服務,0.3661993859306882,official
2023-10,m17,Transportation services,運輸服務,0.13167528964733421,official
2023-10,m18,Recreation services,休閒服務,0.18225331207273837,official
2023-10,m19,Food services and accommodations,餐飲與住宿,0.3544173974996183,official
2023-10,m20,Financial services and insurance,金融服務與保險,0.29472188766942037,official
2023-10,m21,Other services,其他服務,0.2929449882105477,official
2023-10,m22,Final consumption expenditures of nonprofit institutions serving households,服務家庭之非營利機構淨消費,0.23233286967142203,official
2023-10,residual,Residual,差額,0.0676248918593374,official
2023-11,m4,Motor vehicles and parts,汽車與零組件,-0.030282606305140375,official
2023-11,m5,Furnishings and durable household equipment,家具與耐久家用設備,-0.09227726038521074,official
2023-11,m6,Recreational goods and vehicles,休閒商品與交通工具,-0.060788438602278776,official
2023-11,m7,Other durable goods,其他耐久財,-0.0005098079021493632,official
2023-11,m9,Food and beverages purchased for off-premises consumption,食物與飲料（居家消費）,0.13154938631884353,official
2023-11,m10,Clothing and footwear,服裝與鞋類,0.039961935696703636,official
2023-11,m11,Gasoline and other energy goods,汽油與其他能源商品,-0.27157357829827194,official
2023-11,m12,Other nondurable goods,其他非耐久財,0.24210191082802549,official
2023-11,m15,Housing and utilities,住宅與公用事業,1.0438694478984276,official
2023-11,m16,Health care,醫療服務,0.39636697371871327,official
2023-11,m17,Transportation services,運輸服務,0.18211256883294846,official
2023-11,m18,Recreation services,休閒服務,0.16212466482266263,official
2023-11,m19,Food services and accommodations,餐飲與住宿,0.33382419367117516,official
2023-11,m20,Financial services and insurance,金融服務與保險,0.29485412913103426,official
2023-11,m21,Other services,其他服務,0.2525716243307027,official
2023-11,m22,Final consumption expenditures of nonprofit institutions serving households,服務家庭之非營利機構淨消費,0.1821500410248602,official
2023-11,residual,Residual,差額,0.08260249871004577,official
2023-12,m4,Motor vehicles and parts,汽車與零組件,-0.010269489406278512,official
2023-12,m5,Furnishings and durable household equipment,家具與耐久家用設備,-0.10214679147095597,official
2023-12,m6,Recreational goods and vehicles,休閒商品與交通工具,-0.1021023552867232,official
2023-12,m7,Other durable goods,其他耐久財,-0.00022066029128510294,official
2023-12,m9,Food and beverages purchased for off-premises consumption,食物與飲料（居家消費）,0.10141984590950563,official
2023-12,m10,Clothing and footwear,服裝與鞋類,0.029635217787990407,official
2023-12,m11,Gasoline and other energy goods,汽油與其他能源商品,-0.07234776805325585,official
2023-12,m12,Other nondurable goods,其他非耐久財,0.21154284797080392,official
2023-12,m15,Housing and utilities,住宅與公用事業,0.9746466225120807,official
2023-12,m16,Health care,醫療服務,0.3967268441861251,official
2023-12,m17,Transportation services,運輸服務,0.11110406177136485,official
2023-12,m18,Recreation services,休閒服務,0.18275783124387524,official
2023-12,m19,Food services and accommodations,餐飲與住宿,0.32398810529517114,official
2023-12,m20,Financial services and insurance,金融服務與保險,0.32588221876795187,official
2023-12,m21,Other services,其他服務,0.24283918494238502,official
2023-12,m22,Final consumption expenditures of nonprofit institutions serving households,服務家庭之非營利機構淨消費,0.15137895786165648,official
2023-12,residual,Residual,差額,0.09732867570034909,official
2024-01,m4,Motor vehicles and parts,汽車與零組件,-0.04121727286485396,official
2024-01,m5,Furnishings and durable household equipment,家具與耐久家用設備,-0.11132825505725673,official
2024-01,m6,Recreational goods and vehicles,休閒商品與交通工具,-0.06038255225411559,official
2024-01,m7,Other durable goods,其他耐久財,-0.00021961021708789656,official
2024-01,m9,Food and beverages purchased for off-premises consumption,食物與飲料（居家消費）,0.10150691957154148,official
2024-01,m10,Clothing and footwear,服裝與鞋類,-0.0006479005868603761,official
2024-01,m11,Gasoline and other energy goods,汽油與其他能源商品,-0.1729518740856581,official
2024-01,m12,Other nondurable goods,其他非耐久財,0.14058442213590275,official
2024-01,m15,Housing and utilities,住宅與公用事業,0.9330473860330593,official
2024-01,m16,Health care,醫療服務,0.496641863828213,official
2024-01,m17,Transportation services,運輸服務,0.08071810523129698,official
2024-01,m18,Recreation services,休閒服務,0.17222056869965865,official
2024-01,m19,Food services and accommodations,餐飲與住宿,0.32358573374363114,official
2024-01,m20,Financial services and insurance,金融服務與保險,0.4158971060552557,official
2024-01,m21,Other services,其他服務,0.27353478282802807,official
2024-01,m22,Final consumption expenditures of nonprofit institutions serving households,服務家庭之非營利機構淨消費,0.11141863828213021,official
2024-01,residual,Residual,差額,0.0852419748104083,official
2024-02,m4,Motor vehicles and parts,汽車與零組件,-0.010912505764474072,official
2024-02,m5,Furnishings and durable household equipment,家具與耐久家用設備,-0.12126960969270113,official
2024-02,m6,Recreational goods and vehicles,休閒商品與交通工具,-0.03972380832599672,official
2024-02,m7,Other durable goods,其他耐久財,-0.020438183876241987,official
2024-02,m9,Food and beverages purchased for off-premises consumption,食物與飲料（居家消費）,0.10177663187020501,official
2024-02,m10,Clothing and footwear,服裝與鞋類,0.009874481197333673,official
2024-02,m11,Gasoline and other energy goods,汽油與其他能源商品,-0.11154613675428669,official
2024-02,m12,Other nondurable goods,其他非耐久財,0.13077440992747244,official
2024-02,m15,Housing and utilities,住宅與公用事業,0.9326812560264957,official
2024-02,m16,Health care,醫療服務,0.4758830335806817,official
2024-02,m17,Transportation services,運輸服務,0.07079822244581395,official
2024-02,m18,Recreation services,休閒服務,0.1623238167106863,official
2024-02,m19,Food services and accommodations,餐飲與住宿,0.2728356181612376,official
2024-02,m20,Financial services and insurance,金融服務與保險,0.4560171886135916,official
2024-02,m21,Other services,其他服務,0.2733328302519599,official
2024-02,m22,Final consumption expenditures of nonprofit institutions serving households,服務家庭之非營利機構淨消費,0.15182551461032157,official
2024-02,residual,Residual,差額,0.07296130465768513,official
2024-03,m4,Motor vehicles and parts,汽車與零組件,-0.021140226155029945,official
2024-03,m5,Furnishings and durable household equipment,家具與耐久家用設備,-0.11099135191194674,official
2024-03,m6,Recreational goods and vehicles,休閒商品與交通工具,-0.029649476431032742,official
2024-03,m7,Other durable goods,其他耐久財,-0.010132063162824934,official
2024-03,m9,Food and beverages purchased for off-premises consumption,食物與飲料（居家消費）,0.11121708875581279,official
2024-03,m10,Clothing and footwear,服裝與鞋類,0.010129804958014122,official
2024-03,m11,Gasoline and other energy goods,汽油與其他能源商品,0.010392843999866131,official
2024-03,m12,Other nondurable goods,其他非耐久財,0.07059742062828278,official
2024-03,m15,Housing and utilities,住宅與公用事業,0.9724889598875917,official
2024-03,m16,Health care,醫療服務,0.45558303502726577,official
2024-03,m17,Transportation services,運輸服務,0.10194623799805963,official
2024-03,m18,Recreation services,休閒服務,0.1621979023786424,official
2024-03,m19,Food services and accommodations,餐飲與住宿,0.24306839851460307,official
2024-03,m20,Financial services and insurance,金融服務與保險,0.45627688936469174,official
2024-03,m21,Other services,其他服務,0.31394934930246565,official
2024-03,m22,Final consumption expenditures of nonprofit institutions serving households,服務家庭之非營利機構淨消費,0.16226088120169951,official
2024-03,residual,Residual,差額,0.05336163059115728,official
2024-04,m4,Motor vehicles and parts,汽車與零組件,-0.09148415995195436,official
2024-04,m5,Furnishings and durable household equipment,家具與耐久家用設備,-0.10101446374055353,official
2024-04,m6,Recreational goods and vehicles,休閒商品與交通工具,0.0009383080593230366,official
2024-04,m7,Other durable goods,其他耐久財,0.00016265452179570032,official
2024-04,m9,Food and beverages purchased for off-premises consumption,食物與飲料（居家消費）,0.10094523130307126,official
2024-04,m10,Clothing and footwear,服裝與鞋類,0.030637605725439172,official
2024-04,m11,Gasoline and other energy goods,汽油與其他能源商品,0.02033807116760921,official
2024-04,m12,Other nondurable goods,其他非耐久財,0.07070216705870579,official
2024-04,m15,Housing and utilities,住宅與公用事業,0.9514024990407555,official
2024-04,m16,Health care,醫療服務,0.4047880486462139,official
2024-04,m17,Transportation services,運輸服務,0.10108369617803581,official
2024-04,m18,Recreation services,休閒服務,0.15208347930534008,official
2024-04,m19,Food services and accommodations,餐飲與住宿,0.2529774118746142,official
2024-04,m20,Financial services and insurance,金融服務與保險,0.4662019752097827,official
2024-04,m21,Other services,其他服務,0.28406978296047913,official
2024-04,m22,Final consumption expenditures of nonprofit institutions serving households,服務家庭之非營利機構淨消費,0.1618250671471231,official
2024-04,residual,Residual,差額,0.032872562267490135,official
2024-05,m4,Motor vehicles and parts,汽車與零組件,-0.14148124099925913,official
2024-05,m5,Furnishings and durable household equipment,家具與耐久家用設備,-0.1116397372824214,official
2024-05,m6,Recreational goods and vehicles,休閒商品與交通工具,-0.030419299253302685,official
2024-05,m7,Other durable goods,其他耐久財,-0.00981744624528632,official
2024-05,m9,Food and beverages purchased for off-premises consumption,食物與飲料（居家消費）,0.09076126497348683,official
2024-05,m10,Clothing and footwear,服裝與鞋類,0.010332808897102289,official
2024-05,m11,Gasoline and other energy goods,汽油與其他能源商品,0.048819851992441404,official
2024-05,m12,Other nondurable goods,其他非耐久財,0.08195531470336057,official
2024-05,m15,Housing and utilities,住宅與公用事業,0.9511776506921726,official
2024-05,m16,Health care,醫療服務,0.41564867767150315,official
2024-05,m17,Transportation services,運輸服務,0.08063639920418883,official
2024-05,m18,Recreation services,休閒服務,0.14122951160835434,official
2024-05,m19,Food services and accommodations,餐飲與住宿,0.2327894180422712,official
2024-05,m20,Financial services and insurance,金融服務與保險,0.46639204521805727,official
2024-05,m21,Other services,其他服務,0.2532725653256083,official
2024-05,m22,Final consumption expenditures of nonprofit institutions serving households,服務家庭之非營利機構淨消費,0.18230710319739613,official
2024-05,residual,Residual,差額,0.035135729091226864,official
2024-06,m4,Motor vehicles and parts,汽車與零組件,-0.15166589153724774,official
2024-06,m5,Furnishings and durable household equipment,家具與耐久家用設備,-0.10140254131716635,official
2024-06,m6,Recreational goods and vehicles,休閒商品與交通工具,-0.020640727514326045,official
2024-06,m7,Other durable goods,其他耐久財,0.010696952080391989,official
2024-06,m9,Food and beverages purchased for off-premises consumption,食物與飲料（居家消費）,0.10079519973424135,official
2024-06,m10,Clothing and footwear,服裝與鞋類,6.295158209451701e-05,official
2024-06,m11,Gasoline and other energy goods,汽油與其他能源商品,-0.04323669130470897,official
2024-06,m12,Other nondurable goods,其他非耐久財,0.10225554355950504,official
2024-06,m15,Housing and utilities,住宅與公用事業,0.9203733078647954,official
2024-06,m16,Health care,醫療服務,0.44541591229964295,official
2024-06,m17,Transportation services,運輸服務,0.07020247487750188,official
2024-06,m18,Recreation services,休閒服務,0.13092326218752595,official
2024-06,m19,Food services and accommodations,餐飲與住宿,0.22280765717133127,official
2024-06,m20,Financial services and insurance,金融服務與保險,0.44642662569554026,official
2024-06,m21,Other services,其他服務,0.27371115355867454,official
2024-06,m22,Final consumption expenditures of nonprofit institutions serving households,服務家庭之非營利機構淨消費,0.16246648949422807,official
2024-06,residual,Residual,差額,0.00036234532016088394,official
2024-07,m4,Motor vehicles and parts,汽車與零組件,-0.13174668867306402,official
2024-07,m5,Furnishings and durable household equipment,家具與耐久家用設備,-0.10152374949200058,official
2024-07,m6,Recreational goods and vehicles,休閒商品與交通工具,-0.0006398719426727716,official
2024-07,m7,Other durable goods,其他耐久財,0.0004394091448192295,official
2024-07,m9,Food and beverages purchased for off-premises consumption,食物與飲料（居家消費）,0.09093057202809963,official
2024-07,m10,Clothing and footwear,服裝與鞋類,-0.009923779349926597,official
2024-07,m11,Gasoline and other energy goods,汽油與其他能源商品,-0.03319230992527229,official
2024-07,m12,Other nondurable goods,其他非耐久財,0.1525654593558982,official
2024-07,m15,Housing and utilities,住宅與公用事業,0.9109539607368273,official
2024-07,m16,Health care,醫療服務,0.40538777981438323,official
2024-07,m17,Transportation services,運輸服務,0.04014879199807583,official
2024-07,m18,Recreation services,休閒服務,0.14150492241086166,official
2024-07,m19,Food services and accommodations,餐飲與住宿,0.22276675154058606,official
2024-07,m20,Financial services and insurance,金融服務與保險,0.49704680229906034,official
2024-07,m21,Other services,其他服務,0.2531157575204651,official
2024-07,m22,Final consumption expenditures of nonprofit institutions serving households,服務家庭之非營利機構淨消費,0.17223619278267577,official
2024-07,residual,Residual,差額,-0.014089208847906765,official
2024-08,m4,Motor vehicles and parts,汽車與零組件,-0.11140205384310094,official
2024-08,m5,Furnishings and durable household equipment,家具與耐久家用設備,-0.10121064294218812,official
2024-08,m6,Recreational goods and vehicles,休閒商品與交通工具,0.0093312607487763,official
2024-08,m7,Other durable goods,其他耐久財,-0.010048700224897478,official
2024-08,m9,Food and beverages purchased for off-premises consumption,食物與飲料（居家消費）,0.080680976319619,official
2024-08,m10,Clothing and footwear,服裝與鞋類,-0.009893173700224894,official
2024-08,m11,Gasoline and other energy goods,汽油與其他能源商品,-0.24321867971953962,official
2024-08,m12,Other nondurable goods,其他非耐久財,0.11170070445826169,official
2024-08,m15,Housing and utilities,住宅與公用事業,0.8997281386426776,official
2024-08,m16,Health care,醫療服務,0.4248522456674163,official
2024-08,m17,Transportation services,運輸服務,0.05025292697446753,official
2024-08,m18,Recreation services,休閒服務,0.13109935176610663,official
2024-08,m19,Food services and accommodations,餐飲與住宿,0.25250479560788464,official
2024-08,m20,Financial services and insurance,金融服務與保險,0.5366844986109274,official
2024-08,m21,Other services,其他服務,0.2428835659478767,official
2024-08,m22,Final consumption expenditures of nonprofit institutions serving households,服務家庭之非營利機構淨消費,0.18193296070908851,official
2024-08,residual,Residual,差額,-0.009213272258222105,official
2024-09,m4,Motor vehicles and parts,汽車與零組件,-0.08085154403103711,official
2024-09,m5,Furnishings and durable household equipment,家具與耐久家用設備,-0.08066085681572943,official
2024-09,m6,Recreational goods and vehicles,休閒商品與交通工具,-0.050719916311788,official
2024-09,m7,Other durable goods,其他耐久財,0.020361358450779632,official
2024-09,m9,Food and beverages purchased for off-premises consumption,食物與飲料（居家消費）,0.09082362050361194,official
2024-09,m10,Clothing and footwear,服裝與鞋類,0.020516296961360106,official
2024-09,m11,Gasoline and other energy goods,汽油與其他能源商品,-0.38322627941648885,official
2024-09,m12,Other nondurable goods,其他非耐久財,0.0806635750352133,official
2024-09,m15,Housing and utilities,住宅與公用事業,0.8781012825053747,official
2024-09,m16,Health care,醫療服務,0.5048854641153843,official
2024-09,m17,Transportation services,運輸服務,0.06075335864846833,official
2024-09,m18,Recreation services,休閒服務,0.10047437048507861,official
2024-09,m19,Food services and accommodations,餐飲與住宿,0.191776974209863,official
2024-09,m20,Financial services and insurance,金融服務與保險,0.5152165103004044,official
2024-09,m21,Other services,其他服務,0.2524129551988007,official
2024-09,m22,Final consumption expenditures of nonprofit institutions serving households,服務家庭之非營利機構淨消費,0.12171470227259622,official
2024-09,residual,Residual,差額,0.017175110993963294,official
2024-10,m4,Motor vehicles and parts,汽車與零組件,-0.06054879603807267,official
2024-10,m5,Furnishings and durable household equipment,家具與耐久家用設備,-0.08055866795001522,official
2024-10,m6,Recreational goods and vehicles,休閒商品與交通工具,-0.07085597703135155,official
2024-10,m7,Other durable goods,其他耐久財,0.020335562740113694,official
2024-10,m9,Food and beverages purchased for off-premises consumption,食物與飲料（居家消費）,0.07095954984081543,official
2024-10,m10,Clothing and footwear,服裝與鞋類,-0.01991033013318854,official
2024-10,m11,Gasoline and other energy goods,汽油與其他能源商品,-0.29308044785573845,official
2024-10,m12,Other nondurable goods,其他非耐久財,0.0814640045410795,official
2024-10,m15,Housing and utilities,住宅與公用事業,0.8787940636902852,official
2024-10,m16,Health care,醫療服務,0.47518645573681484,official
2024-10,m17,Transportation services,運輸服務,0.08110236350025092,official
2024-10,m18,Recreation services,休閒服務,0.12099870842485418,official
2024-10,m19,Food services and accommodations,餐飲與住宿,0.21218564130407958,official
2024-10,m20,Financial services and insurance,金融服務與保險,0.5354410687989997,official
2024-10,m21,Other services,其他服務,0.2620805054418915,official
2024-10,m22,Final consumption expenditures of nonprofit institutions serving households,服務家庭之非營利機構淨消費,0.1517481510731591,official
2024-10,residual,Residual,差額,0.040936679911488305,official
2024-11,m4,Motor vehicles and parts,汽車與零組件,-0.07026250452168767,official
2024-11,m5,Furnishings and durable household equipment,家具與耐久家用設備,-0.050766302739320604,official
2024-11,m6,Recreational goods and vehicles,休閒商品與交通工具,-0.06129739550790883,official
2024-11,m7,Other durable goods,其他耐久財,0.030315860436055116,official
2024-11,m9,Food and beverages purchased for off-premises consumption,食物與飲料（居家消費）,0.10137492189812228,official
2024-11,m10,Clothing and footwear,服裝與鞋類,0.0100831168404091,official
2024-11,m11,Gasoline and other energy goods,汽油與其他能源商品,-0.1927145746325101,official
2024-11,m12,Other nondurable goods,其他非耐久財,0.06070267026209347,official
2024-11,m15,Housing and utilities,住宅與公用事業,0.8192241606103458,official
2024-11,m16,Health care,醫療服務,0.47583971850439016,official
2024-11,m17,Transportation services,運輸服務,0.051069173599921074,official
2024-11,m18,Recreation services,休閒服務,0.13139457068630997,official
2024-11,m19,Food services and accommodations,餐飲與住宿,0.24299023315465818,official
2024-11,m20,Financial services and insurance,金融服務與保險,0.5460487026867046,official
2024-11,m21,Other services,其他服務,0.2212148541550199,official
2024-11,m22,Final consumption expenditures of nonprofit institutions serving households,服務家庭之非營利機構淨消費,0.1518900654411523,official
2024-11,residual,Residual,差額,0.023931566312600072,official
2024-12,m4,Motor vehicles and parts,汽車與零組件,-0.04971361695137976,official
2024-12,m5,Furnishings and durable household equipment,家具與耐久家用設備,-0.07119193495400788,official
2024-12,m6,Recreational goods and vehicles,休閒商品與交通工具,-0.042001888961892234,official
2024-12,m7,Other durable goods,其他耐久財,0.020295170827858082,official
2024-12,m9,Food and beverages purchased for off-premises consumption,食物與飲料（居家消費）,0.12174901445466492,official
2024-12,m10,Clothing and footwear,服裝與鞋類,0.020062664257555853,official
2024-12,m11,Gasoline and other energy goods,汽油與其他能源商品,-0.0806395367936925,official
2024-12,m12,Other nondurable goods,其他非耐久財,0.06039200065703022,official
2024-12,m15,Housing and utilities,住宅與公用事業,0.8098931504599212,official
2024-12,m16,Health care,醫療服務,0.49657900788436266,official
2024-12,m17,Transportation services,運輸服務,0.132179944152431,official
2024-12,m18,Recreation services,休閒服務,0.11152997700394218,official
2024-12,m19,Food services and accommodations,餐飲與住宿,0.2227631406044678,official
2024-12,m20,Financial services and insurance,金融服務與保險,0.5160208607095926,official
2024-12,m21,Other services,其他服務,0.2214872700394218,official
2024-12,m22,Final consumption expenditures of nonprofit institutions serving households,服務家庭之非營利機構淨消費,0.17171501314060444,official
2024-12,residual,Residual,差額,-0.013288436268079629,official
2025-01,m4,Motor vehicles and parts,汽車與零組件,0.02100379686758424,official
2025-01,m5,Furnishings and durable household equipment,家具與耐久家用設備,-0.07066829779225242,official
2025-01,m6,Recreational goods and vehicles,休閒商品與交通工具,-0.07121147897811891,official
2025-01,m7,Other durable goods,其他耐久財,-0.00023354008804805405,official
2025-01,m9,Food and beverages purchased for off-premises consumption,食物與飲料（居家消費）,0.12183231592556831,official
2025-01,m10,Clothing and footwear,服裝與鞋類,0.009498306138814791,official
2025-01,m11,Gasoline and other energy goods,汽油與其他能源商品,0.00015424774560988258,official
2025-01,m12,Other nondurable goods,其他非耐久財,0.15195366839598712,official
2025-01,m15,Housing and utilities,住宅與公用事業,0.7686662684319918,official
2025-01,m16,Health care,醫療服務,0.40483135034286366,official
2025-01,m17,Transportation services,運輸服務,0.13169754349213622,official
2025-01,m18,Recreation services,休閒服務,0.1420687200301131,official
2025-01,m19,Food services and accommodations,餐飲與住宿,0.20255077492103496,official
2025-01,m20,Financial services and insurance,金融服務與保險,0.47507503723221445,official
2025-01,m21,Other services,其他服務,0.17138904800091648,official
2025-01,m22,Final consumption expenditures of nonprofit institutions serving households,服務家庭之非營利機構淨消費,0.19207060209809665,official
2025-01,residual,Residual,差額,-0.01823805705121062,official
2025-02,m4,Motor vehicles and parts,汽車與零組件,0.021196447358762936,official
2025-02,m5,Furnishings and durable household equipment,家具與耐久家用設備,-0.05023773988076305,official
2025-02,m6,Recreational goods and vehicles,休閒商品與交通工具,-0.09090871277923222,official
2025-02,m7,Other durable goods,其他耐久財,0.019963217603353643,official
2025-02,m9,Food and beverages purchased for off-premises consumption,食物與飲料（居家消費）,0.1014942950584359,official
2025-02,m10,Clothing and footwear,服裝與鞋類,-0.00023765832334254715,official
2025-02,m11,Gasoline and other energy goods,汽油與其他能源商品,-0.060171841484997504,official
2025-02,m12,Other nondurable goods,其他非耐久財,0.16220319215743845,official
2025-02,m15,Housing and utilities,住宅與公用事業,0.7579845530245569,official
2025-02,m16,Health care,醫療服務,0.43469982791384276,official
2025-02,m17,Transportation services,運輸服務,0.12129358224658071,official
2025-02,m18,Recreation services,休閒服務,0.1523510557608084,official
2025-02,m19,Food services and accommodations,餐飲與住宿,0.23256595956383092,official
2025-02,m20,Financial services and insurance,金融服務與保險,0.4441224013766893,official
2025-02,m21,Other services,其他服務,0.18157405821568676,official
2025-02,m22,Final consumption expenditures of nonprofit institutions serving households,服務家庭之非營利機構淨消費,0.1615326270460718,official
2025-02,residual,Residual,差額,-0.014657499612600322,official
2025-03,m4,Motor vehicles and parts,汽車與零組件,0.02085731926267131,official
2025-03,m5,Furnishings and durable household equipment,家具與耐久家用設備,-0.05004183828487403,official
2025-03,m6,Recreational goods and vehicles,休閒商品與交通工具,-0.10077169294760871,official
2025-03,m7,Other durable goods,其他耐久財,0.020141843971631206,official
2025-03,m9,Food and beverages purchased for off-premises consumption,食物與飲料（居家消費）,0.14171195762553518,official
2025-03,m10,Clothing and footwear,服裝與鞋類,-0.010197736670647396,official
2025-03,m11,Gasoline and other energy goods,汽油與其他能源商品,-0.21140406034461748,official
2025-03,m12,Other nondurable goods,其他非耐久財,0.11048329311983623,official
2025-03,m15,Housing and utilities,住宅與公用事業,0.7570805813490613,official
2025-03,m16,Health care,醫療服務,0.4439916160951476,official
2025-03,m17,Transportation services,運輸服務,0.05058061790678593,official
2025-03,m18,Recreation services,休閒服務,0.16223091483674945,official
2025-03,m19,Food services and accommodations,餐飲與住宿,0.19155857766079307,official
2025-03,m20,Financial services and insurance,金融服務與保險,0.42323795829169814,official
2025-03,m21,Other services,其他服務,0.18214837561843483,official
2025-03,m22,Final consumption expenditures of nonprofit institutions serving households,服務家庭之非營利機構淨消費,0.12080223895753617,official
2025-03,residual,Residual,差額,0.0027954473446940575,official
2025-04,m4,Motor vehicles and parts,汽車與零組件,0.040792365904500805,official
2025-04,m5,Furnishings and durable household equipment,家具與耐久家用設備,-0.029768916935006367,official
2025-04,m6,Recreational goods and vehicles,休閒商品與交通工具,-0.08995190162950466,official
2025-04,m7,Other durable goods,其他耐久財,-8.354354403068871e-05,official
2025-04,m9,Food and beverages purchased for off-premises consumption,食物與飲料（居家消費）,0.13127740512130037,official
2025-04,m10,Clothing and footwear,服裝與鞋類,-0.03014972949735986,official
2025-04,m11,Gasoline and other energy goods,汽油與其他能源商品,-0.26211430054587187,official
2025-04,m12,Other nondurable goods,其他非耐久財,0.1105328131463472,official
2025-04,m15,Housing and utilities,住宅與公用事業,0.7876306077590053,official
2025-04,m16,Health care,醫療服務,0.4741387309492331,official
2025-04,m17,Transportation services,運輸服務,0.08067767602949168,official
2025-04,m18,Recreation services,休閒服務,0.15198890411958893,official
2025-04,m19,Food services and accommodations,餐飲與住宿,0.20191363381972438,official
2025-04,m20,Financial services and insurance,金融服務與保險,0.44388428813600567,official
2025-04,m21,Other services,其他服務,0.1825342893526592,official
2025-04,m22,Final consumption expenditures of nonprofit institutions serving households,服務家庭之非營利機構淨消費,0.1104009279011104,official
2025-04,residual,Residual,差額,0.027404959079871727,official
2025-05,m4,Motor vehicles and parts,汽車與零組件,0.040532953983577716,official
2025-05,m5,Furnishings and durable household equipment,家具與耐久家用設備,0.01045740826301583,official
2025-05,m6,Recreational goods and vehicles,休閒商品與交通工具,-0.029699519328194278,official
2025-05,m7,Other durable goods,其他耐久財,-8.348936929050178e-05,official
2025-05,m9,Food and beverages purchased for off-premises consumption,食物與飲料（居家消費）,0.14141875187445793,official
2025-05,m10,Clothing and footwear,服裝與鞋類,-0.030363138227593643,official
2025-05,m11,Gasoline and other energy goods,汽油與其他能源商品,-0.2426561778080393,official
2025-05,m12,Other nondurable goods,其他非耐久財,0.12185241024892801,official
2025-05,m15,Housing and utilities,住宅與公用事業,0.7782911428316676,official
2025-05,m16,Health care,醫療服務,0.44454960322285175,official
2025-05,m17,Transportation services,運輸服務,0.08039240003566536,official
2025-05,m18,Recreation services,休閒服務,0.1718773760020751,official
2025-05,m19,Food services and accommodations,餐飲與住宿,0.21224213538247047,official
2025-05,m20,Financial services and insurance,金融服務與保險,0.42407533497069766,official
2025-05,m21,Other services,其他服務,0.22308886349082835,official
2025-05,m22,Final consumption expenditures of nonprofit institutions serving households,服務家庭之非營利機構淨消費,0.10080174111810909,official
2025-05,residual,Residual,差額,0.01656388557904309,official
2025-06,m4,Motor vehicles and parts,汽車與零組件,0.05023165241611607,official
2025-06,m5,Furnishings and durable household equipment,家具與耐久家用設備,0.041151379712397976,official
2025-06,m6,Recreational goods and vehicles,休閒商品與交通工具,0.011027416116077212,official
2025-06,m7,Other durable goods,其他耐久財,-0.02006153646845446,official
2025-06,m9,Food and beverages purchased for off-premises consumption,食物與飲料（居家消費）,0.15174536857105841,official
2025-06,m10,Clothing and footwear,服裝與鞋類,-0.010105745562896748,official
2025-06,m11,Gasoline and other energy goods,汽油與其他能源商品,-0.16247838126700348,official
2025-06,m12,Other nondurable goods,其他非耐久財,0.1222113453815261,official
2025-06,m15,Housing and utilities,住宅與公用事業,0.7889058653970722,official
2025-06,m16,Health care,醫療服務,0.4857424051042881,official
2025-06,m17,Transportation services,運輸服務,0.09029359372975773,official
2025-06,m18,Recreation services,休閒服務,0.17168949993522475,official
2025-06,m19,Food services and accommodations,餐飲與住宿,0.2022671330483223,official
2025-06,m20,Financial services and insurance,金融服務與保險,0.4041257773027594,official
2025-06,m21,Other services,其他服務,0.19312386643347584,official
2025-06,m22,Final consumption expenditures of nonprofit institutions serving households,服務家庭之非營利機構淨消費,0.06024315001943257,official
2025-06,residual,Residual,差額,0.03194835794791473,official
2025-07,m4,Motor vehicles and parts,汽車與零組件,0.07038059514474418,official
2025-07,m5,Furnishings and durable household equipment,家具與耐久家用設備,0.05106991859402915,official
2025-07,m6,Recreational goods and vehicles,休閒商品與交通工具,0.0007649897737285905,official
2025-07,m7,Other durable goods,其他耐久財,-0.010045512970792474,official
2025-07,m9,Food and beverages purchased for off-premises consumption,食物與飲料（居家消費）,0.14151963201590934,official
2025-07,m10,Clothing and footwear,服裝與鞋類,-0.010089651660051251,official
2025-07,m11,Gasoline and other energy goods,汽油與其他能源商品,-0.18270935562364088,official
2025-07,m12,Other nondurable goods,其他非耐久財,0.11229343335947163,official
2025-07,m15,Housing and utilities,住宅與公用事業,0.7587404305543205,official
2025-07,m16,Health care,醫療服務,0.4957352810405737,official
2025-07,m17,Transportation services,運輸服務,0.10039466132044203,official
2025-07,m18,Recreation services,休閒服務,0.15170871698692817,official
2025-07,m19,Food services and accommodations,餐飲與住宿,0.20220580270167582,official
2025-07,m20,Financial services and insurance,金融服務與保險,0.39454127290806057,official
2025-07,m21,Other services,其他服務,0.20280038156522584,official
2025-07,m22,Final consumption expenditures of nonprofit institutions serving households,服務家庭之非營利機構淨消費,0.060147209804286145,official
2025-07,residual,Residual,差額,0.05146708595727967,official
2025-08,m4,Motor vehicles and parts,汽車與零組件,0.09075937719446933,official
2025-08,m5,Furnishings and durable household equipment,家具與耐久家用設備,0.050991597452599464,official
2025-08,m6,Recreational goods and vehicles,休閒商品與交通工具,-0.05045297882816347,official
2025-08,m7,Other durable goods,其他耐久財,0.030425938930188634,official
2025-08,m9,Food and beverages purchased for off-premises consumption,食物與飲料（居家消費）,0.1720326738826872,official
2025-08,m10,Clothing and footwear,服裝與鞋類,-0.010074178108175735,official
2025-08,m11,Gasoline and other energy goods,汽油與其他能源商品,-0.12174508237079368,official
2025-08,m12,Other nondurable goods,其他非耐久財,0.11160382917241769,official
2025-08,m15,Housing and utilities,住宅與公用事業,0.7488856333389835,official
2025-08,m16,Health care,醫療服務,0.49575110379285015,official
2025-08,m17,Transportation services,運輸服務,0.13122946783866463,official
2025-08,m18,Recreation services,休閒服務,0.14123269648319894,official
2025-08,m19,Food services and accommodations,餐飲與住宿,0.22289980708848908,official
2025-08,m20,Financial services and insurance,金融服務與保險,0.38498631861878585,official
2025-08,m21,Other services,其他服務,0.19276339685691454,official
2025-08,m22,Final consumption expenditures of nonprofit institutions serving households,服務家庭之非營利機構淨消費,0.07055702189828156,official
2025-08,residual,Residual,差額,0.03245724063894517,official
2025-09,m4,Motor vehicles and parts,汽車與零組件,0.09084183139207062,official
2025-09,m5,Furnishings and durable household equipment,家具與耐久家用設備,0.051155735988271875,official
2025-09,m6,Recreational goods and vehicles,休閒商品與交通工具,-0.05061822370434812,official
2025-09,m7,Other durable goods,其他耐久財,0.00015618707006267128,official
2025-09,m9,Food and beverages purchased for off-premises consumption,食物與飲料（居家消費）,0.18246540363765243,official
2025-09,m10,Clothing and footwear,服裝與鞋類,-0.009515731477453966,official
2025-09,m11,Gasoline and other energy goods,汽油與其他能源商品,-0.00012823610909735994,official
2025-09,m12,Other nondurable goods,其他非耐久財,0.1720579801201811,official
2025-09,m15,Housing and utilities,住宅與公用事業,0.6979878530117765,official
2025-09,m16,Health care,醫療服務,0.43539381051342774,official
2025-09,m17,Transportation services,運輸服務,0.12151821242730335,official
2025-09,m18,Recreation services,休閒服務,0.16117039614647272,official
2025-09,m19,Food services and accommodations,餐飲與住宿,0.24293863676638797,official
2025-09,m20,Financial services and insurance,金融服務與保險,0.40522997116298554,official
2025-09,m21,Other services,其他服務,0.18265687174778084,official
2025-09,m22,Final consumption expenditures of nonprofit institutions serving households,服務家庭之非營利機構淨消費,0.08092930903935688,official
2025-09,residual,Residual,差額,0.018773540830953284,official
2025-10,m4,Motor vehicles and parts,汽車與零組件,0.09087418261274723,official
2025-10,m5,Furnishings and durable household equipment,家具與耐久家用設備,0.05101765717131794,official
2025-10,m6,Recreational goods and vehicles,休閒商品與交通工具,-0.05075914590061214,official
2025-10,m7,Other durable goods,其他耐久財,0.010406323805851448,official
2025-10,m9,Food and beverages purchased for off-premises consumption,食物與飲料（居家消費）,0.17199988753394066,official
2025-10,m10,Clothing and footwear,服裝與鞋類,0.00020541122411272227,official
2025-10,m11,Gasoline and other energy goods,汽油與其他能源商品,-0.010655998457608328,official
2025-10,m12,Other nondurable goods,其他非耐久財,0.13170153114506516,official
2025-10,m15,Housing and utilities,住宅與公用事業,0.6573220224610787,official
2025-10,m16,Health care,醫療服務,0.4763310358124066,official
2025-10,m17,Transportation services,運輸服務,0.11149475426166032,official
2025-10,m18,Recreation services,休閒服務,0.13081634292508154,official
2025-10,m19,Food services and accommodations,餐飲與住宿,0.22261443421538857,official
2025-10,m20,Financial services and insurance,金融服務與保險,0.3949958226892242,official
2025-10,m21,Other services,其他服務,0.20266496360919653,official
2025-10,m22,Final consumption expenditures of nonprofit institutions serving households,服務家庭之非營利機構淨消費,0.06048729936858341,official
2025-10,residual,Residual,差額,0.00589579216272762,official
2025-11,m4,Motor vehicles and parts,汽車與零組件,0.08075481687067845,official
2025-11,m5,Furnishings and durable household equipment,家具與耐久家用設備,0.060927598543307725,official
2025-11,m6,Recreational goods and vehicles,休閒商品與交通工具,-0.05121492628302826,official
2025-11,m7,Other durable goods,其他耐久財,0.020641554232910336,official
2025-11,m9,Food and beverages purchased for off-premises consumption,食物與飲料（居家消費）,0.15177554425424736,official
2025-11,m10,Clothing and footwear,服裝與鞋類,-0.010045481526639186,official
2025-11,m11,Gasoline and other energy goods,汽油與其他能源商品,0.030627436510355665,official
2025-11,m12,Other nondurable goods,其他非耐久財,0.1614628687853946,official
2025-11,m15,Housing and utilities,住宅與公用事業,0.6574132481991883,official
2025-11,m16,Health care,醫療服務,0.47668939406093086,official
2025-11,m17,Transportation services,運輸服務,0.12158078385445911,official
2025-11,m18,Recreation services,休閒服務,0.11065278423948792,official
2025-11,m19,Food services and accommodations,餐飲與住宿,0.19259549516307575,official
2025-11,m20,Financial services and insurance,金融服務與保險,0.3954742271349045,official
2025-11,m21,Other services,其他服務,0.26307333194295157,official
2025-11,m22,Final consumption expenditures of nonprofit institutions serving households,服務家庭之非營利機構淨消費,0.040162193380713265,official
2025-11,residual,Residual,差額,0.007871432467546846,official
2025-12,m4,Motor vehicles and parts,汽車與零組件,0.050355325481661654,official
2025-12,m5,Furnishings and durable household equipment,家具與耐久家用設備,0.10121151507392946,official
2025-12,m6,Recreational goods and vehicles,休閒商品與交通工具,0.01981869679318951,official
2025-12,m7,Other durable goods,其他耐久財,0.010344124047878135,official
2025-12,m9,Food and beverages purchased for off-premises consumption,食物與飲料（居家消費）,0.16217499839979518,official
2025-12,m10,Clothing and footwear,服裝與鞋類,0.0002249887985662103,official
2025-12,m11,Gasoline and other energy goods,汽油與其他能源商品,-0.05949185495743456,official
2025-12,m12,Other nondurable goods,其他非耐久財,0.19151643410356525,official
2025-12,m15,Housing and utilities,住宅與公用事業,0.6676076137745632,official
2025-12,m16,Health care,醫療服務,0.425603757280932,official
2025-12,m17,Transportation services,運輸服務,0.07139865902835563,official
2025-12,m18,Recreation services,休閒服務,0.19260089291429303,official
2025-12,m19,Food services and accommodations,餐飲與住宿,0.2535749375920118,official
2025-12,m20,Financial services and insurance,金融服務與保險,0.40525363246495555,official
2025-12,m21,Other services,其他服務,0.2117201401779428,official
2025-12,m22,Final consumption expenditures of nonprofit institutions serving households,服務家庭之非營利機構淨消費,0.04006000768098316,official
2025-12,residual,Residual,差額,0.03318160724575048,official
2026-01,m4,Motor vehicles and parts,汽車與零組件,-0.0001994052127600194,official
2026-01,m5,Furnishings and durable household equipment,家具與耐久家用設備,0.11137574448067739,official
2026-01,m6,Recreational goods and vehicles,休閒商品與交通工具,0.05102804110888751,official
2026-01,m7,Other durable goods,其他耐久財,0.019996172950734716,official
2026-01,m9,Food and beverages purchased for off-premises consumption,食物與飲料（居家消費）,0.16216084769141226,official
2026-01,m10,Clothing and footwear,服裝與鞋類,0.030395940138571075,official
2026-01,m11,Gasoline and other energy goods,汽油與其他能源商品,-0.16087081316823867,official
2026-01,m12,Other nondurable goods,其他非耐久財,0.12136785119156772,official
2026-01,m15,Housing and utilities,住宅與公用事業,0.6464478604402701,official
2026-01,m16,Health care,醫療服務,0.5364964958580165,official
2026-01,m17,Transportation services,運輸服務,0.10187397845690184,official
2026-01,m18,Recreation services,休閒服務,0.17255024995415513,official
2026-01,m19,Food services and accommodations,餐飲與住宿,0.242999130940896,official
2026-01,m20,Financial services and insurance,金融服務與保險,0.4149071541902203,official
2026-01,m21,Other services,其他服務,0.22177431571561834,official
2026-01,m22,Final consumption expenditures of nonprofit institutions serving households,服務家庭之非營利機構淨消費,0.030785023480541844,official
2026-01,residual,Residual,差額,0.02527861715951918,official
2026-02,m4,Motor vehicles and parts,汽車與零組件,7.322890991492449e-05,official
2026-02,m5,Furnishings and durable household equipment,家具與耐久家用設備,0.11134054225968038,official
2026-02,m6,Recreational goods and vehicles,休閒商品與交通工具,0.08162073626461,official
2026-02,m7,Other durable goods,其他耐久財,0.03045758129919695,official
2026-02,m9,Food and beverages purchased for off-premises consumption,食物與飲料（居家消費）,0.18220243301264213,official
2026-02,m10,Clothing and footwear,服裝與鞋類,0.05107314939969786,official
2026-02,m11,Gasoline and other energy goods,汽油與其他能源商品,-0.10974866820386421,official
2026-02,m12,Other nondurable goods,其他非耐久財,0.13209374254591716,official
2026-02,m15,Housing and utilities,住宅與公用事業,0.6158354138506799,official
2026-02,m16,Health care,醫療服務,0.5158877315735072,official
2026-02,m17,Transportation services,運輸服務,0.1323263894410432,official
2026-02,m18,Recreation services,休閒服務,0.12166796533354536,official
2026-02,m19,Food services and accommodations,餐飲與住宿,0.23290045320823727,official
2026-02,m20,Financial services and insurance,金融服務與保險,0.40406209747952615,official
2026-02,m21,Other services,其他服務,0.23222318517929555,official
2026-02,m22,Final consumption expenditures of nonprofit institutions serving households,服務家庭之非營利機構淨消費,0.03070008746123877,official
2026-02,residual,Residual,差額,0.03642887811084261,official
2026-03,m4,Motor vehicles and parts,汽車與零組件,0.010065305992738484,official
2026-03,m5,Furnishings and durable household equipment,家具與耐久家用設備,0.10098094050163264,official
2026-03,m6,Recreational goods and vehicles,休閒商品與交通工具,0.132636789042576,official
2026-03,m7,Other durable goods,其他耐久財,0.030713519611659745,official
2026-03,m9,Food and beverages purchased for off-premises consumption,食物與飲料（居家消費）,0.14181069206873814,official
2026-03,m10,Clothing and footwear,服裝與鞋類,0.08184906529804796,official
2026-03,m11,Gasoline and other energy goods,汽油與其他能源商品,0.38115588429239927,official
2026-03,m12,Other nondurable goods,其他非耐久財,0.151134433418872,official
2026-03,m15,Housing and utilities,住宅與公用事業,0.5867741064122223,official
2026-03,m16,Health care,醫療服務,0.5371456037626422,official
2026-03,m17,Transportation services,運輸服務,0.1932946952784244,official
2026-03,m18,Recreation services,休閒服務,0.11186002907785078,official
2026-03,m19,Food services and accommodations,餐飲與住宿,0.26325346193264426,official
2026-03,m20,Financial services and insurance,金融服務與保險,0.4045839722250912,official
2026-03,m21,Other services,其他服務,0.1820798608076651,official
2026-03,m22,Final consumption expenditures of nonprofit institutions serving households,服務家庭之非營利機構淨消費,0.030396046683456607,official
2026-03,residual,Residual,差額,0.02566930697787928,official
2026-04,m4,Motor vehicles and parts,汽車與零組件,0.010041850621814638,official
2026-04,m5,Furnishings and durable household equipment,家具與耐久家用設備,0.09076892591330263,official
2026-04,m6,Recreational goods and vehicles,休閒商品與交通工具,0.13333497142585385,official
2026-04,m7,Other durable goods,其他耐久財,0.05093109707283435,official
2026-04,m9,Food and beverages purchased for off-premises consumption,食物與飲料（居家消費）,0.18239428358552032,official
2026-04,m10,Clothing and footwear,服裝與鞋類,0.09197078382727107,official
2026-04,m11,Gasoline and other energy goods,汽油與其他能源商品,0.5642130418585481,official
2026-04,m12,Other nondurable goods,其他非耐久財,0.13049309226952435,official
2026-04,m15,Housing and utilities,住宅與公用事業,0.6190301435444624,official
2026-04,m16,Health care,醫療服務,0.516612001934006,official
2026-04,m17,Transportation services,運輸服務,0.19318001315758188,official
2026-04,m18,Recreation services,休閒服務,0.12191181249653225,official
2026-04,m19,Food services and accommodations,餐飲與住宿,0.2739597187765034,official
2026-04,m20,Financial services and insurance,金融服務與保險,0.3850307934973011,official
2026-04,m21,Other services,其他服務,0.1414130133240332,official
2026-04,m22,Final consumption expenditures of nonprofit institutions serving households,服務家庭之非營利機構淨消費,0.0609268168956033,official
2026-04,residual,Residual,差額,0.007735627719696492,official
2026-05,m4,Motor vehicles and parts,汽車與零組件,0.009665685716093917,official
2026-05,m5,Furnishings and durable household equipment,家具與耐久家用設備,0.07027506170495537,official
2026-05,m6,Recreational goods and vehicles,休閒商品與交通工具,0.1334332478957028,official
2026-05,m7,Other durable goods,其他耐久財,0.06116970444908551,official
2026-05,m9,Food and beverages purchased for off-premises consumption,食物與飲料（居家消費）,0.1720601544206063,official
2026-05,m10,Clothing and footwear,服裝與鞋類,0.10177314726916017,official
2026-05,m11,Gasoline and other energy goods,汽油與其他能源商品,0.7481211632175179,official
2026-05,m12,Other nondurable goods,其他非耐久財,0.04968182393519398,official
2026-05,m15,Housing and utilities,住宅與公用事業,0.629951189798114,official
2026-05,m16,Health care,醫療服務,0.5373554680083539,official
2026-05,m17,Transportation services,運輸服務,0.2337981773305487,official
2026-05,m18,Recreation services,休閒服務,0.1320128472881463,official
2026-05,m19,Food services and accommodations,餐飲與住宿,0.27414214290234795,official
2026-05,m20,Financial services and insurance,金融服務與保險,0.41600990443642805,official
2026-05,m21,Other services,其他服務,0.17322099867097018,official
2026-05,m22,Final consumption expenditures of nonprofit institutions serving households,服務家庭之非營利機構淨消費,0.06152213467502056,official
2026-05,residual,Residual,差額,0.019141114486443733,official
2026-06,m4,Motor vehicles and parts,汽車與零組件,0.019615718456561196,official
2026-06,m5,Furnishings and durable household equipment,家具與耐久家用設備,0.0401727294247613,official
2026-06,m6,Recreational goods and vehicles,休閒商品與交通工具,0.12388234829953443,official
2026-06,m7,Other durable goods,其他耐久財,0.02994642152607907,official
2026-06,m9,Food and beverages purchased for off-premises consumption,食物與飲料（居家消費）,0.17238570188589913,official
2026-06,m10,Clothing and footwear,服裝與鞋類,0.09153996685867591,official
2026-06,m11,Gasoline and other energy goods,汽油與其他能源商品,0.5080333780478182,official
2026-06,m12,Other nondurable goods,其他非耐久財,0.050318314526947044,official
2026-06,m15,Housing and utilities,住宅與公用事業,0.5892149451589994,official
2026-06,m16,Health care,醫療服務,0.5283037165627713,official
2026-06,m17,Transportation services,運輸服務,0.2539160419790105,official
2026-06,m18,Recreation services,休閒服務,0.1213214708435256,official
2026-06,m19,Food services and accommodations,餐飲與住宿,0.2531150477392882,official
2026-06,m20,Financial services and insurance,金融服務與保險,0.4260715694784187,official
2026-06,m21,Other services,其他服務,0.17316223467213762,official
2026-06,m22,Final consumption expenditures of nonprofit institutions serving households,服務家庭之非營利機構淨消費,0.050247139588100675,official
2026-06,residual,Residual,差額,0.021763591888261935,official
2026-07,m4,Motor vehicles and parts,汽車與零組件,0.01993333648527256,official
2026-07,m5,Furnishings and durable household equipment,家具與耐久家用設備,0.019455108505508016,official
2026-07,m6,Recreational goods and vehicles,休閒商品與交通工具,0.17502048760499894,official
2026-07,m7,Other durable goods,其他耐久財,0.04023584385293051,official
2026-07,m9,Food and beverages purchased for off-premises consumption,食物與飲料（居家消費）,0.1618156745937938,official
2026-07,m10,Clothing and footwear,服裝與鞋類,0.09141301435708318,official
2026-07,m11,Gasoline and other energy goods,汽油與其他能源商品,0.4653153515200227,official
2026-07,m12,Other nondurable goods,其他非耐久財,0.04026239894094842,official
2026-07,m15,Housing and utilities,住宅與公用事業,0.6001080327171292,official
2026-07,m16,Health care,醫療服務,0.5286055032858966,official
2026-07,m17,Transportation services,運輸服務,0.2539087198398815,official
2026-07,m18,Recreation services,休閒服務,0.11116708429861472,official
2026-07,m19,Food services and accommodations,餐飲與住宿,0.23244692922320456,official
2026-07,m20,Financial services and insurance,金融服務與保險,0.38553614486312704,official
2026-07,m21,Other services,其他服務,0.1729220840622193,official
2026-07,m22,Final consumption expenditures of nonprofit institutions serving households,服務家庭之非營利機構淨消費,0.050177454178683426,official
2026-07,residual,Residual,差額,0.013220021117987812,official
2026-08,m4,Motor vehicles and parts,汽車與零組件,-6.649427410417366e-05,official
2026-08,m5,Furnishings and durable household equipment,家具與耐久家用設備,0.019405717249998032,official
2026-08,m6,Recreational goods and vehicles,休閒商品與交通工具,0.23475913510284604,official
2026-08,m7,Other durable goods,其他耐久財,0.020184470521657803,official
2026-08,m9,Food and beverages purchased for off-premises consumption,食物與飲料（居家消費）,0.13148103026825644,official
2026-08,m10,Clothing and footwear,服裝與鞋類,0.09118094145202744,official
2026-08,m11,Gasoline and other energy goods,汽油與其他能源商品,0.5269994262314409,official
2026-08,m12,Other nondurable goods,其他非耐久財,0.04979949539806176,official
2026-08,m15,Housing and utilities,住宅與公用事業,0.5796411981545088,official
2026-08,m16,Health care,醫療服務,0.5385793333280935,official
2026-08,m17,Transportation services,運輸服務,0.2649152315902821,official
2026-08,m18,Recreation services,休閒服務,0.12085947386209117,official
2026-08,m19,Food services and accommodations,餐飲與住宿,0.22288809941129775,official
2026-08,m20,Financial services and insurance,金融服務與保險,0.36527874934173815,official
2026-08,m21,Other services,其他服務,0.23467786432338542,official
2026-08,m22,Final consumption expenditures of nonprofit institutions serving households,服務家庭之非營利機構淨消費,-0.0008288990717525146,official
2026-08,residual,Residual,差額,0.019277051615596452,official
