month,id,name,name_zh,contribution_pp,method
1990-01,food,Food,食物,0.6008149070532776,official
1990-01,energy_goods,Energy goods,能源商品,0.5281181179400515,official
1990-01,energy_services,Energy services,能源服務,0.05080156541848263,official
1990-01,core_goods,Core goods,核心商品,0.44909276883394117,official
1990-01,housing,Housing,住宅,0.6522289424530819,official
1990-01,other_core_services,Core services excluding housing,核心服務（不含住宅）,1.88401583207329,official
1990-01,residual,Residual,差額,-0.006039847015920863,official
1990-02,food,Food,食物,0.6125204779972342,official
1990-02,energy_goods,Energy goods,能源商品,0.4038633381794971,official
1990-02,energy_services,Energy services,能源服務,0.08136271763412647,official
1990-02,core_goods,Core goods,核心商品,0.6859607815325698,official
1990-02,housing,Housing,住宅,0.62058047586965,official
1990-02,other_core_services,Core services excluding housing,核心服務（不含住宅）,1.8748494734229282,official
1990-02,residual,Residual,差額,-0.008012127229521937,official
1990-03,food,Food,食物,0.5604338302833322,official
1990-03,energy_goods,Energy goods,能源商品,0.3114224899314632,official
1990-03,energy_services,Energy services,能源服務,0.0710980004239384,official
1990-03,core_goods,Core goods,核心商品,0.746172366282767,official
1990-03,housing,Housing,住宅,0.6931251324807461,official
1990-03,other_core_services,Core services excluding housing,核心服務（不含住宅）,1.897182222850279,official
1990-03,residual,Residual,差額,-0.0029555571257038338,official
1990-04,food,Food,食物,0.4457547947849585,official
1990-04,energy_goods,Energy goods,能源商品,0.02170559230728733,official
1990-04,energy_services,Energy services,能源服務,0.040401305515099406,official
1990-04,core_goods,Core goods,核心商品,0.6824827598308446,official
1990-04,housing,Housing,住宅,0.6906639877871169,official
1990-04,other_core_services,Core services excluding housing,核心服務（不含住宅）,1.9320138974188004,official
1990-04,residual,Residual,差額,-0.008779413571042394,official
1990-05,food,Food,食物,0.40503732713254187,official
1990-05,energy_goods,Energy goods,能源商品,-0.05921953948633671,official
1990-05,energy_services,Energy services,能源服務,0.019569033340909488,official
1990-05,core_goods,Core goods,核心商品,0.6409044180638844,official
1990-05,housing,Housing,住宅,0.6697412451702012,official
1990-05,other_core_services,Core services excluding housing,核心服務（不含住宅）,1.9820079724461073,official
1990-05,residual,Residual,差額,0.0012423728517094723,official
1990-06,food,Food,食物,0.4673094099996511,official
1990-06,energy_goods,Energy goods,能源商品,0.0015090192247304238,official
1990-06,energy_services,Energy services,能源服務,0.019891490178291046,official
1990-06,core_goods,Core goods,核心商品,0.6302588883849133,official
1990-06,housing,Housing,住宅,0.7425096821464708,official
1990-06,other_core_services,Core services excluding housing,核心服務（不含住宅）,2.024170998918391,official
1990-06,residual,Residual,差額,0.004654408429573653,official
1990-07,food,Food,食物,0.478111871073287,official
1990-07,energy_goods,Energy goods,能源商品,0.0417981517255782,official
1990-07,energy_services,Energy services,能源服務,-0.010860613654953976,official
1990-07,core_goods,Core goods,核心商品,0.6610132442263179,official
1990-07,housing,Housing,住宅,0.7634083433404688,official
1990-07,other_core_services,Core services excluding housing,核心服務（不含住宅）,1.9625926312675126,official
1990-07,residual,Residual,差額,0.002368297394658825,official
1990-08,food,Food,食物,0.5096091601990742,official
1990-08,energy_goods,Energy goods,能源商品,0.4422700379354748,official
1990-08,energy_services,Energy services,能源服務,-0.00047071311732154765,official
1990-08,core_goods,Core goods,核心商品,0.7213152124734626,official
1990-08,housing,Housing,住宅,0.7868210768106358,official
1990-08,other_core_services,Core services excluding housing,核心服務（不含住宅）,2.11169160895138,official
1990-08,residual,Residual,差額,0.005382835067693215,official
1990-09,food,Food,食物,0.5397798381775879,official
1990-09,energy_goods,Energy goods,能源商品,0.8137297287911934,official
1990-09,energy_services,Energy services,能源服務,0.009964753272910378,official
1990-09,core_goods,Core goods,核心商品,0.6929753099281175,official
1990-09,housing,Housing,住宅,0.7660301420286835,official
1990-09,other_core_services,Core services excluding housing,核心服務（不含住宅）,2.1456080494495957,official
1990-09,residual,Residual,差額,0.01680643817065075,official
1990-10,food,Food,食物,0.5396655078780331,official
1990-10,energy_goods,Energy goods,能源商品,1.0321596706964837,official
1990-10,energy_services,Energy services,能源服務,0.009925975890278287,official
1990-10,core_goods,Core goods,核心商品,0.6424593991594459,official
1990-10,housing,Housing,住宅,0.7147333921375326,official
1990-10,other_core_services,Core services excluding housing,核心服務（不含住宅）,2.2174136529514517,official
1990-10,residual,Residual,差額,0.018411940711525077,official
1990-11,food,Food,食物,0.5190518595219605,official
1990-11,energy_goods,Energy goods,能源商品,1.0593336784882215,official
1990-11,energy_services,Energy services,能源服務,0.0314099577185262,official
1990-11,core_goods,Core goods,核心商品,0.5906547588230219,official
1990-11,housing,Housing,住宅,0.6632879454655276,official
1990-11,other_core_services,Core services excluding housing,核心服務（不含住宅）,2.208293554232462,official
1990-11,residual,Residual,差額,0.006922426438857876,official
1990-12,food,Food,食物,0.45671192332180405,official
1990-12,energy_goods,Energy goods,能源商品,1.0463001393836147,official
1990-12,energy_services,Energy services,能源服務,0.02134806325607007,official
1990-12,core_goods,Core goods,核心商品,0.6507994768812486,official
1990-12,housing,Housing,住宅,0.6434539603875209,official
1990-12,other_core_services,Core services excluding housing,核心服務（不含住宅）,2.0438913840276705,official
1990-12,residual,Residual,差額,0.010759210503685779,official
1991-01,food,Food,食物,0.4392341980769559,official
1991-01,energy_goods,Energy goods,能源商品,0.5121882738715352,official
1991-01,energy_services,Energy services,能源服務,0.09356360903796561,official
1991-01,core_goods,Core goods,核心商品,0.7226379519409766,official
1991-01,housing,Housing,住宅,0.6509618636107458,official
1991-01,other_core_services,Core services excluding housing,核心服務（不含住宅）,2.0486142469215927,official
1991-01,residual,Residual,差額,0.014209861151447178,official
1991-02,food,Food,食物,0.399713659009369,official
1991-02,energy_goods,Energy goods,能源商品,0.3299789155090033,official
1991-02,energy_services,Energy services,能源服務,0.08364319600074815,official
1991-02,core_goods,Core goods,核心商品,0.6044559691214229,official
1991-02,housing,Housing,住宅,0.6693569230246043,official
1991-02,other_core_services,Core services excluding housing,核心服務（不含住宅）,1.97439594633657,official
1991-02,residual,Residual,差額,0.014223529611805397,official
1991-03,food,Food,食物,0.39821049243643386,official
1991-03,energy_goods,Energy goods,能源商品,0.2030986058645164,official
1991-03,energy_services,Energy services,能源服務,0.07296020869683056,official
1991-03,core_goods,Core goods,核心商品,0.5739198414446157,official
1991-03,housing,Housing,住宅,0.5680278827096709,official
1991-03,other_core_services,Core services excluding housing,核心服務（不含住宅）,1.8722196059830942,official
1991-03,residual,Residual,差額,0.017964867108211102,official
1991-04,food,Food,食物,0.4890364622952483,official
1991-04,energy_goods,Energy goods,能源商品,0.17199604442415936,official
1991-04,energy_services,Energy services,能源服務,0.062088510235475076,official
1991-04,core_goods,Core goods,核心商品,0.6355499771793702,official
1991-04,housing,Housing,住宅,0.5479887418226077,official
1991-04,other_core_services,Core services excluding housing,核心服務（不含住宅）,1.7507659279544265,official
1991-04,residual,Residual,差額,0.019231367378344633,official
1991-05,food,Food,食物,0.4990175409006578,official
1991-05,energy_goods,Energy goods,能源商品,0.2429205599595209,official
1991-05,energy_services,Energy services,能源服務,0.09224877719682913,official
1991-05,core_goods,Core goods,核心商品,0.6555468038455051,official
1991-05,housing,Housing,住宅,0.5482268510710069,official
1991-05,other_core_services,Core services excluding housing,核心服務（不含住宅）,1.8262194299207288,official
1991-05,residual,Residual,差額,0.008311182324166388,official
1991-06,food,Food,食物,0.45892581273508865,official
1991-06,energy_goods,Energy goods,能源商品,0.1909151665771091,official
1991-06,energy_services,Energy services,能源服務,0.0508622716281569,official
1991-06,core_goods,Core goods,核心商品,0.6017260545405696,official
1991-06,housing,Housing,住宅,0.4470259605051048,official
1991-06,other_core_services,Core services excluding housing,核心服務（不含住宅）,1.8354663151531436,official
1991-06,residual,Residual,差額,0.005218128694244761,official
1991-07,food,Food,食物,0.33558434814653515,official
1991-07,energy_goods,Energy goods,能源商品,0.12880215749007523,official
1991-07,energy_services,Energy services,能源服務,0.0913547965627565,official
1991-07,core_goods,Core goods,核心商品,0.6437271981105211,official
1991-07,housing,Housing,住宅,0.3967646024221511,official
1991-07,other_core_services,Core services excluding housing,核心服務（不含住宅）,1.895812827685556,official
1991-07,residual,Residual,差額,0.005500092128843281,official
1991-08,food,Food,食物,0.2627875399361022,official
1991-08,energy_goods,Energy goods,能源商品,-0.09913954339723108,official
1991-08,energy_services,Energy services,能源服務,0.07053597577209797,official
1991-08,core_goods,Core goods,核心商品,0.6809476504259852,official
1991-08,housing,Housing,住宅,0.3355822350905218,official
1991-08,other_core_services,Core services excluding housing,核心服務（不含住宅）,1.7990951144834932,official
1991-08,residual,Residual,差額,0.0036388445154464932,official
1991-09,food,Food,食物,0.22112445216240798,official
1991-09,energy_goods,Energy goods,能源商品,-0.37652228561977996,official
1991-09,energy_services,Energy services,能源服務,0.0704089969403787,official
1991-09,core_goods,Core goods,核心商品,0.6789163979161498,official
1991-09,housing,Housing,住宅,0.34438369304556354,official
1991-09,other_core_services,Core services excluding housing,核心服務（不含住宅）,1.8450941867195898,official
1991-09,residual,Residual,差額,-0.006592408831561869,official
1991-10,food,Food,食物,0.18009389748565224,official
1991-10,energy_goods,Energy goods,能源商品,-0.6331767278946243,official
1991-10,energy_services,Energy services,能源服務,0.08022759040305205,official
1991-10,core_goods,Core goods,核心商品,0.645500320665669,official
1991-10,housing,Housing,住宅,0.3636909440726184,official
1991-10,other_core_services,Core services excluding housing,核心服務（不含住宅）,1.7586405420072029,official
1991-10,residual,Residual,差額,-0.01218397987205977,official
1991-11,food,Food,食物,0.19032945736434106,official
1991-11,energy_goods,Energy goods,能源商品,-0.5814873209827881,official
1991-11,energy_services,Energy services,能源服務,0.05016407173827353,official
1991-11,core_goods,Core goods,核心商品,0.726248686112206,official
1991-11,housing,Housing,住宅,0.4143576731047169,official
1991-11,other_core_services,Core services excluding housing,核心服務（不含住宅）,1.6874569701747473,official
1991-11,residual,Residual,差額,-0.008748686112200588,official
1991-12,food,Food,食物,0.21013274263680365,official
1991-12,energy_goods,Energy goods,能源商品,-0.5604669784231684,official
1991-12,energy_services,Energy services,能源服務,0.07059365001230616,official
1991-12,core_goods,Core goods,核心商品,0.665130363442448,official
1991-12,housing,Housing,住宅,0.4456752809910575,official
1991-12,other_core_services,Core services excluding housing,核心服務（不含住宅）,1.819718762818935,official
1991-12,residual,Residual,差額,-0.01233932233981161,official
1992-01,food,Food,食物,0.07956601337103812,official
1992-01,energy_goods,Energy goods,能源商品,-0.4309372803504585,official
1992-01,energy_services,Energy services,能源服務,0.0003285548490445586,official
1992-01,core_goods,Core goods,核心商品,0.5540765320300113,official
1992-01,housing,Housing,住宅,0.4248495349559475,official
1992-01,other_core_services,Core services excluding housing,核心服務（不含住宅）,1.777437926017948,official
1992-01,residual,Residual,差額,-0.017168870654006962,official
1992-02,food,Food,食物,0.07048555744347143,official
1992-02,energy_goods,Energy goods,能源商品,-0.2010742059861456,official
1992-02,energy_services,Energy services,能源服務,-0.019900176447523198,official
1992-02,core_goods,Core goods,核心商品,0.48454744477846035,official
1992-02,housing,Housing,住宅,0.4355840739772579,official
1992-02,other_core_services,Core services excluding housing,核心服務（不含住宅）,1.8505600575088226,official
1992-02,residual,Residual,差額,-0.02413687753235072,official
1992-03,food,Food,食物,0.10124287417716143,official
1992-03,energy_goods,Energy goods,能源商品,-0.04080593260482515,official
1992-03,energy_services,Energy services,能源服務,-0.020155502196958556,official
1992-03,core_goods,Core goods,核心商品,0.46496790317048076,official
1992-03,housing,Housing,住宅,0.45652553862236817,official
1992-03,other_core_services,Core services excluding housing,核心服務（不含住宅）,1.8943114290847913,official
1992-03,residual,Residual,差額,-0.033525424282513594,official
1992-04,food,Food,食物,0.030622839626948402,official
1992-04,energy_goods,Energy goods,能源商品,-0.031031924607056664,official
1992-04,energy_services,Energy services,能源服務,0.020372073305941443,official
1992-04,core_goods,Core goods,核心商品,0.44585306202308744,official
1992-04,housing,Housing,住宅,0.4565445444466184,official
1992-04,other_core_services,Core services excluding housing,核心服務（不含住宅）,2.026000945672732,official
1992-04,residual,Residual,差額,-0.034711243722697294,official
1992-05,food,Food,食物,-0.01987756957750139,official
1992-05,energy_goods,Energy goods,能源商品,-0.039992206020848894,official
1992-05,energy_services,Energy services,能源服務,0.010329295619134227,official
1992-05,core_goods,Core goods,核心商品,0.4554237976163414,official
1992-05,housing,Housing,住宅,0.44557334459130327,official
1992-05,other_core_services,Core services excluding housing,核心服務（不含住宅）,1.8099620043516385,official
1992-05,residual,Residual,差額,-0.0358219400513109,official
1992-06,food,Food,食物,-0.02877873237153511,official
1992-06,energy_goods,Energy goods,能源商品,0.05149619063057222,official
1992-06,energy_services,Energy services,能源服務,0.05050656508348194,official
1992-06,core_goods,Core goods,核心商品,0.474360188036959,official
1992-06,housing,Housing,住宅,0.4453464094666883,official
1992-06,other_core_services,Core services excluding housing,核心服務（不含住宅）,1.6787025449829795,official
1992-06,residual,Residual,差額,-0.037494731723142216,official
1992-07,food,Food,食物,0.030909252755434,official
1992-07,energy_goods,Energy goods,能源商品,0.12183145321831454,official
1992-07,energy_services,Energy services,能源服務,0.030458672536294053,official
1992-07,core_goods,Core goods,核心商品,0.43525628368427016,official
1992-07,housing,Housing,住宅,0.4554205577224983,official
1992-07,other_core_services,Core services excluding housing,核心服務（不含住宅）,1.7719748490782852,official
1992-07,residual,Residual,差額,-0.03458008966287096,official
1992-08,food,Food,食物,0.13256818071724988,official
1992-08,energy_goods,Energy goods,能源商品,0.0611267378211235,official
1992-08,energy_services,Energy services,能源服務,0.05062182105892043,official
1992-08,core_goods,Core goods,核心商品,0.39461771972033394,official
1992-08,housing,Housing,住宅,0.455203048554036,official
1992-08,other_core_services,Core services excluding housing,核心服務（不含住宅）,1.659232371510229,official
1992-08,residual,Residual,差額,-0.043902891928113696,official
1992-09,food,Food,食物,0.16255101055612772,official
1992-09,energy_goods,Energy goods,能源商品,0.04071575695159631,official
1992-09,energy_services,Energy services,能源服務,0.060954074407827,official
1992-09,core_goods,Core goods,核心商品,0.3132693421730175,official
1992-09,housing,Housing,住宅,0.41350991246138,official
1992-09,other_core_services,Core services excluding housing,核心服務（不含住宅）,1.5679040615345006,official
1992-09,residual,Residual,差額,-0.034123004634398324,official
1992-10,food,Food,食物,0.15201477674269195,official
1992-10,energy_goods,Energy goods,能源商品,0.08132139415354964,official
1992-10,energy_services,Energy services,能源服務,0.061092515258593015,official
1992-10,core_goods,Core goods,核心商品,0.323171056858336,official
1992-10,housing,Housing,住宅,0.4139995181496948,official
1992-10,other_core_services,Core services excluding housing,核心服務（不含住宅）,1.6910594282043045,official
1992-10,residual,Residual,差額,-0.027509315772562548,official
1992-11,food,Food,食物,0.10098402166770841,official
1992-11,energy_goods,Energy goods,能源商品,0.051477635142715195,official
1992-11,energy_services,Energy services,能源服務,0.0916992804141225,official
1992-11,core_goods,Core goods,核心商品,0.30385002484093787,official
1992-11,housing,Housing,住宅,0.4144351491257593,official
1992-11,other_core_services,Core services excluding housing,核心服務（不含住宅）,1.7294100677917208,official
1992-11,residual,Residual,差額,-0.02025337756624701,official
1992-12,food,Food,食物,0.10073217911211295,official
1992-12,energy_goods,Energy goods,能源商品,0.041640688695985806,official
1992-12,energy_services,Energy services,能源服務,0.07152047064089653,official
1992-12,core_goods,Core goods,核心商品,0.32304238006170766,official
1992-12,housing,Housing,住宅,0.38454238805492946,official
1992-12,other_core_services,Core services excluding housing,核心服務（不含住宅）,1.6883948012085752,official
1992-12,residual,Residual,差額,-0.015273128387110813,official
1993-01,food,Food,食物,0.12082745298381176,official
1993-01,energy_goods,Energy goods,能源商品,0.12147562182700597,official
1993-01,energy_services,Energy services,能源服務,0.07116430920527476,official
1993-01,core_goods,Core goods,核心商品,0.2929038283470098,official
1993-01,housing,Housing,住宅,0.4052889619719659,official
1993-01,other_core_services,Core services excluding housing,核心服務（不含住宅）,1.7109995529870048,official
1993-01,residual,Residual,差額,-0.01823110571857889,official
1993-02,food,Food,食物,0.11135611573801298,official
1993-02,energy_goods,Energy goods,能源商品,0.13114272974823638,official
1993-02,energy_services,Energy services,能源服務,0.03998105005016164,official
1993-02,core_goods,Core goods,核心商品,0.2929714795292769,official
1993-02,housing,Housing,住宅,0.4053418156918324,official
1993-02,other_core_services,Core services excluding housing,核心服務（不含住宅）,1.6292977371530488,official
1993-02,residual,Residual,差額,-0.01124066436294413,official
1993-03,food,Food,食物,0.08115966893834693,official
1993-03,energy_goods,Energy goods,能源商品,0.10037999015075696,official
1993-03,energy_services,Energy services,能源服務,0.0908008070024941,official
1993-03,core_goods,Core goods,核心商品,0.2620772371284691,official
1993-03,housing,Housing,住宅,0.4054000857837297,official
1993-03,other_core_services,Core services excluding housing,核心服務（不含住宅）,1.6295116681758248,official
1993-03,residual,Residual,差額,-0.008526267295723589,official
1993-04,food,Food,食物,0.12134412775867807,official
1993-04,energy_goods,Energy goods,能源商品,0.09985424357166621,official
1993-04,energy_services,Energy services,能源服務,0.08083857475562035,official
1993-04,core_goods,Core goods,核心商品,0.25267526418352637,official
1993-04,housing,Housing,住宅,0.4153028406660435,official
1993-04,other_core_services,Core services excluding housing,核心服務（不含住宅）,1.5890614553462508,official
1993-04,residual,Residual,差額,-0.0020017744260720782,official
1993-05,food,Food,食物,0.21285081404363718,official
1993-05,energy_goods,Energy goods,能源商品,0.008308941031280158,official
1993-05,energy_services,Energy services,能源服務,0.09097321329683718,official
1993-05,core_goods,Core goods,核心商品,0.18192174422100213,official
1993-05,housing,Housing,住宅,0.42575906206983843,official
1993-05,other_core_services,Core services excluding housing,核心服務（不含住宅）,1.8135520465800674,official
1993-05,residual,Residual,差額,0.003846019967411962,official
1993-06,food,Food,食物,0.1520339571981363,official
1993-06,energy_goods,Energy goods,能源商品,-0.09262181157703547,official
1993-06,energy_services,Energy services,能源服務,0.09108552475716655,official
1993-06,core_goods,Core goods,核心商品,0.1813266998341625,official
1993-06,housing,Housing,住宅,0.42555239674642664,official
1993-06,other_core_services,Core services excluding housing,核心服務（不含住宅）,1.8222389639106058,official
1993-06,residual,Residual,差額,0.010607754876406084,official
1993-07,food,Food,食物,0.16150085007241358,official
1993-07,energy_goods,Energy goods,能源商品,-0.13270181348781562,official
1993-07,energy_services,Energy services,能源服務,0.10101111390970342,official
1993-07,core_goods,Core goods,核心商品,0.15160333102449464,official
1993-07,housing,Housing,住宅,0.41470153013034444,official
1993-07,other_core_services,Core services excluding housing,核心服務（不含住宅）,1.7097035766009696,official
1993-07,residual,Residual,差額,0.010590957748244811,official
1993-08,food,Food,食物,0.11183448883019698,official
1993-08,energy_goods,Energy goods,能源商品,-0.1227791664701536,official
1993-08,energy_services,Energy services,能源服務,0.0908894967693251,official
1993-08,core_goods,Core goods,核心商品,0.172097973557201,official
1993-08,housing,Housing,住宅,0.4046433680768445,official
1993-08,other_core_services,Core services excluding housing,核心服務（不含住宅）,1.7799798770614221,official
1993-08,residual,Residual,差額,0.017389205929979834,official
1993-09,food,Food,食物,0.09168458556338581,official
1993-09,energy_goods,Energy goods,能源商品,-0.14328112002260135,official
1993-09,energy_services,Energy services,能源服務,0.08100246417528605,official
1993-09,core_goods,Core goods,核心商品,0.14088600442609825,official
1993-09,housing,Housing,住宅,0.4344239009307363,official
1993-09,other_core_services,Core services excluding housing,核心服務（不含住宅）,1.7807494545854063,official
1993-09,residual,Residual,差額,0.008080768446000697,official
1993-10,food,Food,食物,0.15234336388376238,official
1993-10,energy_goods,Energy goods,能源商品,-0.04002815227251401,official
1993-10,energy_services,Energy services,能源服務,0.07075260408520755,official
1993-10,core_goods,Core goods,核心商品,0.15107056836310168,official
1993-10,housing,Housing,住宅,0.4136810660327192,official
1993-10,other_core_services,Core services excluding housing,核心服務（不含住宅）,1.5967859488879852,official
1993-10,residual,Residual,差額,0.009237386217884058,official
1993-11,food,Food,食物,0.20241524100899105,official
1993-11,energy_goods,Energy goods,能源商品,-0.09079077172827175,official
1993-11,energy_services,Energy services,能源服務,0.030457199050949048,official
1993-11,core_goods,Core goods,核心商品,0.1825938124375624,official
1993-11,housing,Housing,住宅,0.39361154470529475,official
1993-11,other_core_services,Core services excluding housing,核心服務（不含住宅）,1.6261705482017983,official
1993-11,residual,Residual,差額,0.0016338349150872844,official
1993-12,food,Food,食物,0.2224954811767639,official
1993-12,energy_goods,Energy goods,能源商品,-0.14148186237845922,official
1993-12,energy_services,Energy services,能源服務,0.04062079281974569,official
1993-12,core_goods,Core goods,核心商品,0.1516249065071054,official
1993-12,housing,Housing,住宅,0.39386141236599354,official
1993-12,other_core_services,Core services excluding housing,核心服務（不含住宅）,1.5239754736973323,official
1993-12,residual,Residual,差額,-0.00024604213414525233,official
1994-01,food,Food,食物,0.2119801964807561,official
1994-01,energy_goods,Energy goods,能源商品,-0.17172169371385937,official
1994-01,energy_services,Energy services,能源服務,0.04030373686501275,official
1994-01,core_goods,Core goods,核心商品,0.12089286824597396,official
1994-01,housing,Housing,住宅,0.3838047938817385,official
1994-01,other_core_services,Core services excluding housing,核心服務（不含住宅）,1.381712211652055,official
1994-01,residual,Residual,差額,0.0102709382577868,official
1994-02,food,Food,食物,0.16134147666423507,official
1994-02,energy_goods,Energy goods,能源商品,-0.1205513045367769,official
1994-02,energy_services,Energy services,能源服務,0.10054757950612302,official
1994-02,core_goods,Core goods,核心商品,0.08057365472070024,official
1994-02,housing,Housing,住宅,0.3941990408046066,official
1994-02,other_core_services,Core services excluding housing,核心服務（不含住宅）,1.4323206940973785,official
1994-02,residual,Residual,差額,0.011200391128220577,official
1994-03,food,Food,食物,0.15082650516565727,official
1994-03,energy_goods,Energy goods,能源商品,-0.12071591208314615,official
1994-03,energy_services,Energy services,能源服務,0.08079397778844813,official
1994-03,core_goods,Core goods,核心商品,0.16168414367807182,official
1994-03,housing,Housing,住宅,0.4044003345673084,official
1994-03,other_core_services,Core services excluding housing,核心服務（不含住宅）,1.442865971716671,official
1994-03,residual,Residual,差額,0.011462647728484043,official
1994-04,food,Food,食物,0.150850879767661,official
1994-04,energy_goods,Energy goods,能源商品,-0.12060772712526839,official
1994-04,energy_services,Energy services,能源服務,0.05023388379960762,official
1994-04,core_goods,Core goods,核心商品,0.1419453756198538,official
1994-04,housing,Housing,住宅,0.39399008233822,official
1994-04,other_core_services,Core services excluding housing,核心服務（不含住宅）,1.3607327020221525,official
1994-04,residual,Residual,差額,0.003297545301460314,official
1994-05,food,Food,食物,0.10093511773674402,official
1994-05,energy_goods,Energy goods,能源商品,-0.121420849183004,official
1994-05,energy_services,Energy services,能源服務,0.040109959496712,official
1994-05,core_goods,Core goods,核心商品,0.2326130010934347,official
1994-05,housing,Housing,住宅,0.39356629140806676,official
1994-05,other_core_services,Core services excluding housing,核心服務（不含住宅）,1.1585395715583755,official
1994-05,residual,Residual,差額,0.009834598740242395,official
1994-06,food,Food,食物,0.1616060349472712,official
1994-06,energy_goods,Energy goods,能源商品,-0.06103733353860364,official
1994-06,energy_services,Energy services,能源服務,0.030099761373258413,official
1994-06,core_goods,Core goods,核心商品,0.29342067585251325,official
1994-06,housing,Housing,住宅,0.3937957047186514,official
1994-06,other_core_services,Core services excluding housing,核心服務（不含住宅）,1.2001285505349857,official
1994-06,residual,Residual,差額,0.00954414594720232,official
1994-07,food,Food,食物,0.21227993052460079,official
1994-07,energy_goods,Energy goods,能源商品,0.05070628199019353,official
1994-07,energy_services,Energy services,能源服務,0.020067630919626805,official
1994-07,core_goods,Core goods,核心商品,0.2935589234387248,official
1994-07,housing,Housing,住宅,0.40375751241181085,official
1994-07,other_core_services,Core services excluding housing,核心服務（不含住宅）,1.1904528197482285,official
1994-07,residual,Residual,差額,0.014885257996573475,official
1994-08,food,Food,食物,0.21235476446217585,official
1994-08,energy_goods,Energy goods,能源商品,0.17281571275126592,official
1994-08,energy_services,Energy services,能源服務,0.030234617155132724,official
1994-08,core_goods,Core goods,核心商品,0.2427076875863127,official
1994-08,housing,Housing,住宅,0.41370738069663954,official
1994-08,other_core_services,Core services excluding housing,核心服務（不含住宅）,1.1602218812336964,official
1994-08,residual,Residual,差額,0.014390363664269046,official
1994-09,food,Food,食物,0.2223474048867225,official
1994-09,energy_goods,Energy goods,能源商品,0.19239032465740827,official
1994-09,energy_services,Energy services,能源服務,0.009999540145314078,official
1994-09,core_goods,Core goods,核心商品,0.29262699653576135,official
1994-09,housing,Housing,住宅,0.41372497624084126,official
1994-09,other_core_services,Core services excluding housing,核心服務（不含住宅）,1.1010947607222785,official
1994-09,residual,Residual,差額,0.02110395781599861,official
1994-10,food,Food,食物,0.15142093119202973,official
1994-10,energy_goods,Energy goods,能源商品,0.052001589169200696,official
1994-10,energy_services,Energy services,能源服務,0.009968216615986429,official
1994-10,core_goods,Core goods,核心商品,0.2618043182616934,official
1994-10,housing,Housing,住宅,0.4232961508488303,official
1994-10,other_core_services,Core services excluding housing,核心服務（不含住宅）,1.1909576272481397,official
1994-10,residual,Residual,差額,0.016200357563070256,official
1994-11,food,Food,食物,0.14136364329617035,official
1994-11,energy_goods,Energy goods,能源商品,0.11221010569341286,official
1994-11,energy_services,Energy services,能源服務,0.01993045281925359,official
1994-11,core_goods,Core goods,核心商品,0.20184300028977994,official
1994-11,housing,Housing,住宅,0.43331737001845444,official
1994-11,other_core_services,Core services excluding housing,核心服務（不含住宅）,1.1808258727713639,official
1994-11,residual,Residual,差額,0.016752024646534025,official
1994-12,food,Food,食物,0.1621690402854442,official
1994-12,energy_goods,Energy goods,能源商品,0.1521752920008539,official
1994-12,energy_services,Energy services,能源服務,-0.00028010734652800934,official
1994-12,core_goods,Core goods,核心商品,0.1807485285596658,official
1994-12,housing,Housing,住宅,0.4340605653990425,official
1994-12,other_core_services,Core services excluding housing,核心服務（不含住宅）,1.2013935226129122,official
1994-12,residual,Residual,差額,0.01818852733983034,official
1995-01,food,Food,食物,0.15190323760746297,official
1995-01,energy_goods,Energy goods,能源商品,0.16169136028290956,official
1995-01,energy_services,Energy services,能源服務,0.019928053167489787,official
1995-01,core_goods,Core goods,核心商品,0.2619497286750808,official
1995-01,housing,Housing,住宅,0.44498551917566004,official
1995-01,other_core_services,Core services excluding housing,核心服務（不含住宅）,1.2633330284738735,official
1995-01,residual,Residual,差額,0.017713858911038827,official
1995-02,food,Food,食物,0.21233986252205123,official
1995-02,energy_goods,Energy goods,能源商品,0.1012246791167346,official
1995-02,energy_services,Energy services,能源服務,-7.178052192955905e-05,official
1995-02,core_goods,Core goods,核心商品,0.24069560192225806,official
1995-02,housing,Housing,住宅,0.4349064724131638,official
1995-02,other_core_services,Core services excluding housing,核心服務（不含住宅）,1.2534468337490114,official
1995-02,residual,Residual,差額,0.02341124764279323,official
1995-03,food,Food,食物,0.2217295297025949,official
1995-03,energy_goods,Energy goods,能源商品,0.10049486631178246,official
1995-03,energy_services,Energy services,能源服務,-0.02001668259095804,official
1995-03,core_goods,Core goods,核心商品,0.20082260339414898,official
1995-03,housing,Housing,住宅,0.42464397834296375,official
1995-03,other_core_services,Core services excluding housing,核心服務（不含住宅）,1.2232520436173924,official
1995-03,residual,Residual,差額,0.022360283300727257,official
1995-04,food,Food,食物,0.272927970915701,official
1995-04,energy_goods,Energy goods,能源商品,0.11036431114140725,official
1995-04,energy_services,Energy services,能源服務,-1.6662879648569884e-05,official
1995-04,core_goods,Core goods,核心商品,0.19103128076952208,official
1995-04,housing,Housing,住宅,0.4349987124138453,official
1995-04,other_core_services,Core services excluding housing,核心服務（不含住宅）,1.2845577520260547,official
1995-04,residual,Residual,差額,0.026821328485950424,official
1995-05,food,Food,食物,0.24234348293022343,official
1995-05,energy_goods,Energy goods,能源商品,0.19055134546444616,official
1995-05,energy_services,Energy services,能源服務,-0.010233849132519558,official
1995-05,core_goods,Core goods,核心商品,0.1004211099514453,official
1995-05,housing,Housing,住宅,0.44551118573308524,official
1995-05,other_core_services,Core services excluding housing,核心服務（不含住宅）,1.3456178245677723,official
1995-05,residual,Residual,差額,0.015204580175752547,official
1995-06,food,Food,食物,0.2018519133268952,official
1995-06,energy_goods,Energy goods,能源商品,0.18034509295026557,official
1995-06,energy_services,Energy services,能源服務,-9.053597296061755e-07,official
1995-06,core_goods,Core goods,核心商品,0.009466290439401266,official
1995-06,housing,Housing,住宅,0.4653097839208111,official
1995-06,other_core_services,Core services excluding housing,核心服務（不含住宅）,1.304072609850314,official
1995-06,residual,Residual,差額,0.019363230323494296,official
1995-07,food,Food,食物,0.16156044584166906,official
1995-07,energy_goods,Energy goods,能源商品,0.069689234518133,official
1995-07,energy_services,Energy services,能源服務,-9.025135001040907e-07,official
1995-07,core_goods,Core goods,核心商品,0.01008859674192626,official
1995-07,housing,Housing,住宅,0.4746849475790076,official
1995-07,other_core_services,Core services excluding housing,核心服務（不含住宅）,1.2616201621515923,official
1995-07,residual,Residual,差額,0.009391405063122527,official
1995-08,food,Food,食物,0.15141069123870698,official
1995-08,energy_goods,Energy goods,能源商品,-0.0707440645916499,official
1995-08,energy_services,Energy services,能源服務,0.020547918480055227,official
1995-08,core_goods,Core goods,核心商品,0.08089593901011494,official
1995-08,housing,Housing,住宅,0.48436503886904586,official
1995-08,other_core_services,Core services excluding housing,核心服務（不含住宅）,1.2908351592280218,official
1995-08,residual,Residual,差額,0.01465558123479882,official
1995-09,food,Food,食物,0.1616255921328776,official
1995-09,energy_goods,Energy goods,能源商品,-0.09123433471247826,official
1995-09,energy_services,Energy services,能源服務,-0.010229507705222763,official
1995-09,core_goods,Core goods,核心商品,0.06063140852671342,official
1995-09,housing,Housing,住宅,0.504593452059723,official
1995-09,other_core_services,Core services excluding housing,核心服務（不含住宅）,1.2911760208670624,official
1995-09,residual,Residual,差額,0.01274120045572058,official
1995-10,food,Food,食物,0.20166983433351793,official
1995-10,energy_goods,Energy goods,能源商品,-0.08109696053635833,official
1995-10,energy_services,Energy services,能源服務,0.020314871073464927,official
1995-10,core_goods,Core goods,核心商品,0.08088026219302315,official
1995-10,housing,Housing,住宅,0.5146862513281752,official
1995-10,other_core_services,Core services excluding housing,核心服務（不含住宅）,1.2717228116909356,official
1995-10,residual,Residual,差額,0.01214588228253577,official
1995-11,food,Food,食物,0.18112355858278067,official
1995-11,energy_goods,Energy goods,能源商品,-0.15181857561092194,official
1995-11,energy_services,Energy services,能源服務,0.02027633387106411,official
1995-11,core_goods,Core goods,核心商品,0.030216735376710283,official
1995-11,housing,Housing,住宅,0.5246991695046903,official
1995-11,other_core_services,Core services excluding housing,核心服務（不含住宅）,1.2000480970305312,official
1995-11,residual,Residual,差額,0.0192582302682629,official
1995-12,food,Food,食物,0.16138466361152992,official
1995-12,energy_goods,Energy goods,能源商品,-0.10084190413637653,official
1995-12,energy_services,Energy services,能源服務,0.04043274469704885,official
1995-12,core_goods,Core goods,核心商品,0.09034109059425892,official
1995-12,housing,Housing,住宅,0.535267274708543,official
1995-12,other_core_services,Core services excluding housing,核心服務（不含住宅）,1.2203585556268752,official
1995-12,residual,Residual,差額,0.007051394963501156,official
1996-01,food,Food,食物,0.19138692329465046,official
1996-01,energy_goods,Energy goods,能源商品,0.010894572973617171,official
1996-01,energy_services,Energy services,能源服務,0.04054583103669165,official
1996-01,core_goods,Core goods,核心商品,0.06080384941975659,official
1996-01,housing,Housing,住宅,0.5148083483546114,official
1996-01,other_core_services,Core services excluding housing,核心服務（不含住宅）,1.1488079312348236,official
1996-01,residual,Residual,差額,0.006622968403176888,official
1996-02,food,Food,食物,0.18165705023347117,official
1996-02,energy_goods,Energy goods,能源商品,0.020857597477916885,official
1996-02,energy_services,Energy services,能源服務,0.05065342176486334,official
1996-02,core_goods,Core goods,核心商品,0.10082250245367756,official
1996-02,housing,Housing,住宅,0.5045061416292419,official
1996-02,other_core_services,Core services excluding housing,核心服務（不含住宅）,1.0984397584986467,official
1996-02,residual,Residual,差額,-0.0029169021205577295,official
1996-03,food,Food,食物,0.2220292415021523,official
1996-03,energy_goods,Energy goods,能源商品,0.11201885112067685,official
1996-03,energy_services,Energy services,能源服務,0.04038355351046458,official
1996-03,core_goods,Core goods,核心商品,0.1215753302656969,official
1996-03,housing,Housing,住宅,0.5043577259907971,official
1996-03,other_core_services,Core services excluding housing,核心服務（不含住宅）,1.0686186729998515,official
1996-03,residual,Residual,差額,0.0046398990648444105,official
1996-04,food,Food,食物,0.18217270937273308,official
1996-04,energy_goods,Energy goods,能源商品,0.24407331191614728,official
1996-04,energy_services,Energy services,能源服務,0.06063896250018504,official
1996-04,core_goods,Core goods,核心商品,0.040225472633869774,official
1996-04,housing,Housing,住宅,0.4936827690348943,official
1996-04,other_core_services,Core services excluding housing,核心服務（不含住宅）,1.0888683435237687,official
1996-04,residual,Residual,差額,0.0014610567456814216,official
1996-05,food,Food,食物,0.19187728193227005,official
1996-05,energy_goods,Energy goods,能源商品,0.24411967302774534,official
1996-05,energy_services,Energy services,能源服務,0.08072578380216107,official
1996-05,core_goods,Core goods,核心商品,0.009155814400378432,official
1996-05,housing,Housing,住宅,0.4837823535498367,official
1996-05,other_core_services,Core services excluding housing,核心服務（不含住宅）,1.1205209087818362,official
1996-05,residual,Residual,差額,-0.00013200100515087243,official
1996-06,food,Food,食物,0.24270552446209961,official
1996-06,energy_goods,Energy goods,能源商品,0.13186098025606569,official
1996-06,energy_services,Energy services,能源服務,0.05025074944253289,official
1996-06,core_goods,Core goods,核心商品,-0.012110400637949081,official
1996-06,housing,Housing,住宅,0.47395897632795314,official
1996-06,other_core_services,Core services excluding housing,核心服務（不含住宅）,1.1515275337064548,official
1996-06,residual,Residual,差額,-0.009160772036571618,official
1996-07,food,Food,食物,0.2629841302616442,official
1996-07,energy_goods,Energy goods,能源商品,0.14148048730125953,official
1996-07,energy_services,Energy services,能源服務,0.07056797734580099,official
1996-07,core_goods,Core goods,核心商品,-0.042057608920090805,official
1996-07,housing,Housing,住宅,0.474175393056252,official
1996-07,other_core_services,Core services excluding housing,核心服務（不含住宅）,1.2126431373705788,official
1996-07,residual,Residual,差額,-0.003336774726434566,official
1996-08,food,Food,食物,0.28300965444163184,official
1996-08,energy_goods,Energy goods,能源商品,0.15073261906163538,official
1996-08,energy_services,Energy services,能源服務,0.05067051274504031,official
1996-08,core_goods,Core goods,核心商品,-0.14280832401248011,official
1996-08,housing,Housing,住宅,0.4740012951080238,official
1996-08,other_core_services,Core services excluding housing,核心服務（不含住宅）,1.1919812209336553,official
1996-08,residual,Residual,差額,-0.013414964384525607,official
1996-09,food,Food,食物,0.2832125891609677,official
1996-09,energy_goods,Energy goods,能源商品,0.18060769174203986,official
1996-09,energy_services,Energy services,能源服務,0.0906078388116773,official
1996-09,core_goods,Core goods,核心商品,-0.07156232075887929,official
1996-09,housing,Housing,住宅,0.464278402823737,official
1996-09,other_core_services,Core services excluding housing,核心服務（不含住宅）,1.2744897418927863,official
1996-09,residual,Residual,差額,-0.009706596073254747,official
1996-10,food,Food,食物,0.3033122588784087,official
1996-10,energy_goods,Energy goods,能源商品,0.2413102345572164,official
1996-10,energy_services,Energy services,能源服務,0.06045136494990537,official
1996-10,core_goods,Core goods,核心商品,-0.10152073462322686,official
1996-10,housing,Housing,住宅,0.4437932551964911,official
1996-10,other_core_services,Core services excluding housing,核心服務（不含住宅）,1.315067257338164,official
1996-10,residual,Residual,差額,-0.006322336477396107,official
1996-11,food,Food,食物,0.32354736023705793,official
1996-11,energy_goods,Energy goods,能源商品,0.33222241781454914,official
1996-11,energy_services,Energy services,能源服務,0.07067904766096025,official
1996-11,core_goods,Core goods,核心商品,-0.08174874209684752,official
1996-11,housing,Housing,住宅,0.42448253605011077,official
1996-11,other_core_services,Core services excluding housing,核心服務（不含住宅）,1.387364051108275,official
1996-11,residual,Residual,差額,-0.015554430899665572,official
1996-12,food,Food,食物,0.30296515373352856,official
1996-12,energy_goods,Energy goods,能源商品,0.34302781844802344,official
1996-12,energy_services,Energy services,能源服務,0.08101156661786238,official
1996-12,core_goods,Core goods,核心商品,-0.14269502196193262,official
1996-12,housing,Housing,住宅,0.40443762811127376,official
1996-12,other_core_services,Core services excluding housing,核心服務（不含住宅）,1.3759404099560761,official
1996-12,residual,Residual,差額,-0.0015836017569381688,official
1997-01,food,Food,食物,0.27212323964237717,official
1997-01,energy_goods,Energy goods,能源商品,0.26267954186875475,official
1997-01,energy_services,Energy services,能源服務,0.1117082042891369,official
1997-01,core_goods,Core goods,核心商品,-0.15188438613919242,official
1997-01,housing,Housing,住宅,0.40424691754806286,official
1997-01,other_core_services,Core services excluding housing,核心服務（不含住宅）,1.3738282300005844,official
1997-01,residual,Residual,差額,-0.0039586863787879345,official
1997-02,food,Food,食物,0.27237412485414236,official
1997-02,energy_goods,Energy goods,能源商品,0.26226575262543755,official
1997-02,energy_services,Energy services,能源服務,0.10154798716452741,official
1997-02,core_goods,Core goods,核心商品,-0.1514186114352392,official
1997-02,housing,Housing,住宅,0.41450043757292876,official
1997-02,other_core_services,Core services excluding housing,核心服務（不含住宅）,1.4245300466744457,official
1997-02,residual,Residual,差額,-0.0032046382730555045,official
1997-03,food,Food,食物,0.21127212180260882,official
1997-03,energy_goods,Energy goods,能源商品,0.13047944508267045,official
1997-03,energy_services,Energy services,能源服務,0.0908096906946646,official
1997-03,core_goods,Core goods,核心商品,-0.18040978957930404,official
1997-03,housing,Housing,住宅,0.4039769075283203,official
1997-03,other_core_services,Core services excluding housing,核心服務（不含住宅）,1.4737932438524293,official
1997-03,residual,Residual,差額,-0.009718615033380118,official
1997-04,food,Food,食物,0.19091224102184912,official
1997-04,energy_goods,Energy goods,能源商品,-0.07079262899975353,official
1997-04,energy_services,Energy services,能源服務,0.06041668478970033,official
1997-04,core_goods,Core goods,核心商品,-0.12005016455714554,official
1997-04,housing,Housing,住宅,0.41358604091456075,official
1997-04,other_core_services,Core services excluding housing,核心服務（不含住宅）,1.4521992663795977,official
1997-04,residual,Residual,差額,-0.011029243327108418,official
1997-05,food,Food,食物,0.20075739593585365,official
1997-05,energy_goods,Energy goods,能源商品,-0.19237596248480288,official
1997-05,energy_services,Energy services,能源服務,0.029981908180397178,official
1997-05,core_goods,Core goods,核心商品,-0.09027745614542927,official
1997-05,housing,Housing,住宅,0.413638482023968,official
1997-05,other_core_services,Core services excluding housing,核心服務（不含住宅）,1.3306695420598622,official
1997-05,residual,Residual,差額,0.0010004052567529342,official
1997-06,food,Food,食物,0.16092906456702033,official
1997-06,energy_goods,Energy goods,能源商品,-0.12288575936084296,official
1997-06,energy_services,Energy services,能源服務,0.07032160483999365,official
1997-06,core_goods,Core goods,核心商品,-0.11163378732396405,official
1997-06,housing,Housing,住宅,0.42432198115528796,official
1997-06,other_core_services,Core services excluding housing,核心服務（不含住宅）,1.3933991402642893,official
1997-06,residual,Residual,差額,0.010676933319841986,official
1997-07,food,Food,食物,0.14081401562748241,official
1997-07,energy_goods,Energy goods,能源商品,-0.12280875832286207,official
1997-07,energy_services,Energy services,能源服務,0.05021549171685662,official
1997-07,core_goods,Core goods,核心商品,-0.152042549503878,official
1997-07,housing,Housing,住宅,0.4241557259846614,official
1997-07,other_core_services,Core services excluding housing,核心服務（不含住宅）,1.3217012579978915,official
1997-07,residual,Residual,差額,0.009036642257767458,official
1997-08,food,Food,食物,0.13102333232327606,official
1997-08,energy_goods,Energy goods,能源商品,0.009020821609454142,official
1997-08,energy_services,Energy services,能源服務,0.03001976826400014,official
1997-08,core_goods,Core goods,核心商品,-0.20351961675540742,official
1997-08,housing,Housing,住宅,0.424419577796055,official
1997-08,other_core_services,Core services excluding housing,核心服務（不含住宅）,1.2508431092449102,official
1997-08,residual,Residual,差額,0.013244015410605714,official
1997-09,food,Food,食物,0.11071022604641795,official
1997-09,energy_goods,Energy goods,能源商品,0.04954272723348539,official
1997-09,energy_services,Energy services,能源服務,0.050208779982445814,official
1997-09,core_goods,Core goods,核心商品,-0.2526396063252709,official
1997-09,housing,Housing,住宅,0.4237177513345516,official
1997-09,other_core_services,Core services excluding housing,核心服務（不含住宅）,1.2298474798198535,official
1997-09,residual,Residual,差額,0.0015854904387306856,official
1997-10,food,Food,食物,0.08062789596752212,official
1997-10,energy_goods,Energy goods,能源商品,-0.020556456124747147,official
1997-10,energy_services,Energy services,能源服務,0.05005752485331882,official
1997-10,core_goods,Core goods,核心商品,-0.24190864881148774,official
1997-10,housing,Housing,住宅,0.42292372577429027,official
1997-10,other_core_services,Core services excluding housing,核心服務（不含住宅）,1.1479916510063264,official
1997-10,residual,Residual,差額,-0.000297092197571569,official
1997-11,food,Food,食物,0.08062835622127075,official
1997-11,energy_goods,Energy goods,能源商品,-0.11107828676986527,official
1997-11,energy_services,Energy services,能源服務,0.06023813956152538,official
1997-11,core_goods,Core goods,核心商品,-0.29225208712213424,official
1997-11,housing,Housing,住宅,0.44285538355791676,official
1997-11,other_core_services,Core services excluding housing,核心服務（不含住宅）,1.0765083842882306,official
1997-11,residual,Residual,差額,0.007545286612349766,official
1997-12,food,Food,食物,0.08053494292988529,official
1997-12,energy_goods,Energy goods,能源商品,-0.19110950596447063,official
1997-12,energy_services,Energy services,能源服務,-0.010382040792974204,official
1997-12,core_goods,Core goods,核心商品,-0.2824302714763853,official
1997-12,housing,Housing,住宅,0.44272120033183626,official
1997-12,other_core_services,Core services excluding housing,核心服務（不含住宅）,1.086007380496038,official
1997-12,residual,Residual,差額,0.00032697313842100506,official
1998-01,food,Food,食物,0.12071552031997715,official
1998-01,energy_goods,Energy goods,能源商品,-0.30184229697878723,official
1998-01,energy_services,Energy services,能源服務,-0.07051539175773157,official
1998-01,core_goods,Core goods,核心商品,-0.30203714020427114,official
1998-01,housing,Housing,住宅,0.45258238697235914,official
1998-01,other_core_services,Core services excluding housing,核心服務（不含住宅）,1.1456418827226629,official
1998-01,residual,Residual,差額,-0.0003338332976139391,official
1998-02,food,Food,食物,0.07035993784835569,official
1998-02,energy_goods,Energy goods,能源商品,-0.3818812276375248,official
1998-02,energy_services,Energy services,能源服務,-0.10061880799988593,official
1998-02,core_goods,Core goods,核心商品,-0.34163789539707207,official
1998-02,housing,Housing,住宅,0.44197388490541833,official
1998-02,other_core_services,Core services excluding housing,核心服務（不含住宅）,1.094195235990934,official
1998-02,residual,Residual,差額,-0.001219084546189464,official
1998-03,food,Food,食物,0.10033221787112852,official
1998-03,energy_goods,Energy goods,能源商品,-0.4121495194019224,official
1998-03,energy_services,Energy services,能源服務,-0.08053385546457811,official
1998-03,core_goods,Core goods,核心商品,-0.4317292986828053,official
1998-03,housing,Housing,住宅,0.46187725169099325,official
1998-03,other_core_services,Core services excluding housing,核心服務（不含住宅）,1.0540207903168388,official
1998-03,residual,Residual,差額,-0.001180348878613069,official
1998-04,food,Food,食物,0.10030272854013145,official
1998-04,energy_goods,Energy goods,能源商品,-0.3921095683842149,official
1998-04,energy_services,Energy services,能源服務,-0.07046462002446864,official
1998-04,core_goods,Core goods,核心商品,-0.38100961675249667,official
1998-04,housing,Housing,住宅,0.46169986058554074,official
1998-04,other_core_services,Core services excluding housing,核心服務（不含住宅）,0.9935280393774718,official
1998-04,residual,Residual,差額,0.00504182433778666,official
1998-05,food,Food,食物,0.10042014175514502,official
1998-05,energy_goods,Energy goods,能源商品,-0.25193746263983374,official
1998-05,energy_services,Energy services,能源服務,-0.05048760354103212,official
1998-05,core_goods,Core goods,核心商品,-0.41155546383535907,official
1998-05,housing,Housing,住宅,0.4621970624235006,official
1998-05,other_core_services,Core services excluding housing,核心服務（不含住宅）,1.0547251715009536,official
1998-05,residual,Residual,差額,-0.002448122740616121,official
1998-06,food,Food,食物,0.10038165226290652,official
1998-06,energy_goods,Energy goods,能源商品,-0.19142199226745507,official
1998-06,energy_services,Energy services,能源服務,-0.08047461337275413,official
1998-06,core_goods,Core goods,核心商品,-0.4218259608824198,official
1998-06,housing,Housing,住宅,0.472042870138731,official
1998-06,other_core_services,Core services excluding housing,核心服務（不含住宅）,0.8129630998408006,official
1998-06,residual,Residual,差額,-0.005117409597460543,official
1998-07,food,Food,食物,0.10039037417961758,official
1998-07,energy_goods,Energy goods,能源商品,-0.18131374833082364,official
1998-07,energy_services,Energy services,能源服務,-0.09048924624257747,official
1998-07,core_goods,Core goods,核心商品,-0.33128491064579363,official
1998-07,housing,Housing,住宅,0.47203568485950503,official
1998-07,other_core_services,Core services excluding housing,核心服務（不含住宅）,0.9135162087677926,official
1998-07,residual,Residual,差額,-0.007779782367805965,official
1998-08,food,Food,食物,0.10048545067423703,official
1998-08,energy_goods,Energy goods,能源商品,-0.34147963094393186,official
1998-08,energy_services,Energy services,能源服務,-0.09050475514549323,official
1998-08,core_goods,Core goods,核心商品,-0.21094208658623134,official
1998-08,housing,Housing,住宅,0.47201022001419446,official
1998-08,other_core_services,Core services excluding housing,核心服務（不含住宅）,1.01375982966643,official
1998-08,residual,Residual,差額,-0.009333286018451514,official
1998-09,food,Food,食物,0.09017445482866042,official
1998-09,energy_goods,Energy goods,能源商品,-0.4006995185499858,official
1998-09,energy_services,Energy services,能源服務,-0.1303769470404984,official
1998-09,core_goods,Core goods,核心商品,-0.2808248371566128,official
1998-09,housing,Housing,住宅,0.4812225998300764,official
1998-09,other_core_services,Core services excluding housing,核心服務（不含住宅）,0.8717496459926366,official
1998-09,residual,Residual,差額,0.001719767771160119,official
1998-10,food,Food,食物,0.12027095825319604,official
1998-10,energy_goods,Energy goods,能源商品,-0.37009079081344043,official
1998-10,energy_services,Energy services,能源服務,-0.14025752347550624,official
1998-10,core_goods,Core goods,核心商品,-0.31061008032582865,official
1998-10,housing,Housing,住宅,0.5008865539088132,official
1998-10,other_core_services,Core services excluding housing,核心服務（不含住宅）,0.9214986140966172,official
1998-10,residual,Residual,差額,0.0009518893539883777,official
1998-11,food,Food,食物,0.12033641608688274,official
1998-11,energy_goods,Energy goods,能源商品,-0.35028777080151596,official
1998-11,energy_services,Energy services,能源服務,-0.15017676339159455,official
1998-11,core_goods,Core goods,核心商品,-0.29088268567226655,official
1998-11,housing,Housing,住宅,0.48107613552802764,official
1998-11,other_core_services,Core services excluding housing,核心服務（不含住宅）,0.9216632728095482,official
1998-11,residual,Residual,差額,-0.01053396685331276,official
1998-12,food,Food,食物,0.12036194679000296,official
1998-12,energy_goods,Energy goods,能源商品,-0.3807291268864656,official
1998-12,energy_services,Energy services,能源服務,-0.10019801700117395,official
1998-12,core_goods,Core goods,核心商品,-0.1904903749593358,official
1998-12,housing,Housing,住宅,0.4813946054511252,official
1998-12,other_core_services,Core services excluding housing,核心服務（不含住宅）,0.9222916224664433,official
1998-12,residual,Residual,差額,-0.008229586568773595,official
1999-01,food,Food,食物,0.12055558697127346,official
1999-01,energy_goods,Energy goods,能源商品,-0.30074912350147026,official
1999-01,energy_services,Energy services,能源服務,-0.0801583352182764,official
1999-01,core_goods,Core goods,核心商品,-0.12991941868355572,official
1999-01,housing,Housing,住宅,0.47141455553042294,official
1999-01,other_core_services,Core services excluding housing,核心服務（不含住宅）,0.8622025559828093,official
1999-01,residual,Residual,差額,-0.007471584483158877,official
1999-02,food,Food,食物,0.1406291460982475,official
1999-02,energy_goods,Energy goods,能源商品,-0.2612601309778073,official
1999-02,energy_services,Energy services,能源服務,-0.040085715498097564,official
1999-02,core_goods,Core goods,核心商品,-0.18076266991046547,official
1999-02,housing,Housing,住宅,0.46184330754324676,official
1999-02,other_core_services,Core services excluding housing,核心服務（不含住宅）,0.8230073975586643,official
1999-02,residual,Residual,差額,-0.011250654181812259,official
1999-03,food,Food,食物,0.12051718285956725,official
1999-03,energy_goods,Energy goods,能源商品,-0.11068363739216519,official
1999-03,energy_services,Energy services,能源服務,-0.04007947956441804,official
1999-03,core_goods,Core goods,核心商品,-0.2116618582944421,official
1999-03,housing,Housing,住宅,0.4420541648988828,official
1999-03,other_core_services,Core services excluding housing,核心服務（不含住宅）,0.7937228114835243,official
1999-03,residual,Residual,差額,-0.0010817423277924565,official
1999-04,food,Food,食物,0.1305532642165033,official
1999-04,energy_goods,Energy goods,能源商品,0.18147320545778128,official
1999-04,energy_services,Energy services,能源服務,-0.04002966185485465,official
1999-04,core_goods,Core goods,核心商品,-0.14029591231390712,official
1999-04,housing,Housing,住宅,0.43181459928246557,official
1999-04,other_core_services,Core services excluding housing,核心服務（不含住宅）,0.7934303228904771,official
1999-04,residual,Residual,差額,-0.002387779315802252,official
1999-05,food,Food,食物,0.13050990902038226,official
1999-05,energy_goods,Energy goods,能源商品,0.11091487410959872,official
1999-05,energy_services,Energy services,能源服務,-0.03997489244657592,official
1999-05,core_goods,Core goods,核心商品,-0.1306587206432047,official
1999-05,housing,Housing,住宅,0.42164327526623885,official
1999-05,other_core_services,Core services excluding housing,核心服務（不含住宅）,0.7936974398758728,official
1999-05,residual,Residual,差額,-0.003954016503276758,official
1999-06,food,Food,食物,0.12061198560033881,official
1999-06,energy_goods,Energy goods,能源商品,0.07084661537375592,official
1999-06,energy_services,Energy services,能源服務,-0.04013707912754994,official
1999-06,core_goods,Core goods,核心商品,-0.05082995694218956,official
1999-06,housing,Housing,住宅,0.40236846191854314,official
1999-06,other_core_services,Core services excluding housing,核心服務（不含住宅）,0.9048478859320959,official
1999-06,residual,Residual,差額,-0.00868200748218384,official
1999-07,food,Food,食物,0.12045430221095618,official
1999-07,energy_goods,Energy goods,能源商品,0.16170623855794955,official
1999-07,energy_services,Energy services,能源服務,-0.01994789466272355,official
1999-07,core_goods,Core goods,核心商品,-0.0904665540064779,official
1999-07,housing,Housing,住宅,0.3918201661737783,official
1999-07,other_core_services,Core services excluding housing,核心服務（不含住宅）,0.854276299112801,official
1999-07,residual,Residual,差額,0.0002675679481538573,official
1999-08,food,Food,食物,0.11044369128649377,official
1999-08,energy_goods,Energy goods,能源商品,0.3329484727456826,official
1999-08,energy_services,Energy services,能源服務,0.00019364909714801766,official
1999-08,core_goods,Core goods,核心商品,-0.1609534792147156,official
1999-08,housing,Housing,住宅,0.3817187939472352,official
1999-08,other_core_services,Core services excluding housing,核心服務（不含住宅）,0.7940313326208022,official
1999-08,residual,Residual,差額,0.004181526691790616,official
1999-09,food,Food,食物,0.1408173976669903,official
1999-09,energy_goods,Energy goods,能源商品,0.4343689757552732,official
1999-09,energy_services,Energy services,能源服務,0.04050951918612017,official
1999-09,core_goods,Core goods,核心商品,-0.04009906144905506,official
1999-09,housing,Housing,住宅,0.3825243784034784,official
1999-09,other_core_services,Core services excluding housing,核心服務（不含住宅）,0.9266131959981427,official
1999-09,residual,Residual,差額,0.0008102213404310721,official
1999-10,food,Food,食物,0.11076281538267133,official
1999-10,energy_goods,Energy goods,能源商品,0.4236276202911981,official
1999-10,energy_services,Energy services,能源服務,0.05039888799966305,official
1999-10,core_goods,Core goods,核心商品,-0.030409418305884284,official
1999-10,housing,Housing,住宅,0.3622947643317468,official
1999-10,other_core_services,Core services excluding housing,核心服務（不含住宅）,0.9172395153251057,official
1999-10,residual,Residual,差額,-0.00023686168793179974,official
1999-11,food,Food,食物,0.12112444893718587,official
1999-11,energy_goods,Energy goods,能源商品,0.43324263611602504,official
1999-11,energy_services,Energy services,能源服務,0.040397186420689096,official
1999-11,core_goods,Core goods,核心商品,-0.05150745514278487,official
1999-11,housing,Housing,住宅,0.3831954623311712,official
1999-11,other_core_services,Core services excluding housing,核心服務（不含住宅）,0.9890315334288041,official
1999-11,residual,Residual,差額,0.00516314267261464,official
1999-12,food,Food,食物,0.13118390417683523,official
1999-12,energy_goods,Energy goods,能源商品,0.6049359028303739,official
1999-12,energy_services,Energy services,能源服務,0.03017461920390476,official
1999-12,core_goods,Core goods,核心商品,-0.1419401666245897,official
1999-12,housing,Housing,住宅,0.3833841061460349,official
1999-12,other_core_services,Core services excluding housing,核心服務（不含住宅）,1.0400928497293052,official
1999-12,residual,Residual,差額,0.006924878678233437,official
2000-01,food,Food,食物,0.11123336788145327,official
2000-01,energy_goods,Energy goods,能源商品,0.6750165270735875,official
2000-01,energy_services,Energy services,能源服務,0.03013235664864565,official
2000-01,core_goods,Core goods,核心商品,-0.21184851116277761,official
2000-01,housing,Housing,住宅,0.4344186111655789,official
2000-01,other_core_services,Core services excluding housing,核心服務（不含住宅）,1.1515598476147793,official
2000-01,residual,Residual,差額,-0.0013752486063998148,official
2000-02,food,Food,食物,0.13174500406401524,official
2000-02,energy_goods,Energy goods,能源商品,0.8585623195717368,official
2000-02,energy_services,Energy services,能源服務,0.04059292581070099,official
2000-02,core_goods,Core goods,核心商品,-0.16259634518904673,official
2000-02,housing,Housing,住宅,0.4555494828890944,official
2000-02,other_core_services,Core services excluding housing,核心服務（不含住宅）,1.2451032820426582,official
2000-02,residual,Residual,差額,-0.00021875613106425718,official
2000-03,food,Food,食物,0.16213605556489105,official
2000-03,energy_goods,Energy goods,能源商品,1.0336881756567524,official
2000-03,energy_services,Energy services,能源服務,0.0405622304374615,official
2000-03,core_goods,Core goods,核心商品,0.009194813196661676,official
2000-03,housing,Housing,住宅,0.4662241640060494,official
2000-03,other_core_services,Core services excluding housing,核心服務（不含住宅）,1.2259736458858455,official
2000-03,residual,Residual,差額,-0.006899120595994734,official
2000-04,food,Food,食物,0.15169628050225065,official
2000-04,energy_goods,Energy goods,能源商品,0.6362182086765055,official
2000-04,energy_services,Energy services,能源服務,0.05061081148877461,official
2000-04,core_goods,Core goods,核心商品,-0.07954164750477305,official
2000-04,housing,Housing,住宅,0.4648576445503574,official
2000-04,other_core_services,Core services excluding housing,核心服務（不含住宅）,1.129928648076146,official
2000-04,residual,Residual,差額,-0.0027797984865713943,official
2000-05,food,Food,食物,0.18251712996490446,official
2000-05,energy_goods,Energy goods,能源商品,0.614640131468999,official
2000-05,energy_services,Energy services,能源服務,0.05057768369450169,official
2000-05,core_goods,Core goods,核心商品,-0.07020096373461089,official
2000-05,housing,Housing,住宅,0.4754866024176926,official
2000-05,other_core_services,Core services excluding housing,核心服務（不含住宅）,1.1110816946131135,official
2000-05,residual,Residual,差額,0.004846526655895023,official
2000-06,food,Food,食物,0.18246122573998275,official
2000-06,energy_goods,Energy goods,能源商品,0.8598252721855597,official
2000-06,energy_services,Energy services,能源服務,0.10149416645782866,official
2000-06,core_goods,Core goods,核心商品,-0.12158508061147774,official
2000-06,housing,Housing,住宅,0.4965189485701557,official
2000-06,other_core_services,Core services excluding housing,核心服務（不含住宅）,1.1626206387659066,official
2000-06,residual,Residual,差額,0.002929579817913197,official
2000-07,food,Food,食物,0.21296860463501677,official
2000-07,energy_goods,Energy goods,能源商品,0.7473011927739285,official
2000-07,energy_services,Energy services,能源服務,0.12197508921504645,official
2000-07,core_goods,Core goods,核心商品,-0.1209949039810045,official
2000-07,housing,Housing,住宅,0.5062464418123499,official
2000-07,other_core_services,Core services excluding housing,核心服務（不含住宅）,1.2034468250551955,official
2000-07,residual,Residual,差額,-0.0021289417776406694,official
2000-08,food,Food,食物,0.23334479126240507,official
2000-08,energy_goods,Energy goods,能源商品,0.4826868381659922,official
2000-08,energy_services,Energy services,能源服務,0.11177177468536896,official
2000-08,core_goods,Core goods,核心商品,-0.1323554360481233,official
2000-08,housing,Housing,住宅,0.5163746742806454,official
2000-08,other_core_services,Core services excluding housing,核心服務（不含住宅）,1.2745977712479903,official
2000-08,residual,Residual,差額,-0.010953318179304894,official
2000-09,food,Food,食物,0.21258165646967836,official
2000-09,energy_goods,Energy goods,能源商品,0.5850424682696425,official
2000-09,energy_services,Energy services,能源服務,0.1322870716919635,official
2000-09,core_goods,Core goods,核心商品,-0.1304020329526151,official
2000-09,housing,Housing,住宅,0.5257251370723826,official
2000-09,other_core_services,Core services excluding housing,核心服務（不含住宅）,1.2326482246191668,official
2000-09,residual,Residual,差額,-0.009786346623941178,official
2000-10,food,Food,食物,0.2022408967447504,official
2000-10,energy_goods,Energy goods,能源商品,0.5536000772104952,official
2000-10,energy_services,Energy services,能源服務,0.1627772339340126,official
2000-10,core_goods,Core goods,核心商品,-0.17164168815232528,official
2000-10,housing,Housing,住宅,0.5460790856071365,official
2000-10,other_core_services,Core services excluding housing,核心服務（不含住宅）,1.2341361386479892,official
2000-10,residual,Residual,差額,-0.012335617477139404,official
2000-11,food,Food,食物,0.19232002644846682,official
2000-11,energy_goods,Energy goods,能源商品,0.562844174449679,official
2000-11,energy_services,Energy services,能源服務,0.1523891781689947,official
2000-11,core_goods,Core goods,核心商品,-0.07057249910460922,official
2000-11,housing,Housing,住宅,0.5366041270628427,official
2000-11,other_core_services,Core services excluding housing,核心服務（不含住宅）,1.2048167892663306,official
2000-11,residual,Residual,差額,-0.012074000606107749,official
2000-12,food,Food,食物,0.22282781083792585,official
2000-12,energy_goods,Energy goods,能源商品,0.42134999931283756,official
2000-12,energy_services,Energy services,能源服務,0.2131760647581875,official
2000-12,core_goods,Core goods,核心商品,-0.08140950757940164,official
2000-12,housing,Housing,住宅,0.5565915369074942,official
2000-12,other_core_services,Core services excluding housing,核心服務（不含住宅）,1.1639036323406127,official
2000-12,residual,Residual,差額,-0.011660184434415743,official
2001-01,food,Food,食物,0.222470909115829,official
2001-01,energy_goods,Energy goods,能源商品,0.3703422376338044,official
2001-01,energy_services,Energy services,能源服務,0.37612820547963977,official
2001-01,core_goods,Core goods,核心商品,-0.04055372048080484,official
2001-01,housing,Housing,住宅,0.5161808363372212,official
2001-01,other_core_services,Core services excluding housing,核心服務（不含住宅）,1.2564481024108771,official
2001-01,residual,Residual,差額,0.0004266663011849303,official
2001-02,food,Food,食物,0.25302400568375893,official
2001-02,energy_goods,Energy goods,能源商品,0.18866691259854357,official
2001-02,energy_services,Energy services,能源服務,0.3550090858165621,official
2001-02,core_goods,Core goods,核心商品,-0.030996297358964926,official
2001-02,housing,Housing,住宅,0.51563593884494,official
2001-02,other_core_services,Core services excluding housing,核心服務（不含住宅）,1.2457627303903485,official
2001-02,residual,Residual,差額,0.010094820401406857,official
2001-03,food,Food,食物,0.24223848717774304,official
2001-03,energy_goods,Energy goods,能源商品,-0.11262594381334606,official
2001-03,energy_services,Energy services,能源服務,0.3330727161417591,official
2001-03,core_goods,Core goods,核心商品,-0.1618243656894089,official
2001-03,housing,Housing,住宅,0.5348636147200871,official
2001-03,other_core_services,Core services excluding housing,核心服務（不含住宅）,1.262629344942521,official
2001-03,residual,Residual,差額,0.010346234950027622,official
2001-04,food,Food,食物,0.24265072708458144,official
2001-04,energy_goods,Energy goods,能源商品,0.07828250095310711,official
2001-04,energy_services,Energy services,能源服務,0.313121698164588,official
2001-04,core_goods,Core goods,核心商品,-0.181764337454387,official
2001-04,housing,Housing,住宅,0.5563796906486574,official
2001-04,other_core_services,Core services excluding housing,核心服務（不含住宅）,1.3654494580905179,official
2001-04,residual,Residual,差額,-0.0008829856761729538,official
2001-05,food,Food,食物,0.2127113801782192,official
2001-05,energy_goods,Energy goods,能源商品,0.3429814298347051,official
2001-05,energy_services,Energy services,能源服務,0.33331950207468886,official
2001-05,core_goods,Core goods,核心商品,-0.25392667165498944,official
2001-05,housing,Housing,住宅,0.5773241276103667,official
2001-05,other_core_services,Core services excluding housing,核心服務（不含住宅）,1.3559844908509626,official
2001-05,residual,Residual,差額,-0.010745119379624413,official
2001-06,food,Food,食物,0.24265666946877457,official
2001-06,energy_goods,Energy goods,能源商品,0.061494291835019046,official
2001-06,energy_services,Energy services,能源服務,0.29232922960110636,official
2001-06,core_goods,Core goods,核心商品,-0.16260853648615664,official
2001-06,housing,Housing,住宅,0.5868706782005043,official
2001-06,other_core_services,Core services excluding housing,核心服務（不含住宅）,1.3841092008569025,official
2001-06,residual,Residual,差額,-0.013116847899786954,official
2001-07,food,Food,食物,0.22257671864645184,official
2001-07,energy_goods,Energy goods,能源商品,-0.18426202680588055,official
2001-07,energy_services,Energy services,能源服務,0.24124575663722803,official
2001-07,core_goods,Core goods,核心商品,-0.10068177822258889,official
2001-07,housing,Housing,住宅,0.5965701456606122,official
2001-07,other_core_services,Core services excluding housing,核心服務（不含住宅）,1.3433704810722353,official
2001-07,residual,Residual,差額,-0.017086787757477406,official
2001-08,food,Food,食物,0.21301146968918228,official
2001-08,energy_goods,Energy goods,能源商品,-0.09531933886980284,official
2001-08,energy_services,Energy services,能源服務,0.21062948034733683,official
2001-08,core_goods,Core goods,核心商品,-0.16321489436524464,official
2001-08,housing,Housing,住宅,0.6178729677820759,official
2001-08,other_core_services,Core services excluding housing,核心服務（不含住宅）,1.3257720399275028,official
2001-08,residual,Residual,差額,-0.012287310303795262,official
2001-09,food,Food,食物,0.2120992027150784,official
2001-09,energy_goods,Energy goods,能源商品,-0.0708217960458978,official
2001-09,energy_services,Energy services,能源服務,0.12923503744006895,official
2001-09,core_goods,Core goods,核心商品,-0.2934203792490438,official
2001-09,housing,Housing,住宅,0.6162705381673221,official
2001-09,other_core_services,Core services excluding housing,核心服務（不含住宅）,0.7325581802510371,official
2001-09,residual,Residual,差額,-0.012824839734935534,official
2001-10,food,Food,食物,0.24216373246540157,official
2001-10,energy_goods,Energy goods,能源商品,-0.3138089922397214,official
2001-10,energy_services,Energy services,能源服務,0.05863004855217682,official
2001-10,core_goods,Core goods,核心商品,-0.20275066238080505,official
2001-10,housing,Housing,住宅,0.6262066090137588,official
2001-10,other_core_services,Core services excluding housing,核心服務（不含住宅）,1.1279832690005784,official
2001-10,residual,Residual,差額,-0.006542304950686972,official
2001-11,food,Food,食物,0.23183945095827124,official
2001-11,energy_goods,Energy goods,能源商品,-0.5467207918664465,official
2001-11,energy_services,Energy services,能源服務,0.06853418751762765,official
2001-11,core_goods,Core goods,核心商品,-0.23227258686221577,official
2001-11,housing,Housing,住宅,0.6462218461662437,official
2001-11,other_core_services,Core services excluding housing,核心服務（不含住宅）,1.1578955638825097,official
2001-11,residual,Residual,差額,-0.003929516365137831,official
2001-12,food,Food,食物,0.1814295101312843,official
2001-12,energy_goods,Energy goods,能源商品,-0.6270822437676845,official
2001-12,energy_services,Energy services,能源服務,0.008389186144747986,official
2001-12,core_goods,Core goods,核心商品,-0.27291198991565085,official
2001-12,housing,Housing,住宅,0.6560103793699964,official
2001-12,other_core_services,Core services excluding housing,核心服務（不含住宅）,1.1165824516232854,official
2001-12,residual,Residual,差額,-0.0003422241890282951,official
2002-01,food,Food,食物,0.20077617039449103,official
2002-01,energy_goods,Energy goods,能源商品,-0.6039461111407676,official
2002-01,energy_services,Energy services,能源服務,-0.17099543586184804,official
2002-01,core_goods,Core goods,核心商品,-0.3316252068542145,official
2002-01,housing,Housing,住宅,0.6633302193989217,official
2002-01,other_core_services,Core services excluding housing,核心服務（不含住宅）,0.9125894144023917,official
2002-01,residual,Residual,差額,-0.004191934020181032,official
2002-02,food,Food,食物,0.17064518708026863,official
2002-02,energy_goods,Energy goods,能源商品,-0.5831765003730945,official
2002-02,energy_services,Energy services,能源服務,-0.17073113207547166,official
2002-02,core_goods,Core goods,核心商品,-0.3312456028141989,official
2002-02,housing,Housing,住宅,0.6726219219699392,official
2002-02,other_core_services,Core services excluding housing,核心服務（不含住宅）,0.9220277688945743,official
2002-02,residual,Residual,差額,-0.0005765643321640201,official
2002-03,food,Food,食物,0.17069722203717275,official
2002-03,energy_goods,Energy goods,能源商品,-0.3621233761907934,official
2002-03,energy_services,Energy services,能源服務,-0.1507170741456265,official
2002-03,core_goods,Core goods,核心商品,-0.31148837519152617,official
2002-03,housing,Housing,住宅,0.6628998734261541,official
2002-03,other_core_services,Core services excluding housing,核心服務（不含住宅）,0.9326203450802746,official
2002-03,residual,Residual,差額,0.0014196256078862213,official
2002-04,food,Food,食物,0.19064492531953664,official
2002-04,energy_goods,Energy goods,能源商品,-0.25026826446061157,official
2002-04,energy_services,Energy services,能源服務,-0.140470028063362,official
2002-04,core_goods,Core goods,核心商品,-0.25038770000133,official
2002-04,housing,Housing,住宅,0.6622068974689774,official
2002-04,other_core_services,Core services excluding housing,核心服務（不含住宅）,0.9720427733517764,official
2002-04,residual,Residual,差額,0.003936717783659782,official
2002-05,food,Food,食物,0.12970949127810572,official
2002-05,energy_goods,Energy goods,能源商品,-0.44896716853485436,official
2002-05,energy_services,Energy services,能源服務,-0.1600485507727001,official
2002-05,core_goods,Core goods,核心商品,-0.20045367115473897,official
2002-05,housing,Housing,住宅,0.6309017709093321,official
2002-05,other_core_services,Core services excluding housing,核心服務（不含住宅）,1.0308720567752208,official
2002-05,residual,Residual,差額,0.006246335477859466,official
2002-06,food,Food,食物,0.08945284567917582,official
2002-06,energy_goods,Energy goods,能源商品,-0.38818347943536646,official
2002-06,energy_services,Energy services,能源服務,-0.17992875870653352,official
2002-06,core_goods,Core goods,核心商品,-0.25020988373632774,official
2002-06,housing,Housing,住宅,0.610220477237215,official
2002-06,other_core_services,Core services excluding housing,核心服務（不含住宅）,1.0503037686379408,official
2002-06,residual,Residual,差額,0.0045456712306997105,official
2002-07,food,Food,食物,0.07957280807492086,official
2002-07,energy_goods,Energy goods,能源商品,-0.0979350403348655,official
2002-07,energy_services,Energy services,能源服務,-0.15998172015948497,official
2002-07,core_goods,Core goods,核心商品,-0.340509848595234,official
2002-07,housing,Housing,住宅,0.6007938484362789,official
2002-07,other_core_services,Core services excluding housing,核心服務（不含住宅）,1.1021665584888667,official
2002-07,residual,Residual,差額,0.008056905938305103,official
2002-08,food,Food,食物,0.05957991097451116,official
2002-08,energy_goods,Energy goods,能源商品,-0.027699909914683893,official
2002-08,energy_services,Energy services,能源服務,-0.12999721795347358,official
2002-08,core_goods,Core goods,核心商品,-0.20029529436701818,official
2002-08,housing,Housing,住宅,0.5712195962058185,official
2002-08,other_core_services,Core services excluding housing,核心服務（不含住宅）,1.1238503523925603,official
2002-08,residual,Residual,差額,0.006288882412172736,official
2002-09,food,Food,食物,0.06995839259840216,official
2002-09,energy_goods,Energy goods,能源商品,-0.20812793279008865,official
2002-09,energy_services,Energy services,能源服務,-0.09030467784173232,official
2002-09,core_goods,Core goods,核心商品,-0.16126523721536148,official
2002-09,housing,Housing,住宅,0.5738749385194145,official
2002-09,other_core_services,Core services excluding housing,核心服務（不含住宅）,1.7416038124609516,official
2002-09,residual,Residual,差額,0.007077379132482742,official
2002-10,food,Food,食物,0.029660626291527575,official
2002-10,energy_goods,Energy goods,能源商品,0.15326498171991737,official
2002-10,energy_services,Energy services,能源服務,-0.03997059291050707,official
2002-10,core_goods,Core goods,核心商品,-0.25153883855242937,official
2002-10,housing,Housing,住宅,0.542543580776771,official
2002-10,other_core_services,Core services excluding housing,核心服務（不含住宅）,1.319083214115403,official
2002-10,residual,Residual,差額,0.007408467122343998,official
2002-11,food,Food,食物,0.050046526424623206,official
2002-11,energy_goods,Energy goods,能源商品,0.3833479142641269,official
2002-11,energy_services,Energy services,能源服務,-0.02981468962500497,official
2002-11,core_goods,Core goods,核心商品,-0.31263026736124916,official
2002-11,housing,Housing,住宅,0.5236014899060193,official
2002-11,other_core_services,Core services excluding housing,核心服務（不含住宅）,1.3115536644530164,official
2002-11,residual,Residual,差額,0.003880383345933769,official
2002-12,food,Food,食物,0.06010867401775408,official
2002-12,energy_goods,Energy goods,能源商品,0.4838481748338044,official
2002-12,energy_services,Energy services,能源服務,-0.00963164948316814,official
2002-12,core_goods,Core goods,核心商品,-0.3042958746334408,official
2002-12,housing,Housing,住宅,0.4946919575919218,official
2002-12,other_core_services,Core services excluding housing,核心服務（不含住宅）,1.4053226384299988,official
2002-12,residual,Residual,差額,0.003629101813900082,official
2003-01,food,Food,食物,0.04028569155917328,official
2003-01,energy_goods,Energy goods,能源商品,0.6981257042860363,official
2003-01,energy_services,Energy services,能源服務,0.010359003592687351,official
2003-01,core_goods,Core goods,核心商品,-0.376090201641235,official
2003-01,housing,Housing,住宅,0.48510771433495514,official
2003-01,other_core_services,Core services excluding housing,核心服務（不含住宅）,1.486541740133367,official
2003-01,residual,Residual,差額,0.002185706142035837,official
2003-02,food,Food,食物,0.05090394134307418,official
2003-02,energy_goods,Energy goods,能源商品,0.9519199820005823,official
2003-02,energy_services,Energy services,能源服務,0.05121138727864686,official
2003-02,core_goods,Core goods,核心商品,-0.42701381720003173,official
2003-02,housing,Housing,住宅,0.45481127081182665,official
2003-02,other_core_services,Core services excluding housing,核心服務（不含住宅）,1.5279582572328543,official
2003-02,residual,Residual,差額,-0.005169406283930034,official
2003-03,food,Food,食物,0.06125866187980939,official
2003-03,energy_goods,Energy goods,能源商品,0.7997501418898406,official
2003-03,energy_services,Energy services,能源服務,0.15339981257341972,official
2003-03,core_goods,Core goods,核心商品,-0.44736282882145634,official
2003-03,housing,Housing,住宅,0.424181328616871,official
2003-03,other_core_services,Core services excluding housing,核心服務（不含住宅）,1.6082830669324075,official
2003-03,residual,Residual,差額,-0.009855602338876945,official
2003-04,food,Food,食物,0.03112841745531019,official
2003-04,energy_goods,Energy goods,能源商品,0.38142113564668767,official
2003-04,energy_services,Energy services,能源服務,0.1425444269190326,official
2003-04,core_goods,Core goods,核心商品,-0.5458558096740274,official
2003-04,housing,Housing,住宅,0.38283845951629863,official
2003-04,other_core_services,Core services excluding housing,核心服務（不含住宅）,1.6046765247108308,official
2003-04,residual,Residual,差額,-0.00805704521556505,official
2003-05,food,Food,食物,0.09126730592407722,official
2003-05,energy_goods,Energy goods,能源商品,0.11637291475108359,official
2003-05,energy_services,Energy services,能源服務,0.14245080782871403,official
2003-05,core_goods,Core goods,核心商品,-0.6076440299487719,official
2003-05,housing,Housing,住宅,0.3729910679101537,official
2003-05,other_core_services,Core services excluding housing,核心服務（不含住宅）,1.6979357677656641,official
2003-05,residual,Residual,差額,-0.00856626822538109,official
2003-06,food,Food,食物,0.15198005903574943,official
2003-06,energy_goods,Energy goods,能源商品,0.1164081338143654,official
2003-06,energy_services,Energy services,能源服務,0.1622483437192522,official
2003-06,core_goods,Core goods,核心商品,-0.6275828140373894,official
2003-06,housing,Housing,住宅,0.34274385044276817,official
2003-06,other_core_services,Core services excluding housing,核心服務（不含住宅）,1.647323975073795,official
2003-06,residual,Residual,差額,-0.004994293210883738,official
2003-07,food,Food,食物,0.13151139502310422,official
2003-07,energy_goods,Energy goods,能源商品,0.16746953254879365,official
2003-07,energy_services,Energy services,能源服務,0.16189153456468525,official
2003-07,core_goods,Core goods,核心商品,-0.5656209338551962,official
2003-07,housing,Housing,住宅,0.3427037817601089,official
2003-07,other_core_services,Core services excluding housing,核心服務（不含住宅）,1.6262431112798292,official
2003-07,residual,Residual,差額,-0.0014623067558585667,official
2003-08,food,Food,食物,0.1719189213905909,official
2003-08,energy_goods,Energy goods,能源商品,0.340340462223848,official
2003-08,energy_services,Energy services,能源服務,0.16157427851011846,official
2003-08,core_goods,Core goods,核心商品,-0.6556374848124583,official
2003-08,housing,Housing,住宅,0.34258991677880407,official
2003-08,other_core_services,Core services excluding housing,核心服務（不含住宅）,1.6356393138497314,official
2003-08,residual,Residual,差額,0.010289771762265865,official
2003-09,food,Food,食物,0.18199214929382768,official
2003-09,energy_goods,Energy goods,能源商品,0.48268097703472823,official
2003-09,energy_services,Energy services,能源服務,0.17146581291323798,official
2003-09,core_goods,Core goods,核心商品,-0.6754231165477759,official
2003-09,housing,Housing,住宅,0.3327926083384411,official
2003-09,other_core_services,Core services excluding housing,核心服務（不含住宅）,1.635299748307925,official
2003-09,residual,Residual,差額,0.012530613841761795,official
2003-10,food,Food,食物,0.22222881764100963,official
2003-10,energy_goods,Energy goods,能源商品,0.21885526093125576,official
2003-10,energy_services,Energy services,能源服務,0.14078051574439282,official
2003-10,core_goods,Core goods,核心商品,-0.6652791554392679,official
2003-10,housing,Housing,住宅,0.3430228713502818,official
2003-10,other_core_services,Core services excluding housing,核心服務（不含住宅）,1.7060393642363416,official
2003-10,residual,Residual,差額,0.002564142617253129,official
2003-11,food,Food,食物,0.23258917773125087,official
2003-11,energy_goods,Energy goods,能源商品,0.21844233195053117,official
2003-11,energy_services,Energy services,能源服務,0.12046451747142282,official
2003-11,core_goods,Core goods,核心商品,-0.655418026711055,official
2003-11,housing,Housing,住宅,0.3434703564508368,official
2003-11,other_core_services,Core services excluding housing,核心服務（不含住宅）,1.736683095569398,official
2003-11,residual,Residual,差額,-5.474855976550508e-05,official
2003-12,food,Food,食物,0.27312481324135063,official
2003-12,energy_goods,Energy goods,能源商品,0.27937119174754127,official
2003-12,energy_services,Energy services,能源服務,0.12054812851593459,official
2003-12,core_goods,Core goods,核心商品,-0.6052348287017187,official
2003-12,housing,Housing,住宅,0.3335486092164581,official
2003-12,other_core_services,Core services excluding housing,核心服務（不含住宅）,1.7272167439685076,official
2003-12,residual,Residual,差額,-0.0056972106377823906,official
2004-01,food,Food,食物,0.24197717646144482,official
2004-01,energy_goods,Energy goods,能源商品,0.2223157731117473,official
2004-01,energy_services,Energy services,能源服務,0.13037085011852179,official
2004-01,core_goods,Core goods,核心商品,-0.483365889042888,official
2004-01,housing,Housing,住宅,0.32321964741389364,official
2004-01,other_core_services,Core services excluding housing,核心服務（不含住宅）,1.7857019986787737,official
2004-01,residual,Residual,差額,-0.007812981697114196,official
2004-02,food,Food,食物,0.22126692980419474,official
2004-02,energy_goods,Energy goods,能源商品,0.03306155354332739,official
2004-02,energy_services,Energy services,能源服務,0.11034878621365736,official
2004-02,core_goods,Core goods,核心商品,-0.381097825245724,official
2004-02,housing,Housing,住宅,0.3324836828934809,official
2004-02,other_core_services,Core services excluding housing,核心服務（不含住宅）,1.6903558806077963,official
2004-02,residual,Residual,差額,-0.005799860691894754,official
2004-03,food,Food,食物,0.23127346413637828,official
2004-03,energy_goods,Energy goods,能源商品,0.03297690575747831,official
2004-03,energy_services,Energy services,能源服務,-0.010025603087809584,official
2004-03,core_goods,Core goods,核心商品,-0.29992782245094884,official
2004-03,housing,Housing,住宅,0.35237941460276617,official
2004-03,other_core_services,Core services excluding housing,核心服務（不含住宅）,1.587880476037311,official
2004-03,residual,Residual,差額,0.0018728851720832829,official
2004-04,food,Food,食物,0.2520808578093385,official
2004-04,energy_goods,Energy goods,能源商品,0.2220264714600544,official
2004-04,energy_services,Energy services,能源服務,0.010181330790148616,official
2004-04,core_goods,Core goods,核心商品,-0.24997306458056778,official
2004-04,housing,Housing,住宅,0.39399675228435554,official
2004-04,other_core_services,Core services excluding housing,核心服務（不含住宅）,1.633689250318972,official
2004-04,residual,Residual,差額,-0.0027771835088326036,official
2004-05,food,Food,食物,0.30378483691164326,official
2004-05,energy_goods,Energy goods,能源商品,0.6056581595788604,official
2004-05,energy_services,Energy services,能源服務,0.020430687448389787,official
2004-05,core_goods,Core goods,核心商品,-0.14013379954582988,official
2004-05,housing,Housing,住宅,0.40513921862097435,official
2004-05,other_core_services,Core services excluding housing,核心服務（不含住宅）,1.5074516154004953,official
2004-05,residual,Residual,差額,0.007206853839783811,official
2004-06,food,Food,食物,0.2740297468680724,official
2004-06,energy_goods,Energy goods,能源商品,0.6976116151982267,official
2004-06,energy_services,Energy services,能源服務,0.05118807032015263,official
2004-06,core_goods,Core goods,核心商品,-0.11028522451925554,official
2004-06,housing,Housing,住宅,0.43575076042687017,official
2004-06,other_core_services,Core services excluding housing,核心服務（不含住宅）,1.5285045367840389,official
2004-06,residual,Residual,差額,0.014111460535141784,official
2004-07,food,Food,食物,0.29345648709776906,official
2004-07,energy_goods,Energy goods,能源商品,0.5850251876220829,official
2004-07,energy_services,Energy services,能源服務,0.06129703402899149,official
2004-07,core_goods,Core goods,核心商品,-0.2113985555669785,official
2004-07,housing,Housing,住宅,0.425368047702272,official
2004-07,other_core_services,Core services excluding housing,核心服務（不含住宅）,1.5178025084815463,official
2004-07,residual,Residual,差額,0.012987174874062646,official
2004-08,food,Food,食物,0.2526027484983158,official
2004-08,energy_goods,Energy goods,能源商品,0.3936945913754019,official
2004-08,energy_services,Energy services,能源服務,0.07132442782310228,official
2004-08,core_goods,Core goods,核心商品,-0.2227931966341782,official
2004-08,housing,Housing,住宅,0.43497175937191823,official
2004-08,other_core_services,Core services excluding housing,核心服務（不含住宅）,1.4550324671166384,official
2004-08,residual,Residual,差額,0.006335122119912828,official
2004-09,food,Food,食物,0.21146368244321592,official
2004-09,energy_goods,Energy goods,能源商品,0.29420987449408226,official
2004-09,energy_services,Energy services,能源服務,0.050926164728113094,official
2004-09,core_goods,Core goods,核心商品,-0.15184045554945547,official
2004-09,housing,Housing,住宅,0.4243629585179322,official
2004-09,other_core_services,Core services excluding housing,核心服務（不含住宅）,1.44339121330899,official
2004-09,residual,Residual,差額,0.001403546850877735,official
2004-10,food,Food,食物,0.23257094711041326,official
2004-10,energy_goods,Energy goods,能源商品,0.6586736113770697,official
2004-10,energy_services,Energy services,能源服務,0.06069102421712433,official
2004-10,core_goods,Core goods,核心商品,-0.03024485210575366,official
2004-10,housing,Housing,住宅,0.40476606283430994,official
2004-10,other_core_services,Core services excluding housing,核心服務（不含住宅）,1.365490789322508,official
2004-10,residual,Residual,差額,0.008063906654920405,official
2004-11,food,Food,食物,0.23308636780905753,official
2004-11,energy_goods,Energy goods,能源商品,0.7909140401876785,official
2004-11,energy_services,Energy services,能源服務,0.12188698490412078,official
2004-11,core_goods,Core goods,核心商品,0.019999872501019984,official
2004-11,housing,Housing,住宅,0.3848197164422684,official
2004-11,other_core_services,Core services excluding housing,核心服務（不含住宅）,1.3977742503059976,official
2004-11,residual,Residual,差額,0.01714504283965379,official
2004-12,food,Food,食物,0.18238750715603333,official
2004-12,energy_goods,Energy goods,能源商品,0.6779358819413523,official
2004-12,energy_services,Energy services,能源服務,0.11164073532218052,official
2004-12,core_goods,Core goods,核心商品,0.009090134215380696,official
2004-12,housing,Housing,住宅,0.39483849627886264,official
2004-12,other_core_services,Core services excluding housing,核心服務（不含住宅）,1.408226830354303,official
2004-12,residual,Residual,差額,0.00959582723745811,official
2005-01,food,Food,食物,0.1811282616685042,official
2005-01,energy_goods,Energy goods,能源商品,0.34214272136258217,official
2005-01,energy_services,Energy services,能源服務,0.09100939056381402,official
2005-01,core_goods,Core goods,核心商品,0.01985147448326554,official
2005-01,housing,Housing,住宅,0.40439202118896445,official
2005-01,other_core_services,Core services excluding housing,核心服務（不含住宅）,1.4794892851259045,official
2005-01,residual,Residual,差額,0.01401741246243482,official
2005-02,food,Food,食物,0.15030185768301782,official
2005-02,energy_goods,Energy goods,能源商品,0.4447406957775333,official
2005-02,energy_services,Energy services,能源服務,0.08108995030160476,official
2005-02,core_goods,Core goods,核心商品,-0.03058980487373067,official
2005-02,housing,Housing,住宅,0.4145223010483453,official
2005-02,other_core_services,Core services excluding housing,核心服務（不含住宅）,1.5192930940728657,official
2005-02,residual,Residual,差額,0.019374786600419025,official
2005-03,food,Food,食物,0.14060467935201204,official
2005-03,energy_goods,Energy goods,能源商品,0.49527595045391987,official
2005-03,energy_services,Energy services,能源服務,0.11117829770577911,official
2005-03,core_goods,Core goods,核心商品,-0.04026780641169711,official
2005-03,housing,Housing,住宅,0.40467758431293327,official
2005-03,other_core_services,Core services excluding housing,核心服務（不含住宅）,1.6214692104698292,official
2005-03,residual,Residual,差額,0.014571522367707423,official
2005-04,food,Food,食物,0.20242696544249236,official
2005-04,energy_goods,Energy goods,能源商品,0.6257629874221763,official
2005-04,energy_services,Energy services,能源服務,0.14201371209638797,official
2005-04,core_goods,Core goods,核心商品,-0.09092329796082978,official
2005-04,housing,Housing,住宅,0.3847876389484032,official
2005-04,other_core_services,Core services excluding housing,核心服務（不含住宅）,1.561318781034961,official
2005-04,residual,Residual,差額,0.019117031734422696,official
2005-05,food,Food,食物,0.1317142354655545,official
2005-05,energy_goods,Energy goods,能源商品,0.36089166373549064,official
2005-05,energy_services,Energy services,能源服務,0.15208808602582782,official
2005-05,core_goods,Core goods,核心商品,-0.0291219034219386,official
2005-05,housing,Housing,住宅,0.3843911109994473,official
2005-05,other_core_services,Core services excluding housing,核心服務（不含住宅）,1.5588102356665496,official
2005-05,residual,Residual,差額,0.010192955127894088,official
2005-06,food,Food,食物,0.1011688441833373,official
2005-06,energy_goods,Energy goods,能源商品,0.28060527865115054,official
2005-06,energy_services,Energy services,能源服務,0.12174092770978691,official
2005-06,core_goods,Core goods,核心商品,-0.08043391664892084,official
2005-06,housing,Housing,住宅,0.36386729465996914,official
2005-06,other_core_services,Core services excluding housing,核心服務（不含住宅）,1.5467116784206636,official
2005-06,residual,Residual,差額,0.00753566910097847,official
2005-07,food,Food,食物,0.10130905450222139,official
2005-07,energy_goods,Energy goods,能源商品,0.5761583129966835,official
2005-07,energy_services,Energy services,能源服務,0.14231136975157996,official
2005-07,core_goods,Core goods,核心商品,-0.06131355985232463,official
2005-07,housing,Housing,住宅,0.37445666729240973,official
2005-07,other_core_services,Core services excluding housing,核心服務（不含住宅）,1.538095363243852,official
2005-07,residual,Residual,差額,0.008414617358110998,official
2005-08,food,Food,食物,0.10125709854151552,official
2005-08,energy_goods,Energy goods,能源商品,0.8837431516273485,official
2005-08,energy_services,Energy services,能源服務,0.17329422360093064,official
2005-08,core_goods,Core goods,核心商品,-0.012111175043154097,official
2005-08,housing,Housing,住宅,0.3650731743927151,official
2005-08,other_core_services,Core services excluding housing,核心服務（不含住宅）,1.5189236484627124,official
2005-08,residual,Residual,差額,0.01062242013359116,official
2005-09,food,Food,食物,0.1415854389293918,official
2005-09,energy_goods,Energy goods,能源商品,1.5008462748427045,official
2005-09,energy_services,Energy services,能源服務,0.2754864925596724,official
2005-09,core_goods,Core goods,核心商品,-0.021764081693798124,official
2005-09,housing,Housing,住宅,0.3755472885249176,official
2005-09,other_core_services,Core services excluding housing,核心服務（不含住宅）,1.5504207030859884,official
2005-09,residual,Residual,差額,0.007898856486560746,official
2005-10,food,Food,食物,0.10153241845664279,official
2005-10,energy_goods,Energy goods,能源商品,1.078173105608592,official
2005-10,energy_services,Energy services,能源服務,0.3979903788782816,official
2005-10,core_goods,Core goods,核心商品,-0.07069448587907722,official
2005-10,housing,Housing,住宅,0.3850427605409706,official
2005-10,other_core_services,Core services excluding housing,核心服務（不含住宅）,1.6509907020684171,official
2005-10,residual,Residual,差額,0.0083274910501272,official
2005-11,food,Food,食物,0.10220399217414994,official
2005-11,energy_goods,Energy goods,能源商品,0.42841031229104237,official
2005-11,energy_services,Energy services,能源服務,0.39823150647613853,official
2005-11,core_goods,Core goods,核心商品,-0.049438569553480825,official
2005-11,housing,Housing,住宅,0.40490304366130914,official
2005-11,other_core_services,Core services excluding housing,核心服務（不含住宅）,1.6602751430198868,official
2005-11,residual,Residual,差額,-0.006176849352390157,official
2005-12,food,Food,食物,0.12243264316035693,official
2005-12,energy_goods,Energy goods,能源商品,0.4267139020556675,official
2005-12,energy_services,Energy services,能源服務,0.34657776512666916,official
2005-12,core_goods,Core goods,核心商品,-0.040004950433781813,official
2005-12,housing,Housing,住宅,0.4055686192002574,official
2005-12,other_core_services,Core services excluding housing,核心服務（不含住宅）,1.621762354426307,official
2005-12,residual,Residual,差額,0.0005773443397907307,official
2006-01,food,Food,食物,0.17307068609638226,official
2006-01,energy_goods,Energy goods,能源商品,0.7811680077125589,official
2006-01,energy_services,Energy services,能源服務,0.43830966418233275,official
2006-01,core_goods,Core goods,核心商品,-0.06991323371278141,official
2006-01,housing,Housing,住宅,0.40618920488956456,official
2006-01,other_core_services,Core services excluding housing,核心服務（不含住宅）,1.5138135142818299,official
2006-01,residual,Residual,差額,0.004299998764016877,official
2006-02,food,Food,食物,0.18223919045506087,official
2006-02,energy_goods,Energy goods,能源商品,0.5982056401912931,official
2006-02,energy_services,Energy services,能源服務,0.3962336685894591,official
2006-02,core_goods,Core goods,核心商品,-0.10125511512103738,official
2006-02,housing,Housing,住宅,0.4166539713060198,official
2006-02,other_core_services,Core services excluding housing,核心服務（不含住宅）,1.534092959621358,official
2006-02,residual,Residual,差額,-0.0039349455208887996,official
2006-03,food,Food,食物,0.17202617511520737,official
2006-03,energy_goods,Energy goods,能源商品,0.5157542242703533,official
2006-03,energy_services,Energy services,能源服務,0.3542659293394777,official
2006-03,core_goods,Core goods,核心商品,-0.0698370506912443,official
2006-03,housing,Housing,住宅,0.4368566513056836,official
2006-03,other_core_services,Core services excluding housing,核心服務（不含住宅）,1.5143927496159755,official
2006-03,residual,Residual,差額,-0.009787403993871013,official
2006-04,food,Food,食物,0.0815064397142262,official
2006-04,energy_goods,Energy goods,能源商品,0.6905209367302672,official
2006-04,energy_services,Energy services,能源服務,0.2928626398539269,official
2006-04,core_goods,Core goods,核心商品,-0.008937906694606894,official
2006-04,housing,Housing,住宅,0.4672955651140277,official
2006-04,other_core_services,Core services excluding housing,核心服務（不含住宅）,1.5951679472568412,official
2006-04,residual,Residual,差額,-0.015588520029877095,official
2006-05,food,Food,食物,0.09145488615904665,official
2006-05,energy_goods,Energy goods,能源商品,0.8818855099266372,official
2006-05,energy_services,Energy services,能源服務,0.26240443851118805,official
2006-05,core_goods,Core goods,核心商品,-0.06889906796164076,official
2006-05,housing,Housing,住宅,0.5091805166015505,official
2006-05,other_core_services,Core services excluding housing,核心服務（不含住宅）,1.6588870653651608,official
2006-05,residual,Residual,差額,-0.013378485958193576,official
2006-06,food,Food,食物,0.12204296205630355,official
2006-06,energy_goods,Energy goods,能源商品,0.871673194614443,official
2006-06,energy_services,Energy services,能源服務,0.2519149326805385,official
2006-06,core_goods,Core goods,核心商品,-0.0192192166462669,official
2006-06,housing,Housing,住宅,0.5611550795593635,official
2006-06,other_core_services,Core services excluding housing,核心服務（不含住宅）,1.743444675642595,official
2006-06,residual,Residual,差額,-0.01938372093023233,official
2006-07,food,Food,食物,0.12187797089437631,official
2006-07,energy_goods,Energy goods,能源商品,0.8667814396801793,official
2006-07,energy_services,Energy services,能源服務,0.22097908490359064,official
2006-07,core_goods,Core goods,核心商品,-0.020536893937547304,official
2006-07,housing,Housing,住宅,0.5808023547765887,official
2006-07,other_core_services,Core services excluding housing,核心服務（不含住宅）,1.6784434341710748,official
2006-07,residual,Residual,差額,-0.021001755112983744,official
2006-08,food,Food,食物,0.14199060417349504,official
2006-08,energy_goods,Energy goods,能源商品,0.6778169877514355,official
2006-08,energy_services,Energy services,能源服務,0.19055306699685587,official
2006-08,core_goods,Core goods,核心商品,0.030027434842249554,official
2006-08,housing,Housing,住宅,0.6000950508030155,official
2006-08,other_core_services,Core services excluding housing,核心服務（不含住宅）,1.7149521104191707,official
2006-08,residual,Residual,差額,-0.019552666399586194,official
2006-09,food,Food,食物,0.14129418554321166,official
2006-09,energy_goods,Energy goods,能源商品,-0.44291997306785946,official
2006-09,energy_services,Energy services,能源服務,0.13029637377963738,official
2006-09,core_goods,Core goods,核心商品,0.00960118789977396,official
2006-09,housing,Housing,住宅,0.6059154523156832,official
2006-09,other_core_services,Core services excluding housing,核心服務（不含住宅）,1.652341653441062,official
2006-09,residual,Residual,差額,-0.016501947770886982,official
2006-10,food,Food,食物,0.15146797911289836,official
2006-10,energy_goods,Energy goods,能源商品,-0.5892577876478002,official
2006-10,energy_services,Energy services,能源服務,-0.05107796650861291,official
2006-10,core_goods,Core goods,核心商品,-0.04095732549066684,official
2006-10,housing,Housing,住宅,0.6361462097113019,official
2006-10,other_core_services,Core services excluding housing,核心服務（不含住宅）,1.5825150951323448,official
2006-10,residual,Residual,差額,-0.01186603445171519,official
2006-11,food,Food,食物,0.12172222155393295,official
2006-11,energy_goods,Energy goods,能源商品,-0.10999061721860671,official
2006-11,energy_services,Energy services,能源服務,-0.08091157329997234,official
2006-11,core_goods,Core goods,核心商品,-0.14242869687601498,official
2006-11,housing,Housing,住宅,0.6483388868171922,official
2006-11,other_core_services,Core services excluding housing,核心服務（不含住宅）,1.496815387761485,official
2006-11,residual,Residual,差額,-0.008872502435927743,official
2006-12,food,Food,食物,0.09133728693267253,official
2006-12,energy_goods,Energy goods,能源商品,0.1846285982365183,official
2006-12,energy_services,Energy services,能源服務,-0.020719105989342117,official
2006-12,core_goods,Core goods,核心商品,-0.13262116418664519,official
2006-12,housing,Housing,住宅,0.6693012233703433,official
2006-12,other_core_services,Core services excluding housing,核心服務（不含住宅）,1.5085475935571568,official
2006-12,residual,Residual,差額,-0.013722197495521282,official
2007-01,food,Food,食物,0.12211734144180812,official
2007-01,energy_goods,Energy goods,能源商品,-0.09695944166447194,official
2007-01,energy_services,Energy services,能源服務,-0.09005387028036488,official
2007-01,core_goods,Core goods,核心商品,-0.11162269255632438,official
2007-01,housing,Housing,住宅,0.6669825460291617,official
2007-01,other_core_services,Core services excluding housing,核心服務（不含住宅）,1.6571457131228002,official
2007-01,residual,Residual,差額,-0.014346493643307756,official
2007-02,food,Food,食物,0.19328160892036753,official
2007-02,energy_goods,Energy goods,能源商品,-0.005889285030627838,official
2007-02,energy_services,Energy services,能源服務,-0.049810729326186826,official
2007-02,core_goods,Core goods,核心商品,-0.05137861313169987,official
2007-02,housing,Housing,住宅,0.6676495501531394,official
2007-02,other_core_services,Core services excluding housing,核心服務（不含住宅）,1.6489319726263398,official
2007-02,residual,Residual,差額,-0.013571257656965319,official
2007-03,food,Food,食物,0.23402263988727823,official
2007-03,energy_goods,Energy goods,能源商品,0.22844637355814015,official
2007-03,energy_services,Energy services,能源服務,0.010884937788073456,official
2007-03,core_goods,Core goods,核心商品,-0.132078308217706,official
2007-03,housing,Housing,住宅,0.6573312158192631,official
2007-03,other_core_services,Core services excluding housing,核心服務（不含住宅）,1.5780237862106847,official
2007-03,residual,Residual,差額,-0.011732023021974847,official
2007-04,food,Food,食物,0.2633125334284186,official
2007-04,energy_goods,Energy goods,能源商品,0.1005442443691687,official
2007-04,energy_services,Energy services,能源服務,0.020533071848814404,official
2007-04,core_goods,Core goods,核心商品,-0.2021652106733227,official
2007-04,housing,Housing,住宅,0.6251966482438938,official
2007-04,other_core_services,Core services excluding housing,核心服務（不含住宅）,1.5344869554882035,official
2007-04,residual,Residual,差額,-0.011130326261371337,official
2007-05,food,Food,食物,0.2932241201503064,official
2007-05,energy_goods,Energy goods,能源商品,0.193520584156186,official
2007-05,energy_services,Energy services,能源服務,0.040656938632780554,official
2007-05,core_goods,Core goods,核心商品,-0.21182928130297177,official
2007-05,housing,Housing,住宅,0.5741206244591696,official
2007-05,other_core_services,Core services excluding housing,核心服務（不含住宅）,1.4726289399129928,official
2007-05,residual,Residual,差額,-0.009338912530669319,official
2007-06,food,Food,食物,0.3133926143149381,official
2007-06,energy_goods,Energy goods,能源商品,0.19327933403493017,official
2007-06,energy_services,Energy services,能源服務,0.07095259492248934,official
2007-06,core_goods,Core goods,核心商品,-0.22175312466743136,official
2007-06,housing,Housing,住宅,0.533511097447055,official
2007-06,other_core_services,Core services excluding housing,核心服務（不含住宅）,1.4321567004457898,official
2007-06,residual,Residual,差額,-0.003905095247670687,official
2007-07,food,Food,食物,0.32275318767823896,official
2007-07,energy_goods,Energy goods,能源商品,-0.03613365858257313,official
2007-07,energy_services,Energy services,能源服務,0.05031711800890901,official
2007-07,core_goods,Core goods,核心商品,-0.20152796436399634,official
2007-07,housing,Housing,住宅,0.5024892172806336,official
2007-07,other_core_services,Core services excluding housing,核心服務（不含住宅）,1.4898465672063919,official
2007-07,residual,Residual,差額,-0.0030184543590543456,official
2007-08,food,Food,食物,0.33234490455212923,official
2007-08,energy_goods,Energy goods,能源商品,-0.2271188252569749,official
2007-08,energy_services,Energy services,能源服務,0.030010220264317194,official
2007-08,core_goods,Core goods,核心商品,-0.28191577092511017,official
2007-08,housing,Housing,住宅,0.49179171806167404,official
2007-08,other_core_services,Core services excluding housing,核心服務（不含住宅）,1.538193832599119,official
2007-08,residual,Residual,差額,-0.009590954478710279,official
2007-09,food,Food,食物,0.33359355492214554,official
2007-09,energy_goods,Energy goods,能源商品,0.3460361357800759,official
2007-09,energy_services,Energy services,能源服務,0.010224376339779984,official
2007-09,core_goods,Core goods,核心商品,-0.26241584414972563,official
2007-09,housing,Housing,住宅,0.48380862641633887,official
2007-09,other_core_services,Core services excluding housing,核心服務（不含住宅）,1.6360397870485972,official
2007-09,residual,Residual,差額,-0.012599585404356795,official
2007-10,food,Food,食物,0.34516705626785676,official
2007-10,energy_goods,Energy goods,能源商品,0.7285126679417252,official
2007-10,energy_services,Energy services,能源服務,0.10096916247550236,official
2007-10,core_goods,Core goods,核心商品,-0.19185391135982624,official
2007-10,housing,Housing,住宅,0.46592004911336216,official
2007-10,other_core_services,Core services excluding housing,核心服務（不含住宅）,1.6637610682156265,official
2007-10,residual,Residual,差額,-0.024001204221867134,official
2007-11,food,Food,食物,0.37596487708158766,official
2007-11,energy_goods,Energy goods,能源商品,1.0880232736542708,official
2007-11,energy_services,Energy services,能源服務,0.09124676918719243,official
2007-11,core_goods,Core goods,核心商品,-0.11150688649962828,official
2007-11,housing,Housing,住宅,0.46730429240773746,official
2007-11,other_core_services,Core services excluding housing,核心服務（不含住宅）,1.706574099208082,official
2007-11,residual,Residual,差額,-0.017979370006236284,official
2007-12,food,Food,食物,0.40488651331263525,official
2007-12,energy_goods,Energy goods,能源商品,0.8966378539843824,official
2007-12,energy_services,Energy services,能源服務,0.08095916831310568,official
2007-12,core_goods,Core goods,核心商品,-0.10114756797440969,official
2007-12,housing,Housing,住宅,0.4571202606077712,official
2007-12,other_core_services,Core services excluding housing,核心服務（不含住宅）,1.7450544500893783,official
2007-12,residual,Residual,差額,-0.011876470034805298,official
2008-01,food,Food,食物,0.40561477331332924,official
2008-01,energy_goods,Energy goods,能源商品,1.01429169206245,official
2008-01,energy_services,Energy services,能源服務,0.0707229593511182,official
2008-01,core_goods,Core goods,核心商品,-0.08980613249566323,official
2008-01,housing,Housing,住宅,0.4466699095128698,official
2008-01,other_core_services,Core services excluding housing,核心服務（不含住宅）,1.5636507806273148,official
2008-01,residual,Residual,差額,-0.023737165361710666,official
2008-02,food,Food,食物,0.38577149133569366,official
2008-02,energy_goods,Energy goods,能源商品,1.0128394152907771,official
2008-02,energy_services,Energy services,能源服務,0.0914551127002489,official
2008-02,core_goods,Core goods,核心商品,-0.13041726551454183,official
2008-02,housing,Housing,住宅,0.4263618092800972,official
2008-02,other_core_services,Core services excluding housing,核心服務（不含住宅）,1.511665322910459,official
2008-02,residual,Residual,差額,-0.024753157827080763,official
2008-03,food,Food,食物,0.34483759051854607,official
2008-03,energy_goods,Energy goods,能源商品,0.8819050224695555,official
2008-03,energy_services,Energy services,能源服務,0.1023898060400028,official
2008-03,core_goods,Core goods,核心商品,-0.07979812326821434,official
2008-03,housing,Housing,住宅,0.415822874706033,official
2008-03,other_core_services,Core services excluding housing,核心服務（不含住宅）,1.5502503085198034,official
2008-03,residual,Residual,差額,-0.02426490790974878,official
2008-04,food,Food,食物,0.4270244842965991,official
2008-04,energy_goods,Energy goods,能源商品,0.7594806959672923,official
2008-04,energy_services,Energy services,能源服務,0.17389553521650253,official
2008-04,core_goods,Core goods,核心商品,-0.0705894582791303,official
2008-04,housing,Housing,住宅,0.4158023601561048,official
2008-04,other_core_services,Core services excluding housing,核心服務（不含住宅）,1.448121167069318,official
2008-04,residual,Residual,差額,-0.014216107600816486,official
2008-05,food,Food,食物,0.4267272369304889,official
2008-05,energy_goods,Energy goods,能源商品,0.803113751650337,official
2008-05,energy_services,Energy services,能源服務,0.22512554142635444,official
2008-05,core_goods,Core goods,核心商品,-0.09126630069719505,official
2008-05,housing,Housing,住宅,0.41522456164732585,official
2008-05,other_core_services,Core services excluding housing,核心服務（不含住宅）,1.5187343941815485,official
2008-05,residual,Residual,差額,-0.015515252588418793,official
2008-06,food,Food,食物,0.4374412046828231,official
2008-06,energy_goods,Energy goods,能源商品,1.234610361844006,official
2008-06,energy_services,Energy services,能源服務,0.2562235782223301,official
2008-06,core_goods,Core goods,核心商品,-0.07111557974783027,official
2008-06,housing,Housing,住宅,0.4256353361300836,official
2008-06,other_core_services,Core services excluding housing,核心服務（不含住宅）,1.5403929318494378,official
2008-06,residual,Residual,差額,-0.011748893434575969,official
2008-07,food,Food,食物,0.5100933522576476,official
2008-07,energy_goods,Energy goods,能源商品,1.3682402695560862,official
2008-07,energy_services,Energy services,能源服務,0.3587254935899655,official
2008-07,core_goods,Core goods,核心商品,-0.01994172695907043,official
2008-07,housing,Housing,住宅,0.42612870841555023,official
2008-07,other_core_services,Core services excluding housing,核心服務（不含住宅）,1.5115174069073747,official
2008-07,residual,Residual,差額,-0.019108480169858666,official
2008-08,food,Food,食物,0.5213926429889298,official
2008-08,energy_goods,Energy goods,能源商品,1.2287188653136532,official
2008-08,energy_services,Energy services,能源服務,0.34766166974169743,official
2008-08,core_goods,Core goods,核心商品,0.050437499999999955,official
2008-08,housing,Housing,住宅,0.4170854474169742,official
2008-08,other_core_services,Core services excluding housing,核心服務（不含住宅）,1.4334364621771218,official
2008-08,residual,Residual,差額,-0.018105281365310866,official
2008-09,food,Food,食物,0.5512597927723022,official
2008-09,energy_goods,Energy goods,能源商品,1.1044650446849082,official
2008-09,energy_services,Energy services,能源服務,0.2742171525719668,official
2008-09,core_goods,Core goods,核心商品,0.029924184988627707,official
2008-09,housing,Housing,住宅,0.4170713580076734,official
2008-09,other_core_services,Core services excluding housing,核心服務（不含住宅）,1.300814781629793,official
2008-09,residual,Residual,差額,-0.00991396144921719,official
2008-10,food,Food,食物,0.5506901211663117,official
2008-10,energy_goods,Energy goods,能源商品,0.5027672415767653,official
2008-10,energy_services,Energy services,能源服務,0.23277766325385382,official
2008-10,core_goods,Core goods,核心商品,-0.030716232620994575,official
2008-10,housing,Housing,住宅,0.40693763027096364,official
2008-10,other_core_services,Core services excluding housing,核心服務（不含住宅）,1.012974644403216,official
2008-10,residual,Residual,差額,-0.0035879200165012115,official
2008-11,food,Food,食物,0.5383698066779827,official
2008-11,energy_goods,Energy goods,能源商品,-0.9722691698659159,official
2008-11,energy_services,Energy services,能源服務,0.1909635342500086,official
2008-11,core_goods,Core goods,核心商品,-0.07114056572606832,official
2008-11,housing,Housing,住宅,0.3959070869550358,official
2008-11,other_core_services,Core services excluding housing,核心服務（不含住宅）,0.847146762966929,official
2008-11,residual,Residual,差額,-0.003948120891771101,official
2008-12,food,Food,食物,0.5271507319512639,official
2008-12,energy_goods,Energy goods,能源商品,-1.533440625568285,official
2008-12,energy_services,Energy services,能源服務,0.1905229359883616,official
2008-12,core_goods,Core goods,核心商品,-0.1213225131842154,official
2008-12,housing,Housing,住宅,0.3651551418439717,official
2008-12,other_core_services,Core services excluding housing,核心服務（不含住宅）,0.705422917803237,official
2008-12,residual,Residual,差額,-0.003919576286585902,official
2009-01,food,Food,食物,0.4559872344284969,official
2009-01,energy_goods,Energy goods,能源商品,-1.4995791669500937,official
2009-01,energy_services,Energy services,能源服務,0.1800556651474957,official
2009-01,core_goods,Core goods,核心商品,-0.1309661474276127,official
2009-01,housing,Housing,住宅,0.3742626351948847,official
2009-01,other_core_services,Core services excluding housing,核心服務（不含住宅）,0.5040345327982223,official
2009-01,residual,Residual,差額,0.005101693762330106,official
2009-02,food,Food,食物,0.3952208594510194,official
2009-02,energy_goods,Energy goods,能源商品,-1.3969584304496387,official
2009-02,energy_services,Energy services,能源服務,0.139787852730194,official
2009-02,core_goods,Core goods,核心商品,-0.02101310221538327,official
2009-02,housing,Housing,住宅,0.36351508225656803,official
2009-02,other_core_services,Core services excluding housing,核心服務（不含住宅）,0.38331413636260775,official
2009-02,residual,Residual,差額,0.004885157611281554,official
2009-03,food,Food,食物,0.36420454673661645,official
2009-03,energy_goods,Energy goods,能源商品,-1.5822715631522535,official
2009-03,energy_services,Energy services,能源服務,0.06962791222429071,official
2009-03,core_goods,Core goods,核心商品,0.05870073898572797,official
2009-03,housing,Housing,住宅,0.36243820161335816,official
2009-03,other_core_services,Core services excluding housing,核心服務（不含住宅）,0.19284086421842384,official
2009-03,residual,Residual,差額,0.008707621142879596,official
2009-04,food,Food,食物,0.23392943614229889,official
2009-04,energy_goods,Energy goods,能源商品,-1.5395281478395024,official
2009-04,energy_services,Energy services,能源服務,-0.030106082275701218,official
2009-04,core_goods,Core goods,核心商品,0.19775650626696242,official
2009-04,housing,Housing,住宅,0.35168233876507615,official
2009-04,other_core_services,Core services excluding housing,核心服務（不含住宅）,0.21213290690210468,official
2009-04,residual,Residual,差額,0.00655908287254936,official
2009-05,food,Food,食物,0.1733559093967257,official
2009-05,energy_goods,Energy goods,能源商品,-1.613230769230769,official
2009-05,energy_services,Energy services,能源服務,-0.13922493832697908,official
2009-05,core_goods,Core goods,核心商品,0.21688270912760704,official
2009-05,housing,Housing,住宅,0.3599675936308589,official
2009-05,other_core_services,Core services excluding housing,核心服務（不含住宅）,0.10141399416909615,official
2009-05,residual,Residual,差額,0.011622673245109905,official
2009-06,food,Food,食物,0.13230710142830107,official
2009-06,energy_goods,Energy goods,能源商品,-1.5660484041546527,official
2009-06,energy_services,Energy services,能源服務,-0.1878620014026962,official
2009-06,core_goods,Core goods,核心商品,0.23499994433744867,official
2009-06,housing,Housing,住宅,0.3176629521190733,official
2009-06,other_core_services,Core services excluding housing,核心服務（不含住宅）,0.0501608647733977,official
2009-06,residual,Residual,差額,0.000154853217859241,official
2009-07,food,Food,食物,0.01255426893456702,official
2009-07,energy_goods,Energy goods,能源商品,-1.7278045321070419,official
2009-07,energy_services,Energy services,能源服務,-0.27647359964540963,official
2009-07,core_goods,Core goods,核心商品,0.17449354534877276,official
2009-07,housing,Housing,住宅,0.28633054462851126,official
2009-07,other_core_services,Core services excluding housing,核心服務（不含住宅）,0.05886830295307215,official
2009-07,residual,Residual,差額,0.006022272702081111,official
2009-08,food,Food,食物,-0.027467950139732952,official
2009-08,energy_goods,Energy goods,能源商品,-1.3612512753404604,official
2009-08,energy_services,Energy services,能源服務,-0.25668123142438887,official
2009-08,core_goods,Core goods,核心商品,0.14490396131836933,official
2009-08,housing,Housing,住宅,0.266399436632214,official
2009-08,other_core_services,Core services excluding housing,核心服務（不含住宅）,0.12691855564920365,official
2009-08,residual,Residual,差額,0.007058732200692974,official
2009-09,food,Food,食物,-0.09716710804791295,official
2009-09,energy_goods,Energy goods,能源商品,-1.330474697219852,official
2009-09,energy_services,Energy services,能源服務,-0.1965177789843429,official
2009-09,core_goods,Core goods,核心商品,0.22394761044688466,official
2009-09,housing,Housing,住宅,0.20644774895564397,official
2009-09,other_core_services,Core services excluding housing,核心服務（不含住宅）,0.16568063204317035,official
2009-09,residual,Residual,差額,0.005334914179969452,official
2009-10,food,Food,食物,-0.11804898997222563,official
2009-10,energy_goods,Energy goods,能源商品,-0.745809193427848,official
2009-10,energy_services,Energy services,能源服務,-0.1677277442527133,official
2009-10,core_goods,Core goods,核心商品,0.2654964250259339,official
2009-10,housing,Housing,住宅,0.16765724866426476,official
2009-10,other_core_services,Core services excluding housing,核心服務（不含住宅）,0.6065155993798174,official
2009-10,residual,Residual,差額,0.005301892895794885,official
2009-11,food,Food,食物,-0.13969760590565847,official
2009-11,energy_goods,Energy goods,能源商品,0.5304697888094996,official
2009-11,energy_services,Energy services,能源服務,-0.1090101926788798,official
2009-11,core_goods,Core goods,核心商品,0.2889045409908232,official
2009-11,housing,Housing,住宅,0.10894020972311581,official
2009-11,other_core_services,Core services excluding housing,核心服務（不含住宅）,0.7756844220197984,official
2009-11,residual,Residual,差額,0.0053208492770304705,official
2009-12,food,Food,食物,-0.1302794615087743,official
2009-12,energy_goods,Energy goods,能源商品,1.0259097822879066,official
2009-12,energy_services,Energy services,能源服務,-0.11982576221934663,official
2009-12,core_goods,Core goods,核心商品,0.3408087584281142,official
2009-12,housing,Housing,住宅,0.09949612931054054,official
2009-12,other_core_services,Core services excluding housing,核心服務（不含住宅）,0.871723535154033,official
2009-12,residual,Residual,差額,0.0018852868396441735,official
2010-01,food,Food,食物,-0.1100579970036773,official
2010-01,energy_goods,Energy goods,能源商品,1.0474626594633858,official
2010-01,energy_services,Energy services,能源服務,-0.1098132973169292,official
2010-01,core_goods,Core goods,核心商品,0.3105645344350116,official
2010-01,housing,Housing,住宅,0.04928156353566077,official
2010-01,other_core_services,Core services excluding housing,核心服務（不含住宅）,1.1147315794252508,official
2010-01,residual,Residual,差額,-0.000448426930586443,official
2010-02,food,Food,食物,-0.07968492964448372,official
2010-02,energy_goods,Energy goods,能源商品,0.8141612852060816,official
2010-02,energy_services,Energy services,能源服務,-0.10984648675594226,official
2010-02,core_goods,Core goods,核心商品,0.21993995422926158,official
2010-02,housing,Housing,住宅,0.02922914825640676,official
2010-02,other_core_services,Core services excluding housing,核心服務（不含住宅）,1.244571295855709,official
2010-02,residual,Residual,差額,-0.0020400833843172705,official
2010-03,food,Food,食物,-0.03930485771643095,official
2010-03,energy_goods,Energy goods,能源商品,0.904520409667797,official
2010-03,energy_services,Energy services,能源服務,-0.0594885957649514,official
2010-03,core_goods,Core goods,核心商品,0.11986004151118879,official
2010-03,housing,Housing,住宅,-0.010994567251528318,official
2010-03,other_core_services,Core services excluding housing,核心服務（不含住宅）,1.459349544624528,official
2010-03,residual,Residual,差額,-0.0012259410904098544,official
2010-04,food,Food,食物,0.0009310833003001329,official
2010-04,energy_goods,Energy goods,能源商品,0.8832581686392208,official
2010-04,energy_services,Energy services,能源服務,-0.019460784868905373,official
2010-04,core_goods,Core goods,核心商品,-0.06171266776148134,official
2010-04,housing,Housing,住宅,-0.030950336938671504,official
2010-04,other_core_services,Core services excluding housing,核心服務（不含住宅）,1.5098019140381675,official
2010-04,residual,Residual,差額,0.00025505408007875374,official
2010-05,food,Food,食物,0.030898887845497644,official
2010-05,energy_goods,Energy goods,能源商品,0.7111479063663207,official
2010-05,energy_services,Energy services,能源服務,0.020289861631235355,official
2010-05,core_goods,Core goods,核心商品,-0.08231153902723246,official
2010-05,housing,Housing,住宅,-0.05066932919999548,official
2010-05,other_core_services,Core services excluding housing,核心服務（不含住宅）,1.5808932309049974,official
2010-05,residual,Residual,差額,-0.0017794472037833131,official
2010-06,food,Food,食物,0.010614990102573328,official
2010-06,energy_goods,Energy goods,能源商品,0.16860052636314557,official
2010-06,energy_services,Energy services,能源服務,0.010009560014396256,official
2010-06,core_goods,Core goods,核心商品,-0.12202841011337048,official
2010-06,housing,Housing,住宅,-0.040209645492172034,official
2010-06,other_core_services,Core services excluding housing,核心服務（不含住宅）,1.5331119533921178,official
2010-06,residual,Residual,差額,0.002119848839297056,official
2010-07,food,Food,食物,0.04061042261757496,official
2010-07,energy_goods,Energy goods,能源商品,0.2596648748341243,official
2010-07,energy_services,Energy services,能源服務,0.03016238950990755,official
2010-07,core_goods,Core goods,核心商品,-0.1326383797035604,official
2010-07,housing,Housing,住宅,-0.030050043858662646,official
2010-07,other_core_services,Core services excluding housing,核心服務（不含住宅）,1.4735711072625448,official
2010-07,residual,Residual,差額,-0.003930298463809212,official
2010-08,food,Food,食物,0.04049293563579277,official
2010-08,energy_goods,Energy goods,能源商品,0.15004821708903343,official
2010-08,energy_services,Energy services,能源服務,0.030075128952679962,official
2010-08,core_goods,Core goods,核心商品,-0.10217817896389324,official
2010-08,housing,Housing,住宅,-0.039934178066831125,official
2010-08,other_core_services,Core services excluding housing,核心服務（不含住宅）,1.4107877326754876,official
2010-08,residual,Residual,差額,-0.006896501457745119,official
2010-09,food,Food,食物,0.08065917334646903,official
2010-09,energy_goods,Energy goods,能源商品,0.16038220411087728,official
2010-09,energy_services,Energy services,能源服務,0.019894765124714518,official
2010-09,core_goods,Core goods,核心商品,-0.17190060901885273,official
2010-09,housing,Housing,住宅,-0.009770162554296717,official
2010-09,other_core_services,Core services excluding housing,核心服務（不含住宅）,1.349202118131745,official
2010-09,residual,Residual,差額,-0.008916192736558415,official
2010-10,food,Food,食物,0.07039202346564358,official
2010-10,energy_goods,Energy goods,能源商品,0.3017920435408139,official
2010-10,energy_services,Energy services,能源服務,0.009857354761718874,official
2010-10,core_goods,Core goods,核心商品,-0.20127867682321582,official
2010-10,housing,Housing,住宅,0.010332578655632762,official
2010-10,other_core_services,Core services excluding housing,核心服務（不含住宅）,1.1767236206685032,official
2010-10,residual,Residual,差額,-0.009399083233875949,official
2010-11,food,Food,食物,0.08032718858121864,official
2010-11,energy_goods,Energy goods,能源商品,0.2523841044867444,official
2010-11,energy_services,Energy services,能源服務,-0.040313615984513884,official
2010-11,core_goods,Core goods,核心商品,-0.18069142367639368,official
2010-11,housing,Housing,住宅,0.05047815590686084,official
2010-11,other_core_services,Core services excluding housing,核心服務（不含住宅）,1.1550605760566044,official
2010-11,residual,Residual,差額,-0.010048171593231459,official
2010-12,food,Food,食物,0.08041138994207185,official
2010-12,energy_goods,Energy goods,能源商品,0.4645990059929508,official
2010-12,energy_services,Energy services,能源服務,-0.02017122716507854,official
2010-12,core_goods,Core goods,核心商品,-0.20083667819299747,official
2010-12,housing,Housing,住宅,0.07069869578269716,official
2010-12,other_core_services,Core services excluding housing,核心服務（不含住宅）,1.094688733474911,official
2010-12,residual,Residual,差額,-0.011721722500806608,official
2011-01,food,Food,食物,0.12088543977988818,official
2011-01,energy_goods,Energy goods,能源商品,0.4546375477056892,official
2011-01,energy_services,Energy services,能源服務,-0.030252729209194994,official
2011-01,core_goods,Core goods,核心商品,-0.13979164817608947,official
2011-01,housing,Housing,住宅,0.10077349782550812,official
2011-01,other_core_services,Core services excluding housing,核心服務（不含住宅）,1.0641310907961303,official
2011-01,residual,Residual,差額,-0.0105181059731847,official
2011-02,food,Food,食物,0.16166895954911578,official
2011-02,energy_goods,Energy goods,能源商品,0.6057428939135066,official
2011-02,energy_services,Energy services,能源服務,-0.010096966738411711,official
2011-02,core_goods,Core goods,核心商品,-0.09932589255996628,official
2011-02,housing,Housing,住宅,0.12108815763197019,official
2011-02,other_core_services,Core services excluding housing,核心服務（不含住宅）,1.0757148245944927,official
2011-02,residual,Residual,差額,-0.009761244369504984,official
2011-03,food,Food,食物,0.21266083912210149,official
2011-03,energy_goods,Energy goods,能源商品,0.838251847420259,official
2011-03,energy_services,Energy services,能源服務,-0.0198844462170816,official
2011-03,core_goods,Core goods,核心商品,-0.1095405546138421,official
2011-03,housing,Housing,住宅,0.15124405889586867,official
2011-03,other_core_services,Core services excluding housing,核心服務（不含住宅）,1.0464543933703372,official
2011-03,residual,Residual,差額,-0.008640054951743359,official
2011-04,food,Food,食物,0.23316742331967666,official
2011-04,energy_goods,Energy goods,能源商品,1.031701804894253,official
2011-04,energy_services,Energy services,能源服務,-0.009668143062783765,official
2011-04,core_goods,Core goods,核心商品,0.011508470822721724,official
2011-04,housing,Housing,住宅,0.17157302624294096,official
2011-04,other_core_services,Core services excluding housing,核心服務（不含住宅）,1.0584124681652087,official
2011-04,residual,Residual,差額,-0.008598494075954033,official
2011-05,food,Food,食物,0.26382913248984385,official
2011-05,energy_goods,Energy goods,能源商品,1.1425789526118288,official
2011-05,energy_services,Energy services,能源服務,0.010577270060549697,official
2011-05,core_goods,Core goods,核心商品,0.09272274432969149,official
2011-05,housing,Housing,住宅,0.18201219849677328,official
2011-05,other_core_services,Core services excluding housing,核心服務（不含住宅）,1.081548500647561,official
2011-05,residual,Residual,差額,-0.007021662847723764,official
2011-06,food,Food,食物,0.2945062623891208,official
2011-06,energy_goods,Energy goods,能源商品,1.089717832582142,official
2011-06,energy_services,Energy services,能源服務,0.010304980011295529,official
2011-06,core_goods,Core goods,核心商品,0.13333207827155844,official
2011-06,housing,Housing,住宅,0.1926464823202401,official
2011-06,other_core_services,Core services excluding housing,核心服務（不含住宅）,1.0733831297549308,official
2011-06,residual,Residual,差額,-0.005438810201441324,official
2011-07,food,Food,食物,0.3250656133129744,official
2011-07,energy_goods,Energy goods,能源商品,1.01884905618624,official
2011-07,energy_services,Energy services,能源服務,0.010574808028502494,official
2011-07,core_goods,Core goods,核心商品,0.19372457899046228,official
2011-07,housing,Housing,住宅,0.21330113523202548,official
2011-07,other_core_services,Core services excluding housing,核心服務（不含住宅）,1.114663413662617,official
2011-07,residual,Residual,差額,-0.0004787669565633479,official
2011-08,food,Food,食物,0.36571412786457763,official
2011-08,energy_goods,Energy goods,能源商品,0.9880685509712493,official
2011-08,energy_services,Energy services,能源服務,0.010560319108969951,official
2011-08,core_goods,Core goods,核心商品,0.2040198006673886,official
2011-08,housing,Housing,住宅,0.2541027822589556,official
2011-08,other_core_services,Core services excluding housing,核心服務（不含住宅）,1.146254005436344,official
2011-08,residual,Residual,差額,0.008010209719126582,official
2011-09,food,Food,食物,0.38652044330625224,official
2011-09,energy_goods,Energy goods,能源商品,0.9779890056517132,official
2011-09,energy_services,Energy services,能源服務,0.030827335747085814,official
2011-09,core_goods,Core goods,核心商品,0.18324222889438363,official
2011-09,housing,Housing,住宅,0.26443515983751326,official
2011-09,other_core_services,Core services excluding housing,核心服務（不含住宅）,1.1668796361709644,official
2011-09,residual,Residual,差額,0.009136568350407881,official
2011-10,food,Food,食物,0.39556045818157815,official
2011-10,energy_goods,Energy goods,能源商品,0.7543748418261244,official
2011-10,energy_services,Energy services,能源服務,0.020460162190116725,official
2011-10,core_goods,Core goods,核心商品,0.21316600829656362,official
2011-10,housing,Housing,住宅,0.28443348994839407,official
2011-10,other_core_services,Core services excluding housing,核心服務（不含住宅）,1.013345033615387,official
2011-10,residual,Residual,差額,0.012292338332541064,official
2011-11,food,Food,食物,0.374545145065999,official
2011-11,energy_goods,Energy goods,能源商品,0.7040500977356088,official
2011-11,energy_services,Energy services,能源服務,0.030130790011201128,official
2011-11,core_goods,Core goods,核心商品,0.24375798906239707,official
2011-11,housing,Housing,住宅,0.2946547407260987,official
2011-11,other_core_services,Core services excluding housing,核心服務（不含住宅）,1.0444971557839715,official
2011-11,residual,Residual,差額,0.007623926555539562,official
2011-12,food,Food,食物,0.3842158259192707,official
2011-12,energy_goods,Energy goods,能源商品,0.42066912828154446,official
2011-12,energy_services,Energy services,能源服務,0.009838607178857822,official
2011-12,core_goods,Core goods,核心商品,0.25291591795591006,official
2011-12,housing,Housing,住宅,0.30477505807073674,official
2011-12,other_core_services,Core services excluding housing,核心服務（不含住宅）,1.1348989788315729,official
2011-12,residual,Residual,差額,0.019311368716294464,official
2012-01,food,Food,食物,0.36388138777828755,official
2012-01,energy_goods,Energy goods,能源商品,0.4109513665858295,official
2012-01,energy_services,Energy services,能源服務,0.009557252408730389,official
2012-01,core_goods,Core goods,核心商品,0.24319645627143824,official
2012-01,housing,Housing,住宅,0.3145886041379913,official
2012-01,other_core_services,Core services excluding housing,核心服務（不含住宅）,1.206078739813419,official
2012-01,residual,Residual,差額,0.021058639750068053,official
2012-02,food,Food,食物,0.30278102770243037,official
2012-02,energy_goods,Energy goods,能源商品,0.46274551455929935,official
2012-02,energy_services,Energy services,能源服務,-0.010669956534527295,official
2012-02,core_goods,Core goods,核心商品,0.2126042245389283,official
2012-02,housing,Housing,住宅,0.31422715339281243,official
2012-02,other_core_services,Core services excluding housing,核心服務（不含住宅）,1.2052905868383499,official
2012-02,residual,Residual,差額,0.02617547414404653,official
2012-03,food,Food,食物,0.25226960050343944,official
2012-03,energy_goods,Energy goods,能源商品,0.30253466571186777,official
2012-03,energy_services,Energy services,能源服務,-0.030797474122778473,official
2012-03,core_goods,Core goods,核心商品,0.2520935051971443,official
2012-03,housing,Housing,住宅,0.3236799904520105,official
2012-03,other_core_services,Core services excluding housing,核心服務（不含住宅）,1.1728379228782848,official
2012-03,residual,Residual,差額,0.025409261549815376,official
2012-04,food,Food,食物,0.22133063949782297,official
2012-04,energy_goods,Energy goods,能源商品,0.11205927158399692,official
2012-04,energy_services,Energy services,能源服務,-0.04062512829931827,official
2012-04,core_goods,Core goods,核心商品,0.19105318884579234,official
2012-04,housing,Housing,住宅,0.3329568806249122,official
2012-04,other_core_services,Core services excluding housing,核心服務（不含住宅）,1.1604427541947124,official
2012-04,residual,Residual,差額,0.022631135408450742,official
2012-05,food,Food,食物,0.18058241237424333,official
2012-05,energy_goods,Energy goods,能源商品,-0.12117258019345525,official
2012-05,energy_services,Energy services,能源服務,-0.06064100906956205,official
2012-05,core_goods,Core goods,核心商品,0.13045714039509684,official
2012-05,housing,Housing,住宅,0.3323478532497469,official
2012-05,other_core_services,Core services excluding housing,核心服務（不含住宅）,1.0885378831943817,official
2012-05,residual,Residual,差額,0.026828777009435756,official
2012-06,food,Food,食物,0.17077505683103675,official
2012-06,energy_goods,Energy goods,能源商品,-0.1637291933763561,official
2012-06,energy_services,Energy services,能源服務,-0.04049160193494866,official
2012-06,core_goods,Core goods,核心商品,0.0901602042685226,official
2012-06,housing,Housing,住宅,0.332731337333951,official
2012-06,other_core_services,Core services excluding housing,核心服務（不含住宅）,1.1301884312479127,official
2012-06,residual,Residual,差額,0.026385438326200994,official
2012-07,food,Food,食物,0.14053583144218462,official
2012-07,energy_goods,Energy goods,能源商品,-0.21413768996633578,official
2012-07,energy_services,Energy services,能源服務,-0.05040579928369381,official
2012-07,core_goods,Core goods,核心商品,0.07004097787624895,official
2012-07,housing,Housing,住宅,0.3326289297353109,official
2012-07,other_core_services,Core services excluding housing,核心服務（不含住宅）,1.099090527764931,official
2012-07,residual,Residual,差額,0.032273357927210755,official
2012-08,food,Food,食物,0.10029958367311902,official
2012-08,energy_goods,Energy goods,能源商品,0.029458989656208433,official
2012-08,energy_services,Energy services,能源服務,-0.030053006566805422,official
2012-08,core_goods,Core goods,核心商品,0.009454697626507545,official
2012-08,housing,Housing,住宅,0.32229280226619167,official
2012-08,other_core_services,Core services excluding housing,核心服務（不含住宅）,1.047469311987639,official
2012-08,residual,Residual,差額,0.03294508347997982,official
2012-09,food,Food,食物,0.060214943156857076,official
2012-09,energy_goods,Energy goods,能源商品,0.20219850632721512,official
2012-09,energy_services,Energy services,能源服務,-0.039996785496158656,official
2012-09,core_goods,Core goods,核心商品,0.029413353048956863,official
2012-09,housing,Housing,住宅,0.33227929752376056,official
2012-09,other_core_services,Core services excluding housing,核心服務（不含住宅）,1.0570417992649501,official
2012-09,residual,Residual,差額,0.036819891349768374,official
2012-10,food,Food,食物,0.07054902549046921,official
2012-10,energy_goods,Energy goods,能源商品,0.30319879137245664,official
2012-10,energy_services,Energy services,能源服務,-0.01982856346901818,official
2012-10,core_goods,Core goods,核心商品,0.02974830974295233,official
2012-10,housing,Housing,住宅,0.3327755574365953,official
2012-10,other_core_services,Core services excluding housing,核心服務（不含住宅）,1.2297002003664457,official
2012-10,residual,Residual,差額,0.030734176943943314,official
2012-11,food,Food,食物,0.09056137724550899,official
2012-11,energy_goods,Energy goods,能源商品,0.06930089820359289,official
2012-11,energy_services,Energy services,能源服務,0.01054523096663817,official
2012-11,core_goods,Core goods,核心商品,-0.010230752780153991,official
2012-11,housing,Housing,住宅,0.3326877673224979,official
2012-11,other_core_services,Core services excluding housing,核心服務（不含住宅）,1.1684949743370403,official
2012-11,residual,Residual,差額,0.03774230111205212,official
2012-12,food,Food,食物,0.09084874003462501,official
2012-12,energy_goods,Energy goods,能源商品,0.057568555367944106,official
2012-12,energy_services,Energy services,能源服務,0.020533374655353015,official
2012-12,core_goods,Core goods,核心商品,-0.04088678479064698,official
2012-12,housing,Housing,住宅,0.3330052151238592,official
2012-12,other_core_services,Core services excluding housing,核心服務（不含住宅）,1.1290324235364526,official
2012-12,residual,Residual,差額,0.034281317459963434,official
2013-01,food,Food,食物,0.07076916522887511,official
2013-01,energy_goods,Energy goods,能源商品,-0.002423158029267014,official
2013-01,energy_services,Energy services,能源服務,0.040557117600698675,official
2013-01,core_goods,Core goods,核心商品,-0.050227703580633484,official
2013-01,housing,Housing,住宅,0.33235595458708755,official
2013-01,other_core_services,Core services excluding housing,核心服務（不含住宅）,1.0472379491767312,official
2013-01,residual,Residual,差額,0.032538181353432005,official
2013-02,food,Food,食物,0.09071335968715465,official
2013-02,energy_goods,Energy goods,能源商品,0.13096095808892294,official
2013-02,energy_services,Energy services,能源服務,0.06056873246620763,official
2013-02,core_goods,Core goods,核心商品,-0.08048892714443596,official
2013-02,housing,Housing,住宅,0.34203221967185243,official
2013-02,other_core_services,Core services excluding housing,核心服務（不含住宅）,1.036244049137125,official
2013-02,residual,Residual,差額,0.02457727620505268,official
2013-03,food,Food,食物,0.0807194221713122,official
2013-03,energy_goods,Energy goods,能源商品,-0.12217502439438288,official
2013-03,energy_services,Energy services,能源服務,0.06029294472020705,official
2013-03,core_goods,Core goods,核心商品,-0.15100239701327903,official
2013-03,housing,Housing,住宅,0.3418597004794026,official
2013-03,other_core_services,Core services excluding housing,核心服務（不含住宅）,1.045848182088159,official
2013-03,residual,Residual,差額,0.021450086971281923,official
2013-04,food,Food,食物,0.09072779849165324,official
2013-04,energy_goods,Energy goods,能源商品,-0.3040737013812388,official
2013-04,energy_services,Energy services,能源服務,0.09055694432675199,official
2013-04,core_goods,Core goods,核心商品,-0.16104599186509622,official
2013-04,housing,Housing,住宅,0.34179328023048894,official
2013-04,other_core_services,Core services excluding housing,核心服務（不含住宅）,0.9649621854080163,official
2013-04,residual,Residual,差額,0.018304804677575115,official
2013-05,food,Food,食物,0.08061006129244343,official
2013-05,energy_goods,Energy goods,能源商品,-0.15455960637102067,official
2013-05,energy_services,Energy services,能源服務,0.12090093529299487,official
2013-05,core_goods,Core goods,核心商品,-0.17144673495790122,official
2013-05,housing,Housing,住宅,0.35250143157091046,official
2013-05,other_core_services,Core services excluding housing,核心服務（不含住宅）,0.9971229666390956,official
2013-05,residual,Residual,差額,0.0039010837521893382,official
2013-06,food,Food,食物,0.09090213677934092,official
2013-06,energy_goods,Energy goods,能源商品,0.06621151356971601,official
2013-06,energy_services,Energy services,能源服務,0.11095741294799161,official
2013-06,core_goods,Core goods,核心商品,-0.1515238610562947,official
2013-06,housing,Housing,住宅,0.3630549366605131,official
2013-06,other_core_services,Core services excluding housing,核心服務（不含住宅）,1.0189935705646445,official
2013-06,residual,Residual,差額,0.006910688140559396,official
2013-07,food,Food,食物,0.10101624809095537,official
2013-07,energy_goods,Energy goods,能源商品,0.12631649838791792,official
2013-07,energy_services,Energy services,能源服務,0.11091740200237572,official
2013-07,core_goods,Core goods,核心商品,-0.16161611233667064,official
2013-07,housing,Housing,住宅,0.3532286187001527,official
2013-07,other_core_services,Core services excluding housing,核心服務（不含住宅）,1.0599661674868488,official
2013-07,residual,Residual,差額,0.005284023417622574,official
2013-08,food,Food,食物,0.10067776544580095,official
2013-08,energy_goods,Energy goods,能源商品,-0.07248274404101254,official
2013-08,energy_services,Energy services,能源服務,0.08048728925532478,official
2013-08,core_goods,Core goods,核心商品,-0.14145954230748903,official
2013-08,housing,Housing,住宅,0.36264742878283385,official
2013-08,other_core_services,Core services excluding housing,核心服務（不含住宅）,1.0776192590243645,official
2013-08,residual,Residual,差額,-0.002701125733324039,official
2013-09,food,Food,食物,0.100372208698218,official
2013-09,energy_goods,Energy goods,能源商品,-0.3424236771943136,official
2013-09,energy_services,Energy services,能源服務,0.10046241556279178,official
2013-09,core_goods,Core goods,核心商品,-0.15113991548375538,official
2013-09,housing,Housing,住宅,0.36196695225148323,official
2013-09,other_core_services,Core services excluding housing,核心服務（不含住宅）,1.075329054830177,official
2013-09,residual,Residual,差額,-0.0032815908444283615,official
2013-10,food,Food,食物,0.09021917750646184,official
2013-10,energy_goods,Energy goods,能源商品,-0.4214040599323344,official
2013-10,energy_services,Energy services,能源服務,0.090195326454704,official
2013-10,core_goods,Core goods,核心商品,-0.18071889381553785,official
2013-10,housing,Housing,住宅,0.36123962426713174,official
2013-10,other_core_services,Core services excluding housing,核心服務（不含住宅）,1.043722024922773,official
2013-10,residual,Residual,差額,-0.007146279446089032,official
2013-11,food,Food,食物,0.07016948974334711,official
2013-11,energy_goods,Energy goods,能源商品,-0.211353184241239,official
2013-11,energy_services,Energy services,能源服務,0.07024329979286925,official
2013-11,core_goods,Core goods,核心商品,-0.19094691354130527,official
2013-11,housing,Housing,住宅,0.3718840488281866,official
2013-11,other_core_services,Core services excluding housing,核心服務（不含住宅）,1.095543954830773,official
2013-11,residual,Residual,差額,-0.010070235203828881,official
2013-12,food,Food,食物,0.06029854670115886,official
2013-12,energy_goods,Energy goods,能源商品,-0.04052274591456869,official
2013-12,energy_services,Energy services,能源服務,0.07025437987675354,official
2013-12,core_goods,Core goods,核心商品,-0.1914552968641555,official
2013-12,housing,Housing,住宅,0.3824225503186321,official
2013-12,other_core_services,Core services excluding housing,核心服務（不含住宅）,1.1167960123667109,official
2013-12,residual,Residual,差額,-0.009693250888588523,official
2014-01,food,Food,食物,0.0603225400157439,official
2014-01,energy_goods,Energy goods,能源商品,0.030391078457097896,official
2014-01,energy_services,Energy services,能源服務,0.09049855680923642,official
2014-01,core_goods,Core goods,核心商品,-0.24127368144843875,official
2014-01,housing,Housing,住宅,0.3821116767252689,official
2014-01,other_core_services,Core services excluding housing,核心服務（不含住宅）,1.0858397271057465,official
2014-01,residual,Residual,差額,-0.002484492259241522,official
2014-02,food,Food,食物,0.07035329554249377,official
2014-02,energy_goods,Energy goods,能源商品,-0.2491440584014893,official
2014-02,energy_services,Energy services,能源服務,0.10042232309076075,official
2014-02,core_goods,Core goods,核心商品,-0.230733783755517,official
2014-02,housing,Housing,住宅,0.3811770242851465,official
2014-02,other_core_services,Core services excluding housing,核心服務（不含住宅）,1.0226227330725626,official
2014-02,residual,Residual,差額,-0.0007154809965184139,official
2014-03,food,Food,食物,0.09080114778820375,official
2014-03,energy_goods,Energy goods,能源商品,-0.09993213806970506,official
2014-03,energy_services,Energy services,能源服務,0.17130445710455766,official
2014-03,core_goods,Core goods,核心商品,-0.20121774463806974,official
2014-03,housing,Housing,住宅,0.3921313672922252,official
2014-03,other_core_services,Core services excluding housing,核心服務（不含住宅）,1.0351902856903485,official
2014-03,residual,Residual,差額,0.001426043063009752,official
2014-04,food,Food,食物,0.10118187250369531,official
2014-04,energy_goods,Energy goods,能源商品,0.13089568198257695,official
2014-04,energy_services,Energy services,能源服務,0.10085102368147938,official
2014-04,core_goods,Core goods,核心商品,-0.17125273872797225,official
2014-04,housing,Housing,住宅,0.40309672820287024,official
2014-04,other_core_services,Core services excluding housing,核心服務（不含住宅）,1.1077052342464173,official
2014-04,residual,Residual,差額,0.0006360138797116832,official
2014-05,food,Food,食物,0.1617324352353317,official
2014-05,energy_goods,Energy goods,能源商品,0.10997842050680381,official
2014-05,energy_services,Energy services,能源服務,0.11127130451179017,official
2014-05,core_goods,Core goods,核心商品,-0.15114182755261313,official
2014-05,housing,Housing,住宅,0.40330271000722806,official
2014-05,other_core_services,Core services excluding housing,核心服務（不含住宅）,1.1288845706623647,official
2014-05,residual,Residual,差額,0.0021386744324891627,official
2014-06,food,Food,食物,0.1414183729996969,official
2014-06,energy_goods,Energy goods,能源商品,0.06002174072099757,official
2014-06,energy_services,Energy services,能源服務,0.11102474052240445,official
2014-06,core_goods,Core goods,核心商品,-0.13049878231057876,official
2014-06,housing,Housing,住宅,0.4029377149247959,official
2014-06,other_core_services,Core services excluding housing,核心服務（不含住宅）,1.0673971757967242,official
2014-06,residual,Residual,差額,-0.0008423484159632011,official
2014-07,food,Food,食物,0.1515601511608485,official
2014-07,energy_goods,Energy goods,能源商品,0.019502046099883076,official
2014-07,energy_services,Energy services,能源服務,0.11088681727075331,official
2014-07,core_goods,Core goods,核心商品,-0.12034908969433775,official
2014-07,housing,Housing,住宅,0.42307207282445297,official
2014-07,other_core_services,Core services excluding housing,核心服務（不含住宅）,1.0878606773008184,official
2014-07,residual,Residual,差額,-0.0032909846333699644,official
2014-08,food,Food,食物,0.17163956470073177,official
2014-08,energy_goods,Energy goods,能源商品,-0.0911973857026706,official
2014-08,energy_services,Energy services,能源服務,0.10040413200742178,official
2014-08,core_goods,Core goods,核心商品,-0.15095993078574857,official
2014-08,housing,Housing,住宅,0.41296068130172825,official
2014-08,other_core_services,Core services excluding housing,核心服務（不含住宅）,1.0672801092417703,official
2014-08,residual,Residual,差額,-0.003883294765140599,official
2014-09,food,Food,食物,0.18171063599233142,official
2014-09,energy_goods,Energy goods,能源商品,-0.11250375093773442,official
2014-09,energy_services,Energy services,能源服務,0.0702227640243394,official
2014-09,core_goods,Core goods,核心商品,-0.1206058806368259,official
2014-09,housing,Housing,住宅,0.4233778236225723,official
2014-09,other_core_services,Core services excluding housing,核心服務（不含住宅）,1.0577207843627574,official
2014-09,residual,Residual,差額,-0.0026730640993541943,official
2014-10,food,Food,食物,0.17148372059144876,official
2014-10,energy_goods,Energy goods,能源商品,-0.19374462815937069,official
2014-10,energy_services,Energy services,能源服務,0.059993652643517886,official
2014-10,core_goods,Core goods,核心商品,-0.10032340301551462,official
2014-10,housing,Housing,住宅,0.42326691154282386,official
2014-10,other_core_services,Core services excluding housing,核心服務（不含住宅）,0.9670400507788519,official
2014-10,residual,Residual,差額,0.005228556860867206,official
2014-11,food,Food,食物,0.2014505537892484,official
2014-11,energy_goods,Energy goods,能源商品,-0.3955553477547119,official
2014-11,energy_services,Energy services,能源服務,0.04978627683228393,official
2014-11,core_goods,Core goods,核心商品,-0.16101687342850618,official
2014-11,housing,Housing,住宅,0.42317041747189493,official
2014-11,other_core_services,Core services excluding housing,核心服務（不含住宅）,0.9569490680132162,official
2014-11,residual,Residual,差額,0.010975313259781405,official
2014-12,food,Food,食物,0.21129887775634243,official
2014-12,energy_goods,Energy goods,能源商品,-0.7372000954218267,official
2014-12,energy_services,Energy services,能源服務,0.0698814487522559,official
2014-12,core_goods,Core goods,核心商品,-0.17126081274503704,official
2014-12,housing,Housing,住宅,0.41277563424398944,official
2014-12,other_core_services,Core services excluding housing,核心服務（不含住宅）,0.9360751550604683,official
2014-12,residual,Residual,差額,0.010688592942943886,official
2015-01,food,Food,食物,0.2008821702858799,official
2015-01,energy_goods,Energy goods,能源商品,-1.2478335437928252,official
2015-01,energy_services,Energy services,能源服務,0.029746517067919757,official
2015-01,core_goods,Core goods,核心商品,-0.21126192891299397,official
2015-01,housing,Housing,住宅,0.4221927463928623,official
2015-01,other_core_services,Core services excluding housing,核心服務（不含住宅）,0.8442506262032418,official
2015-01,residual,Residual,差額,0.0034252799801265665,official
2015-02,food,Food,食物,0.19079546865301056,official
2015-02,energy_goods,Energy goods,能源商品,-1.1372589488930271,official
2015-02,energy_services,Energy services,能源服務,-0.00025750051727706225,official
2015-02,core_goods,Core goods,核心商品,-0.17117214980343473,official
2015-02,housing,Housing,住宅,0.43200362093937517,official
2015-02,other_core_services,Core services excluding housing,核心服務（不含住宅）,0.8538606455617629,official
2015-02,residual,Residual,差額,0.0027302917442622032,official
2015-03,food,Food,食物,0.14053597066570264,official
2015-03,energy_goods,Energy goods,能源商品,-0.9755239374063938,official
2015-03,energy_services,Energy services,能源服務,-0.08016309456179312,official
2015-03,core_goods,Core goods,核心商品,-0.14092909156638952,official
2015-03,housing,Housing,住宅,0.4313801580333626,official
2015-03,other_core_services,Core services excluding housing,核心服務（不含住宅）,0.8226779941124825,official
2015-03,residual,Residual,差額,0.0013712751123218792,official
2015-04,food,Food,食物,0.10031787765370617,official
2015-04,energy_goods,Energy goods,能源商品,-1.0737160650396447,official
2015-04,energy_services,Energy services,能源服務,-0.05009403322094714,official
2015-04,core_goods,Core goods,核心商品,-0.12065493313536867,official
2015-04,housing,Housing,住宅,0.43069473228370814,official
2015-04,other_core_services,Core services excluding housing,核心服務（不含住宅）,0.8214180250961469,official
2015-04,residual,Residual,差額,0.002358460412226343,official
2015-05,food,Food,食物,0.06021853479778068,official
2015-05,energy_goods,Energy goods,能源商品,-0.872111851112232,official
2015-05,energy_services,Energy services,能源服務,-0.09995120796318979,official
2015-05,core_goods,Core goods,核心商品,-0.13045076018816842,official
2015-05,housing,Housing,住宅,0.4400129700351014,official
2015-05,other_core_services,Core services excluding housing,核心服務（不含住宅）,0.7802191524184998,official
2015-05,residual,Residual,差額,0.007349377747111641,official
2015-06,food,Food,食物,0.08016811820715042,official
2015-06,energy_goods,Energy goods,能源商品,-0.821104747411391,official
2015-06,energy_services,Energy services,能源服務,-0.08983465805682085,official
2015-06,core_goods,Core goods,核心商品,-0.19031721386486788,official
2015-06,housing,Housing,住宅,0.45960412532261213,official
2015-06,other_core_services,Core services excluding housing,核心服務（不含住宅）,0.8194917380440706,official
2015-06,residual,Residual,差額,0.012421313481336238,official
2015-07,food,Food,食物,0.0700956967276237,official
2015-07,energy_goods,Energy goods,能源商品,-0.7899837767350166,official
2015-07,energy_services,Energy services,能源服務,-0.09972020001848218,official
2015-07,core_goods,Core goods,核心商品,-0.22008604491174746,official
2015-07,housing,Housing,住宅,0.4590608988510232,official
2015-07,other_core_services,Core services excluding housing,核心服務（不含住宅）,0.7885890893409041,official
2015-07,residual,Residual,差額,0.011777166267929795,official
2015-08,food,Food,食物,0.06012507830230337,official
2015-08,energy_goods,Energy goods,能源商品,-0.8202606311422381,official
2015-08,energy_services,Energy services,能源服務,-0.07973002392713005,official
2015-08,core_goods,Core goods,核心商品,-0.2001766294580967,official
2015-08,housing,Housing,住宅,0.46920660512020046,official
2015-08,other_core_services,Core services excluding housing,核心服務（不含住宅）,0.7988413312931946,official
2015-08,residual,Residual,差額,0.011265570605563907,official
2015-09,food,Food,食物,0.060128011661687866,official
2015-09,energy_goods,Energy goods,能源商品,-1.0005573178117912,official
2015-09,energy_services,Energy services,能源服務,-0.06970568609939122,official
2015-09,core_goods,Core goods,核心商品,-0.19003849588863908,official
2015-09,housing,Housing,住宅,0.46913851334010864,official
2015-09,other_core_services,Core services excluding housing,核心服務（不含住宅）,0.7987060248632113,official
2015-09,residual,Residual,差額,-0.0019714001211352805,official
2015-10,food,Food,食物,0.07015546701716914,official
2015-10,energy_goods,Energy goods,能源商品,-0.9308541444179743,official
2015-10,energy_services,Energy services,能源服務,-0.06973301569046247,official
2015-10,core_goods,Core goods,核心商品,-0.240136264684137,official
2015-10,housing,Housing,住宅,0.47930748377556887,official
2015-10,other_core_services,Core services excluding housing,核心服務（不含住宅）,0.7889606095457159,official
2015-10,residual,Residual,差額,-0.0022019017497704324,official
2015-11,food,Food,食物,0.03016517457935472,official
2015-11,energy_goods,Energy goods,能源商品,-0.7515718822912706,official
2015-11,energy_services,Energy services,能源服務,-0.06980923209752184,official
2015-11,core_goods,Core goods,核心商品,-0.19033713293110358,official
2015-11,housing,Housing,住宅,0.46978476940313085,official
2015-11,other_core_services,Core services excluding housing,核心服務（不含住宅）,0.7797912448222344,official
2015-11,residual,Residual,差額,-0.014145398854980562,official
2015-12,food,Food,食物,-0.00990300658978583,official
2015-12,energy_goods,Energy goods,能源商品,-0.5828501853377266,official
2015-12,energy_services,Energy services,能源服務,-0.11005343904448102,official
2015-12,core_goods,Core goods,核心商品,-0.1707133443163097,official
2015-12,housing,Housing,住宅,0.48073126029654034,official
2015-12,other_core_services,Core services excluding housing,核心服務（不含住宅）,0.7612561779242174,official
2015-12,residual,Residual,差額,-0.022503706754529673,official
2016-01,food,Food,食物,-0.009950752167525402,official
2016-01,energy_goods,Energy goods,能源商品,-0.25445165228547195,official
2016-01,energy_services,Energy services,能源服務,-0.11061880522275329,official
2016-01,core_goods,Core goods,核心商品,-0.13141308171415564,official
2016-01,housing,Housing,住宅,0.48318807291989985,official
2016-01,other_core_services,Core services excluding housing,核心服務（不含住宅）,0.9161363213110684,official
2016-01,residual,Residual,差額,-0.021741469571881056,official
2016-02,food,Food,食物,-0.009846217402530336,official
2016-02,energy_goods,Energy goods,能源商品,-0.5453162922798864,official
2016-02,energy_services,Energy services,能源服務,-0.10044110508649622,official
2016-02,core_goods,Core goods,核心商品,-0.12093777433514072,official
2016-02,housing,Housing,住宅,0.4826825716498838,official
2016-02,other_core_services,Core services excluding housing,核心服務（不含住宅）,0.9551434030467338,official
2016-02,residual,Residual,差額,-0.02095409243481594,official
2016-03,food,Food,食物,-0.020000515421408543,official
2016-03,energy_goods,Energy goods,能源商品,-0.5034682706580901,official
2016-03,energy_services,Energy services,能源服務,-0.08028935757875635,official
2016-03,core_goods,Core goods,核心商品,-0.1608259112650503,official
2016-03,housing,Housing,住宅,0.48202766782121065,official
2016-03,other_core_services,Core services excluding housing,核心服務（不含住宅）,0.9839880216064655,official
2016-03,residual,Residual,差額,-0.01592116114134401,official
2016-04,food,Food,食物,-5.149648793934675e-07,official
2016-04,energy_goods,Energy goods,能源商品,-0.34241065359342493,official
2016-04,energy_services,Energy services,能源服務,-0.07022709951181326,official
2016-04,core_goods,Core goods,核心商品,-0.1403587245349867,official
2016-04,housing,Housing,住宅,0.4818746781469504,official
2016-04,other_core_services,Core services excluding housing,核心服務（不含住宅）,1.0139802665458215,official
2016-04,residual,Residual,差額,-0.016951098935053865,official
2016-05,food,Food,食物,-0.03020580106239789,official
2016-05,energy_goods,Energy goods,能源商品,-0.4509581102879982,official
2016-05,energy_services,Energy services,能源服務,-0.04003842715793149,official
2016-05,core_goods,Core goods,核心商品,-0.1803887924214247,official
2016-05,housing,Housing,住宅,0.4911589795226402,official
2016-05,other_core_services,Core services excluding housing,核心服務（不含住宅）,1.072702333371007,official
2016-05,residual,Residual,差額,-0.013584822300069521,official
2016-06,food,Food,食物,-0.07023914024365233,official
2016-06,energy_goods,Energy goods,能源商品,-0.40931457401862253,official
2016-06,energy_services,Energy services,能源服務,-0.049941445506378426,official
2016-06,core_goods,Core goods,核心商品,-0.1904433118667706,official
2016-06,housing,Housing,住宅,0.4906305631896304,official
2016-06,other_core_services,Core services excluding housing,核心服務（不含住宅）,1.071385618770253,official
2016-06,residual,Residual,差額,-0.012470261290461804,official
2016-07,food,Food,食物,-0.09023974181650529,official
2016-07,energy_goods,Energy goods,能源商品,-0.5298265457712207,official
2016-07,energy_services,Energy services,能源服務,-0.019757491931765785,official
2016-07,core_goods,Core goods,核心商品,-0.1905183136109831,official
2016-07,housing,Housing,住宅,0.49051472772911225,official
2016-07,other_core_services,Core services excluding housing,核心服務（不含住宅）,1.1113668357153834,official
2016-07,residual,Residual,差額,-0.016455202090071896,official
2016-08,food,Food,食物,-0.1103073392615662,official
2016-08,energy_goods,Energy goods,能源商品,-0.46994385936155386,official
2016-08,energy_services,Energy services,能源服務,-0.009681289185755844,official
2016-08,core_goods,Core goods,核心商品,-0.1403572306683605,official
2016-08,housing,Housing,住宅,0.49078156374216286,official
2016-08,other_core_services,Core services excluding housing,核心服務（不含住宅）,1.142040015571856,official
2016-08,residual,Residual,差額,-0.014321394910451146,official
2016-09,food,Food,食物,-0.13057675143880093,official
2016-09,energy_goods,Energy goods,能源商品,-0.1295012156713891,official
2016-09,energy_services,Energy services,能源服務,0.00040809626886342647,official
2016-09,core_goods,Core goods,核心商品,-0.14028478512879966,official
2016-09,housing,Housing,住宅,0.5019198375001283,official
2016-09,other_core_services,Core services excluding housing,核心服務（不含住宅）,1.1239497522492485,official
2016-09,residual,Residual,差額,-0.006140012515789328,official
2016-10,food,Food,食物,-0.14057675143880094,official
2016-10,energy_goods,Energy goods,能源商品,-0.008403418242251982,official
2016-10,energy_services,Energy services,能源服務,0.010408096268863428,official
2016-10,core_goods,Core goods,核心商品,-0.12052874011305234,official
2016-10,housing,Housing,住宅,0.51252972496076,official
2016-10,other_core_services,Core services excluding housing,核心服務（不含住宅）,1.1850475496783857,official
2016-10,residual,Residual,差額,-0.011473168029387137,official
2016-11,food,Food,食物,-0.14077405729049192,official
2016-11,energy_goods,Energy goods,能源商品,0.0017381943447682211,official
2016-11,energy_services,Energy services,能源服務,0.020395333100945275,official
2016-11,core_goods,Core goods,核心商品,-0.1916930837212164,official
2016-11,housing,Housing,住宅,0.5329097377432386,official
2016-11,other_core_services,Core services excluding housing,核心服務（不含住宅）,1.175453566814985,official
2016-11,residual,Residual,差額,-0.0006256023293385038,official
2016-12,food,Food,食物,-0.13102394926941388,official
2016-12,energy_goods,Energy goods,能源商品,0.18300997373173536,official
2016-12,energy_services,Energy services,能源服務,0.04042932195041864,official
2016-12,core_goods,Core goods,核心商品,-0.19227394926941394,official
2016-12,housing,Housing,住宅,0.544065834838286,official
2016-12,other_core_services,Core services excluding housing,核心服務（不含住宅）,1.2177349778361517,official
2016-12,residual,Residual,差額,-0.004784107699880025,official
2017-01,food,Food,食物,-0.12080864855994093,official
2017-01,energy_goods,Energy goods,能源商品,0.42498984573726106,official
2017-01,energy_services,Energy services,能源服務,0.05040863214901123,official
2017-01,core_goods,Core goods,核心商品,-0.11123399934356286,official
2017-01,housing,Housing,住宅,0.5445052104701732,official
2017-01,other_core_services,Core services excluding housing,核心服務（不含住宅）,1.22971598834824,official
2017-01,residual,Residual,差額,-0.012366558628057245,official
2017-02,food,Food,食物,-0.12067125044897123,official
2017-02,energy_goods,Energy goods,能源商品,0.5944987428805993,official
2017-02,energy_services,Energy services,能源服務,0.06064087433937092,official
2017-02,core_goods,Core goods,核心商品,-0.1208961978552004,official
2017-02,housing,Housing,住宅,0.5455926933141773,official
2017-02,other_core_services,Core services excluding housing,核心服務（不含住宅）,1.2523763148442713,official
2017-02,residual,Residual,差額,-0.01440433064805191,official
2017-03,food,Food,食物,-0.07006787955729833,official
2017-03,energy_goods,Energy goods,能源商品,0.4228502247294544,official
2017-03,energy_services,Energy services,能源服務,0.06049931915677821,official
2017-03,core_goods,Core goods,核心商品,-0.12127158989690089,official
2017-03,housing,Housing,住宅,0.5350000511912197,official
2017-03,other_core_services,Core services excluding housing,核心服務（不含住宅）,1.0989262129759503,official
2017-03,residual,Residual,差額,-0.01957531764153364,official
2017-04,food,Food,食物,-0.05968171195901749,official
2017-04,energy_goods,Energy goods,能源商品,0.30167124182339555,official
2017-04,energy_services,Energy services,能源服務,0.07045911442654067,official
2017-04,core_goods,Core goods,核心商品,-0.20118437031216518,official
2017-04,housing,Housing,住宅,0.5238556835692346,official
2017-04,other_core_services,Core services excluding housing,核心服務（不含住宅）,1.148594593491372,official
2017-04,residual,Residual,差額,-0.016241364179080175,official
2017-05,food,Food,食物,-0.029633327560033822,official
2017-05,energy_goods,Energy goods,能源商品,0.13932279196764236,official
2017-05,energy_services,Energy services,能源服務,0.07052071765508948,official
2017-05,core_goods,Core goods,核心商品,-0.2118988721689607,official
2017-05,housing,Housing,住宅,0.5137238800647967,official
2017-05,other_core_services,Core services excluding housing,核心服務（不含住宅）,1.0882317402422748,official
2017-05,residual,Residual,差額,-0.012494880441765721,official
2017-06,food,Food,食物,-0.019754487668446476,official
2017-06,energy_goods,Energy goods,能源商品,0.008839969488939748,official
2017-06,energy_services,Energy services,能源服務,0.08053536740401726,official
2017-06,core_goods,Core goods,核心商品,-0.1717536740401729,official
2017-06,housing,Housing,住宅,0.5034647342995169,official
2017-06,other_core_services,Core services excluding housing,核心服務（不含住宅）,1.0877276379354184,official
2017-06,residual,Residual,差額,-0.023511619628772573,official
2017-07,food,Food,食物,0.00039199934920990283,official
2017-07,energy_goods,Energy goods,能源商品,0.08823849423440645,official
2017-07,energy_services,Energy services,能源服務,0.06052490288991478,official
2017-07,core_goods,Core goods,核心商品,-0.14172916963250695,official
2017-07,housing,Housing,住宅,0.5039638201378862,official
2017-07,other_core_services,Core services excluding housing,核心服務（不含住宅）,0.99799475300482,official
2017-07,residual,Residual,差額,-0.023753025157095875,official
2017-08,food,Food,食物,0.010377542420211416,official
2017-08,energy_goods,Energy goods,能源商品,0.2398357010123986,official
2017-08,energy_services,Energy services,能源服務,0.04032016978239013,official
2017-08,core_goods,Core goods,核心商品,-0.20204195818397833,official
2017-08,housing,Housing,住宅,0.5139905969800669,official
2017-08,other_core_services,Core services excluding housing,核心服務（不含住宅）,0.9879555032037288,official
2017-08,residual,Residual,差額,-0.018528823403983763,official
2017-09,food,Food,食物,0.020338921208927087,official
2017-09,energy_goods,Energy goods,能源商品,0.43310025743417185,official
2017-09,energy_services,Energy services,能源服務,0.030262704477732938,official
2017-09,core_goods,Core goods,核心商品,-0.2721539334725235,official
2017-09,housing,Housing,住宅,0.5036629639389456,official
2017-09,other_core_services,Core services excluding housing,核心服務（不含住宅）,1.0576762005148683,official
2017-09,residual,Residual,差額,-0.015442807045989326,official
2017-10,food,Food,食物,0.030452320265404377,official
2017-10,energy_goods,Energy goods,能源商品,0.2510046728971963,official
2017-10,energy_services,Energy services,能源服務,0.030200873892462662,official
2017-10,core_goods,Core goods,核心商品,-0.21101893433669136,official
2017-10,housing,Housing,住宅,0.5035108427398147,official
2017-10,other_core_services,Core services excluding housing,核心服務（不含住宅）,1.087558562932395,official
2017-10,residual,Residual,差額,-0.00966763765828027,official
2017-11,food,Food,食物,0.040270674715119165,official
2017-11,energy_goods,Energy goods,能源商品,0.35273718162607054,official
2017-11,energy_services,Energy services,能源服務,0.03019079685746351,official
2017-11,core_goods,Core goods,核心商品,-0.19213223324334439,official
2017-11,housing,Housing,住宅,0.4940187662409885,official
2017-11,other_core_services,Core services excluding housing,核心服務（不含住宅）,1.0885408640964198,official
2017-11,residual,Residual,差額,-0.01991314546869849,official
2017-12,food,Food,食物,0.050184413198615135,official
2017-12,energy_goods,Energy goods,能源商品,0.27226918068859707,official
2017-12,energy_services,Energy services,能源服務,0.04030089531749956,official
2017-12,core_goods,Core goods,核心商品,-0.1821778320598359,official
2017-12,housing,Housing,住宅,0.4940663766389761,official
2017-12,other_core_services,Core services excluding housing,核心服務（不含住宅）,1.0984464676847918,official
2017-12,residual,Residual,差額,-0.006679553047810982,official
2018-01,food,Food,食物,0.06030638203738525,official
2018-01,energy_goods,Energy goods,能源商品,0.22282762365385972,official
2018-01,energy_services,Energy services,能源服務,0.030009150234788985,official
2018-01,core_goods,Core goods,核心商品,-0.16015042583784986,official
2018-01,housing,Housing,住宅,0.492882424510563,official
2018-01,other_core_services,Core services excluding housing,核心服務（不含住宅）,1.1171643321836886,official
2018-01,residual,Residual,差額,-0.005389991050874343,official
2018-02,food,Food,食物,0.04007621553230374,official
2018-02,energy_goods,Energy goods,能源商品,0.30311921354407245,official
2018-02,energy_services,Energy services,能源服務,0.040305966702146874,official
2018-02,core_goods,Core goods,核心商品,-0.1799062117165064,official
2018-02,housing,Housing,住宅,0.48275440322936963,official
2018-02,other_core_services,Core services excluding housing,核心服務（不含住宅）,1.1478910690257669,official
2018-02,residual,Residual,差額,0.0033670395437013223,official
2018-03,food,Food,食物,0.020086502235394585,official
2018-03,energy_goods,Energy goods,能源商品,0.24158908926508263,official
2018-03,energy_services,Energy services,能源服務,0.0403266187773145,official
2018-03,core_goods,Core goods,核心商品,-0.12960506354548657,official
2018-03,housing,Housing,住宅,0.5039312804541116,official
2018-03,other_core_services,Core services excluding housing,核心服務（不含住宅）,1.3209564474807858,official
2018-03,residual,Residual,差額,0.0010071834028255733,official
2018-04,food,Food,食物,0.020247681123088494,official
2018-04,energy_goods,Energy goods,能源商品,0.3325529205314615,official
2018-04,energy_services,Energy services,能源服務,0.020088443218851837,official
2018-04,core_goods,Core goods,核心商品,-0.06887410378540995,official
2018-04,housing,Housing,住宅,0.523930308347957,official
2018-04,other_core_services,Core services excluding housing,核心服務（不含住宅）,1.2100454249185262,official
2018-04,residual,Residual,差額,0.008637553271504395,official
2018-05,food,Food,食物,-0.00016171425131919492,official
2018-05,energy_goods,Energy goods,能源商品,0.49358439838687024,official
2018-05,energy_services,Energy services,能源服務,0.010092795088381047,official
2018-05,core_goods,Core goods,核心商品,-0.00887793182319783,official
2018-05,housing,Housing,住宅,0.5249753215224414,official
2018-05,other_core_services,Core services excluding housing,核心服務（不含住宅）,1.242832607692462,official
2018-05,residual,Residual,差額,0.0037610601713367053,official
2018-06,food,Food,食物,0.02004801234889642,official
2018-06,energy_goods,Energy goods,能源商品,0.5333615660645912,official
2018-06,energy_services,Energy services,能源服務,-0.010125293186055373,official
2018-06,core_goods,Core goods,核心商品,-0.06018693743359468,official
2018-06,housing,Housing,住宅,0.525439027323938,official
2018-06,other_core_services,Core services excluding housing,核心服務（不含住宅）,1.2540420584166951,official
2018-06,residual,Residual,差額,0.005729406811924687,official
2018-07,food,Food,食物,0.020267326633467933,official
2018-07,energy_goods,Energy goods,能源商品,0.5527029247617807,official
2018-07,energy_services,Energy services,能源服務,-0.010121539432682387,official
2018-07,core_goods,Core goods,核心商品,-0.08061070308507765,official
2018-07,housing,Housing,住宅,0.5261512178992616,official
2018-07,other_core_services,Core services excluding housing,核心服務（不含住宅）,1.3155956233780548,official
2018-07,residual,Residual,差額,0.014622205745316474,official
2018-08,food,Food,食物,0.030432883121557182,official
2018-08,energy_goods,Energy goods,能源商品,0.4728110410189249,official
2018-08,energy_services,Energy services,能源服務,0.010089675787537365,official
2018-08,core_goods,Core goods,核心商品,-0.13241824707329025,official
2018-08,housing,Housing,住宅,0.5159286992512022,official
2018-08,other_core_services,Core services excluding housing,核心服務（不含住宅）,1.2739057454487288,official
2018-08,residual,Residual,差額,0.009661491397328525,official
2018-09,food,Food,食物,0.050679980079681275,official
2018-09,energy_goods,Energy goods,能源商品,0.25274073705179284,official
2018-09,energy_services,Energy services,能源服務,-0.0001278884462151391,official
2018-09,core_goods,Core goods,核心商品,-0.0920749003984064,official
2018-09,housing,Housing,住宅,0.504700796812749,official
2018-09,other_core_services,Core services excluding housing,核心服務（不含住宅）,1.2919227091633465,official
2018-09,residual,Residual,差額,0.0021187250995966522,official
2018-10,food,Food,食物,0.030439267489630065,official
2018-10,energy_goods,Energy goods,能源商品,0.37285722811868977,official
2018-10,energy_services,Energy services,能源服務,0.010059981498244322,official
2018-10,core_goods,Core goods,核心商品,-0.10133968626592794,official
2018-10,housing,Housing,住宅,0.49485909818861845,official
2018-10,other_core_services,Core services excluding housing,核心服務（不含住宅）,1.2417095224358654,official
2018-10,residual,Residual,差額,0.004512637892773341,official
2018-11,food,Food,食物,0.06076285075738763,official
2018-11,energy_goods,Energy goods,能源商品,0.10962056121182026,official
2018-11,energy_services,Energy services,能源服務,0.010045592252296997,official
2018-11,core_goods,Core goods,核心商品,-0.03129485969704498,official
2018-11,housing,Housing,住宅,0.505162056121182,official
2018-11,other_core_services,Core services excluding housing,核心服務（不含住宅）,1.2721457164142043,official
2018-11,residual,Residual,差額,0.015450310404768297,official
2018-12,food,Food,食物,0.08103371321450889,official
2018-12,energy_goods,Energy goods,能源商品,-0.0330501582011684,official
2018-12,energy_services,Energy services,能源服務,0.040763233850090765,official
2018-12,core_goods,Core goods,核心商品,-0.05199621110681308,official
2018-12,housing,Housing,住宅,0.4952206385574434,official
2018-12,other_core_services,Core services excluding housing,核心服務（不含住宅）,1.3129602959700857,official
2018-12,residual,Residual,差額,0.019759375526924083,official
2019-01,food,Food,食物,0.0811025800650204,official
2019-01,energy_goods,Energy goods,能源商品,-0.28515103904188777,official
2019-01,energy_services,Energy services,能源服務,0.030276781391120486,official
2019-01,core_goods,Core goods,核心商品,-0.0503158133973656,official
2019-01,housing,Housing,住宅,0.49411397345823577,official
2019-01,other_core_services,Core services excluding housing,核心服務（不含住宅）,1.1386910937855117,official
2019-01,residual,Residual,差額,0.02311475409836028,official
2019-02,food,Food,食物,0.12127208724461624,official
2019-02,energy_goods,Energy goods,能源商品,-0.24348347400804607,official
2019-02,energy_services,Energy services,能源服務,0.010254792143251581,official
2019-02,core_goods,Core goods,核心商品,-0.09069407194131104,official
2019-02,housing,Housing,住宅,0.5137283071704662,official
2019-02,other_core_services,Core services excluding housing,核心服務（不含住宅）,1.06726167468644,official
2019-02,residual,Residual,差額,0.021834227340845613,official
2019-03,food,Food,食物,0.13127230999566605,official
2019-03,energy_goods,Energy goods,能源商品,-0.021640203301682353,official
2019-03,energy_services,Energy services,能源服務,0.020373113746503316,official
2019-03,core_goods,Core goods,核心商品,-0.15109323903707497,official
2019-03,housing,Housing,住宅,0.5138811512548757,official
2019-03,other_core_services,Core services excluding housing,核心服務（不含住宅）,0.9970400102438831,official
2019-03,residual,Residual,差額,0.031974508490610676,official
2019-04,food,Food,食物,0.08047176856710492,official
2019-04,energy_goods,Energy goods,能源商品,0.05052208006603389,official
2019-04,energy_services,Energy services,能源服務,0.02017284751292184,official
2019-04,core_goods,Core goods,核心商品,-0.20091867617868442,official
2019-04,housing,Housing,住宅,0.5134182339877759,official
2019-04,other_core_services,Core services excluding housing,核心服務（不含住宅）,1.076756087494841,official
2019-04,residual,Residual,差額,0.02591612129788068,official
2019-05,food,Food,食物,0.12057768709351488,official
2019-05,energy_goods,Energy goods,能源商品,-0.019913577461472803,official
2019-05,energy_services,Energy services,能源服務,0.02013821720406906,official
2019-05,core_goods,Core goods,核心商品,-0.20057376325521623,official
2019-05,housing,Housing,住宅,0.5131623193808184,official
2019-05,other_core_services,Core services excluding housing,核心服務（不含住宅）,1.005653270028742,official
2019-05,residual,Residual,差額,0.026509451545496665,official
2019-06,food,Food,食物,0.11048231385194406,official
2019-06,energy_goods,Energy goods,能源商品,-0.14140362053925842,official
2019-06,energy_services,Energy services,能源服務,0.030112222995422915,official
2019-06,core_goods,Core goods,核心商品,-0.110039106528536,official
2019-06,housing,Housing,住宅,0.523443236726813,official
2019-06,other_core_services,Core services excluding housing,核心服務（不含住宅）,0.9859745758558841,official
2019-06,residual,Residual,差額,0.027495515980754837,official
2019-07,food,Food,食物,0.10037606352252366,official
2019-07,energy_goods,Energy goods,能源商品,-0.08074772119799872,official
2019-07,energy_services,Energy services,能源服務,0.030080382231708436,official
2019-07,core_goods,Core goods,核心商品,-0.14060330732251777,official
2019-07,housing,Housing,住宅,0.5234595690102509,official
2019-07,other_core_services,Core services excluding housing,核心服務（不含住宅）,0.9963459862733387,official
2019-07,residual,Residual,差額,0.025018553511457986,official
2019-08,food,Food,食物,0.09031328271759548,official
2019-08,energy_goods,Energy goods,能源商品,-0.18134862241703198,official
2019-08,energy_services,Energy services,能源服務,0.009928087820914266,official
2019-08,core_goods,Core goods,核心商品,-0.05056815513462742,official
2019-08,housing,Housing,住宅,0.5236771094239199,official
2019-08,other_core_services,Core services excluding housing,核心服務（不含住宅）,1.0166570131496555,official
2019-08,residual,Residual,差額,0.021757690200377988,official
2019-09,food,Food,食物,0.0802913550352477,official
2019-09,energy_goods,Energy goods,能源商品,-0.23101700872893435,official
2019-09,energy_services,Energy services,能源服務,0.00976498271788168,official
2019-09,core_goods,Core goods,核心商品,-0.08083120154660312,official
2019-09,housing,Housing,住宅,0.533153840145287,official
2019-09,other_core_services,Core services excluding housing,核心服務（不含住宅）,0.945572457966373,official
2019-09,residual,Residual,差額,0.027019566873009326,official
2019-10,food,Food,食物,0.10024650324089868,official
2019-10,energy_goods,Energy goods,能源商品,-0.23023392952872948,official
2019-10,energy_services,Energy services,能源服務,0.009876309761684347,official
2019-10,core_goods,Core goods,核心商品,-0.10052907061747647,official
2019-10,housing,Housing,住宅,0.5226358009649593,official
2019-10,other_core_services,Core services excluding housing,核心服務（不含住宅）,0.9650601881183293,official
2019-10,residual,Residual,差額,0.02150601881183367,official
2019-11,food,Food,食物,0.0903445386339277,official
2019-11,energy_goods,Energy goods,能源商品,-0.039704959563480455,official
2019-11,energy_services,Energy services,能源服務,0.009872941634999565,official
2019-11,core_goods,Core goods,核心商品,-0.13087099288707002,official
2019-11,housing,Housing,住宅,0.5129762252752607,official
2019-11,other_core_services,Core services excluding housing,核心服務（不含住宅）,0.895270193900419,official
2019-11,residual,Residual,差額,0.020389359836301413,official
2019-12,food,Food,食物,0.07029590753741444,official
2019-12,energy_goods,Energy goods,能源商品,0.18125626819602533,official
2019-12,energy_services,Energy services,能源服務,-0.040235051265323556,official
2019-12,core_goods,Core goods,核心商品,-0.12119463296365177,official
2019-12,housing,Housing,住宅,0.513164526148723,official
2019-12,other_core_services,Core services excluding housing,核心服務（不含住宅）,0.9471956456120193,official
2019-12,residual,Residual,差額,0.013280104380686497,official
2020-01,food,Food,食物,0.0909683578832515,official
2020-01,energy_goods,Energy goods,能源商品,0.3311143909282207,official
2020-01,energy_services,Energy services,能源服務,-0.020245499181669353,official
2020-01,core_goods,Core goods,核心商品,-0.20129851531447274,official
2020-01,housing,Housing,住宅,0.5242169355467228,official
2020-01,other_core_services,Core services excluding housing,核心服務（不含住宅）,1.0594625321487023,official
2020-01,residual,Residual,差額,0.010263911620290944,official
2020-02,food,Food,食物,0.08117857559609475,official
2020-02,energy_goods,Energy goods,能源商品,0.13888609047415304,official
2020-02,energy_services,Energy services,能源服務,-0.020208487300167215,official
2020-02,core_goods,Core goods,核心商品,-0.13052112100820723,official
2020-02,housing,Housing,住宅,0.5038325100159478,official
2020-02,other_core_services,Core services excluding housing,核心服務（不含住宅）,1.0992437473258392,official
2020-02,residual,Residual,差額,0.016685888210344668,official
2020-03,food,Food,食物,0.10145543276833965,official
2020-03,energy_goods,Energy goods,能源商品,-0.2447820392164472,official
2020-03,energy_services,Energy services,能源服務,-0.030140197343527117,official
2020-03,core_goods,Core goods,核心商品,-0.15119201699832152,official
2020-03,housing,Housing,住宅,0.4933902531313974,official
2020-03,other_core_services,Core services excluding housing,核心服務（不含住宅）,0.986164802219872,official
2020-03,residual,Residual,差額,0.011312809865233975,official
2020-04,food,Food,食物,0.34281994969040247,official
2020-04,energy_goods,Energy goods,能源商品,-0.726579140866873,official
2020-04,energy_services,Energy services,能源服務,-0.02008349458204333,official
2020-04,core_goods,Core goods,核心商品,-0.2720565982972137,official
2020-04,housing,Housing,住宅,0.472406346749226,official
2020-04,other_core_services,Core services excluding housing,核心服務（不含住宅）,0.6623123065015479,official
2020-04,residual,Residual,差額,0.003641931114555963,official
2020-05,food,Food,食物,0.3928586068545463,official
2020-05,energy_goods,Energy goods,能源商品,-0.7362299028375308,official
2020-05,energy_services,Energy services,能源服務,-0.030107893846376937,official
2020-05,core_goods,Core goods,核心商品,-0.3421320636148306,official
2020-05,housing,Housing,住宅,0.4722486585778508,official
2020-05,other_core_services,Core services excluding housing,核心服務（不含住宅）,0.7322896505051482,official
2020-05,residual,Residual,差額,0.001235848600570355,official
2020-06,food,Food,食物,0.42280536121526036,official
2020-06,energy_goods,Energy goods,能源商品,-0.47526951026245606,official
2020-06,energy_services,Energy services,能源服務,-0.030093637663793422,official
2020-06,core_goods,Core goods,核心商品,-0.37195585791040164,official
2020-06,housing,Housing,住宅,0.44213723860693444,official
2020-06,other_core_services,Core services excluding housing,核心服務（不含住宅）,0.7725118858954042,official
2020-06,residual,Residual,差額,-0.0005977735688511565,official
2020-07,food,Food,食物,0.34174200459361914,official
2020-07,energy_goods,Energy goods,能源商品,-0.4542080832255698,official
2020-07,energy_services,Energy services,能源服務,-0.0300535600548146,official
2020-07,core_goods,Core goods,核心商品,-0.1907141340641949,official
2020-07,housing,Housing,住宅,0.4418518268321399,official
2020-07,other_core_services,Core services excluding housing,核心服務（不含住宅）,0.8124917488564205,official
2020-07,residual,Residual,差額,0.001474204319554251,official
2020-08,food,Food,食物,0.34158377544130414,official
2020-08,energy_goods,Energy goods,能源商品,-0.37375817497829655,official
2020-08,energy_services,Energy services,能源服務,-0.03013186071187421,official
2020-08,core_goods,Core goods,核心商品,-0.059487219060480406,official
2020-08,housing,Housing,住宅,0.4218409375904312,official
2020-08,other_core_services,Core services excluding housing,核心服務（不含住宅）,0.8531114112086428,official
2020-08,residual,Residual,差額,0.004360181344661207,official
2020-09,food,Food,食物,0.3111631785449182,official
2020-09,energy_goods,Energy goods,能源商品,-0.3230988210116356,official
2020-09,energy_services,Energy services,能源服務,9.958258220624759e-05,official
2020-09,core_goods,Core goods,核心商品,-0.05979813559812214,official
2020-09,housing,Housing,住宅,0.3917186430547656,official
2020-09,other_core_services,Core services excluding housing,核心服務（不含住宅）,0.9543834652424975,official
2020-09,residual,Residual,差額,0.0018858029749500016,official
2020-10,food,Food,食物,0.32084933167816626,official
2020-10,energy_goods,Energy goods,能源商品,-0.37269301461743504,official
2020-10,energy_services,Energy services,能源服務,0.00022681563170607807,official
2020-10,core_goods,Core goods,核心商品,-0.06967454795654231,official
2020-10,housing,Housing,住宅,0.39140727696142114,official
2020-10,other_core_services,Core services excluding housing,核心服務（不含住宅）,0.9134014646304262,official
2020-10,residual,Residual,差額,0.003968840516955563,official
2020-11,food,Food,食物,0.3105295893255403,official
2020-11,energy_goods,Energy goods,能源商品,-0.40216017457509806,official
2020-11,energy_services,Energy services,能源服務,0.010334922710143819,official
2020-11,core_goods,Core goods,核心商品,-0.00930871721910331,official
2020-11,housing,Housing,住宅,0.3611541567330616,official
2020-11,other_core_services,Core services excluding housing,核心服務（不含住宅）,0.9129364377451357,official
2020-11,residual,Residual,差額,0.0027784934245889126,official
2020-12,food,Food,食物,0.3298694239121056,official
2020-12,energy_goods,Energy goods,能源商品,-0.3294844066074185,official
2020-12,energy_services,Energy services,能源服務,0.02027975111929209,official
2020-12,core_goods,Core goods,核心商品,0.05090866384806389,official
2020-12,housing,Housing,住宅,0.3404651653292684,official
2020-12,other_core_services,Core services excluding housing,核心服務（不含住宅）,0.922798469901349,official
2020-12,residual,Residual,差額,-0.00031493571859431135,official
2021-01,food,Food,食物,0.2893617571059432,official
2021-01,energy_goods,Energy goods,能源商品,-0.1875539286056082,official
2021-01,energy_services,Energy services,能源服務,0.010128529045841713,official
2021-01,core_goods,Core goods,核心商品,0.1317451430758924,official
2021-01,housing,Housing,住宅,0.3101878648674514,official
2021-01,other_core_services,Core services excluding housing,核心服務（不含住宅）,0.9529948320413436,official
2021-01,residual,Residual,差額,0.0004570772322762817,official
2021-02,food,Food,食物,0.27929063907509594,official
2021-02,energy_goods,Energy goods,能源商品,0.023934380767502095,official
2021-02,energy_services,Energy services,能源服務,0.030405840895833522,official
2021-02,core_goods,Core goods,核心商品,0.07123636120222235,official
2021-02,housing,Housing,住宅,0.3205361804672334,official
2021-02,other_core_services,Core services excluding housing,核心服務（不含住宅）,1.0653139911831926,official
2021-02,residual,Residual,差額,-0.004405439262512134,official
2021-03,food,Food,食物,0.26022077087589074,official
2021-03,energy_goods,Energy goods,能源商品,0.4380575615463551,official
2021-03,energy_services,Energy services,能源服務,0.040702016859913114,official
2021-03,core_goods,Core goods,核心商品,0.17244890717457392,official
2021-03,housing,Housing,住宅,0.31197303181133773,official
2021-03,other_core_services,Core services excluding housing,核心服務（不含住宅）,1.4145795091636217,official
2021-03,residual,Residual,差額,-0.0025414544791813043,official
2021-04,food,Food,食物,0.08108457404803637,official
2021-04,energy_goods,Energy goods,能源商品,0.6991159305841792,official
2021-04,energy_services,Energy services,能源服務,0.06148442766617232,official
2021-04,core_goods,Core goods,核心商品,0.6229420828598394,official
2021-04,housing,Housing,住宅,0.3140678749590709,official
2021-04,other_core_services,Core services excluding housing,核心服務（不含住宅）,1.7973139890984033,official
2021-04,residual,Residual,差額,0.0016794429784821041,official
2021-05,food,Food,食物,0.042115699139904955,official
2021-05,energy_goods,Energy goods,能源商品,0.7694186180754652,official
2021-05,energy_services,Energy services,能源服務,0.09210771391737702,official
2021-05,core_goods,Core goods,核心商品,0.9198916703546209,official
2021-05,housing,Housing,住宅,0.3151832752881415,official
2021-05,other_core_services,Core services excluding housing,核心服務（不含住宅）,1.830489407554213,official
2021-05,residual,Residual,差額,0.0012771545669849615,official
2021-06,food,Food,食物,0.06389929989450466,official
2021-06,energy_goods,Energy goods,能源商品,0.6796561810683801,official
2021-06,energy_services,Energy services,能源服務,0.10218231514337779,official
2021-06,core_goods,Core goods,核心商品,1.0724631245804164,official
2021-06,housing,Housing,住宅,0.34607643617531414,official
2021-06,other_core_services,Core services excluding housing,核心服務（不含住宅）,1.9434886352738086,official
2021-06,residual,Residual,差額,0.010129855183662606,official
2021-07,food,Food,食物,0.185039874543403,official
2021-07,energy_goods,Energy goods,能源商品,0.6490044751286121,official
2021-07,energy_services,Energy services,能源服務,0.12266356212587735,official
2021-07,core_goods,Core goods,核心商品,1.0124250798447092,official
2021-07,housing,Housing,住宅,0.3467393715695462,official
2021-07,other_core_services,Core services excluding housing,核心服務（不含住宅）,2.068345541127197,official
2021-07,residual,Residual,差額,-0.0008868021954837602,official
2021-08,food,Food,食物,0.2157524554209974,official
2021-08,energy_goods,Energy goods,能源商品,0.6797365309430723,official
2021-08,energy_services,Energy services,能源服務,0.14270344235720417,official
2021-08,core_goods,Core goods,核心商品,0.9632422046343091,official
2021-08,housing,Housing,住宅,0.3674666730237437,official
2021-08,other_core_services,Core services excluding housing,核心服務（不含住宅）,2.1402595594545626,official
2021-08,residual,Residual,差額,0.00023171545723776887,official
2021-09,food,Food,食物,0.3187915131785602,official
2021-09,energy_goods,Energy goods,能源商品,0.7011918291974832,official
2021-09,energy_services,Energy services,能源服務,0.14334970539802205,official
2021-09,core_goods,Core goods,核心商品,1.0227712575078292,official
2021-09,housing,Housing,住宅,0.41942440770248535,official
2021-09,other_core_services,Core services excluding housing,核心服務（不含住宅）,2.0497610820792524,official
2021-09,residual,Residual,差額,0.00027813472686144536,official
2021-10,food,Food,食物,0.3717178153322365,official
2021-10,energy_goods,Energy goods,能源商品,0.8460215309412179,official
2021-10,energy_services,Energy services,能源服務,0.175055301423667,official
2021-10,core_goods,Core goods,核心商品,1.2414371713060266,official
2021-10,housing,Housing,住宅,0.4622696883529401,official
2021-10,other_core_services,Core services excluding housing,核心服務（不含住宅）,2.175728809046039,official
2021-10,residual,Residual,差額,0.004942511245730863,official
2021-11,food,Food,食物,0.4449590529935967,official
2021-11,energy_goods,Energy goods,能源商品,1.0034439187520188,official
2021-11,energy_services,Energy services,能源服務,0.16488751448820999,official
2021-11,core_goods,Core goods,核心商品,1.3469268844173365,official
2021-11,housing,Housing,住宅,0.5149120256892589,official
2021-11,other_core_services,Core services excluding housing,核心服務（不含住宅）,2.385966102339015,official
2021-11,residual,Residual,差額,0.007342054760695049,official
2021-12,food,Food,食物,0.46535672049877486,official
2021-12,energy_goods,Energy goods,能源商品,0.923681870216369,official
2021-12,energy_services,Energy services,能源服務,0.16419956669410313,official
2021-12,core_goods,Core goods,核心商品,1.469572465207807,official
2021-12,housing,Housing,住宅,0.556103179784104,official
2021-12,other_core_services,Core services excluding housing,核心服務（不含住宅）,2.4509552597470177,official
2021-12,residual,Residual,差額,0.014653591803124755,official
2022-01,food,Food,食物,0.527158063451657,official
2022-01,energy_goods,Energy goods,能源商品,0.8114764531183708,official
2022-01,energy_services,Energy services,能源服務,0.20530203177296943,official
2022-01,core_goods,Core goods,核心商品,1.6489739310799982,official
2022-01,housing,Housing,住宅,0.6082282562579551,official
2022-01,other_core_services,Core services excluding housing,核心服務（不含住宅）,2.419227266298968,official
2022-01,residual,Residual,差額,0.014489982557871706,official
2022-02,food,Food,食物,0.621190800537387,official
2022-02,energy_goods,Energy goods,能源商品,0.8042368072453283,official
2022-02,energy_services,Energy services,能源服務,0.18464745727680126,official
2022-02,core_goods,Core goods,核心商品,1.8212464182035117,official
2022-02,housing,Housing,住宅,0.6403227139917889,official
2022-02,other_core_services,Core services excluding housing,核心服務（不含住宅）,2.434314314972614,official
2022-02,residual,Residual,差額,0.0037510921543439935,official
2022-03,food,Food,食物,0.7138242741943019,official
2022-03,energy_goods,Energy goods,能源商品,1.1280558592399481,official
2022-03,energy_services,Energy services,能源服務,0.20548454012838843,official
2022-03,core_goods,Core goods,核心商品,1.761032620375821,official
2022-03,housing,Housing,住宅,0.6811805380353021,official
2022-03,other_core_services,Core services excluding housing,核心服務（不含住宅）,2.4293495547519597,official
2022-03,residual,Residual,差額,0.001339108008839851,official
2022-04,food,Food,食物,0.7754909672440564,official
2022-04,energy_goods,Energy goods,能源商品,1.0112455254618653,official
2022-04,energy_services,Energy services,能源服務,0.2164804329028479,official
2022-04,core_goods,Core goods,核心商品,1.47505648378009,official
2022-04,housing,Housing,住宅,0.7330589569793498,official
2022-04,other_core_services,Core services excluding housing,核心服務（不含住宅）,2.4204207228064303,official
2022-04,residual,Residual,差額,0.002185527135457832,official
2022-05,food,Food,食物,0.8374437627811862,official
2022-05,energy_goods,Energy goods,能源商品,1.1569724897981846,official
2022-05,energy_services,Energy services,能源服務,0.25921716681009355,official
2022-05,core_goods,Core goods,核心商品,1.3127388057629847,official
2022-05,housing,Housing,住宅,0.7852621010650603,official
2022-05,other_core_services,Core services excluding housing,核心服務（不含住宅）,2.4287195217870066,official
2022-05,residual,Residual,差額,0.004200464518023139,official
2022-06,food,Food,食物,0.8680599624544484,official
2022-06,energy_goods,Energy goods,能源商品,1.3988939706261272,official
2022-06,energy_services,Energy services,能源服務,0.3009413994920308,official
2022-06,core_goods,Core goods,核心商品,1.2943842713586335,official
2022-06,housing,Housing,住宅,0.848024717488129,official
2022-06,other_core_services,Core services excluding housing,核心服務（不含住宅）,2.50518754371112,official
2022-06,residual,Residual,差額,0.002824474546311073,official
2022-07,food,Food,食物,0.9310457851633352,official
2022-07,energy_goods,Energy goods,能源商品,1.0638464850405818,official
2022-07,energy_services,Energy services,能源服務,0.2903433429215295,official
2022-07,core_goods,Core goods,核心商品,1.261536706912662,official
2022-07,housing,Housing,住宅,0.9111012073798574,official
2022-07,other_core_services,Core services excluding housing,核心服務（不含住宅）,2.3951268756526995,official
2022-07,residual,Residual,差額,0.006529469962067047,official
2022-08,food,Food,食物,0.9613131506674331,official
2022-08,energy_goods,Energy goods,能源商品,0.6805435268569968,official
2022-08,energy_services,Energy services,能源服務,0.31115557623700946,official
2022-08,core_goods,Core goods,核心商品,1.2832590625826878,official
2022-08,housing,Housing,住宅,0.9847046962107319,official
2022-08,other_core_services,Core services excluding housing,核心服務（不含住宅）,2.4510915245577056,official
2022-08,residual,Residual,差額,0.011387603901507504,official
2022-09,food,Food,食物,0.9210535889693311,official
2022-09,energy_goods,Energy goods,能源商品,0.5122289627824063,official
2022-09,energy_services,Energy services,能源服務,0.3115003456179285,official
2022-09,core_goods,Core goods,核心商品,1.302453341579656,official
2022-09,housing,Housing,住宅,1.0493832539018446,official
2022-09,other_core_services,Core services excluding housing,核心服務（不含住宅）,2.5862230327063704,official
2022-09,residual,Residual,差額,0.010321515625582478,official
2022-10,food,Food,食物,0.8982564588979223,official
2022-10,energy_goods,Energy goods,能源商品,0.527323396567299,official
2022-10,energy_services,Energy services,能源服務,0.24846233062330622,official
2022-10,core_goods,Core goods,核心商品,1.0956289972899729,official
2022-10,housing,Housing,住宅,1.0786985546522132,official
2022-10,other_core_services,Core services excluding housing,核心服務（不含住宅）,2.6541334236675698,official
2022-10,residual,Residual,差額,0.003368563685643977,official
2022-11,food,Food,食物,0.8651148202988289,official
2022-11,energy_goods,Energy goods,能源商品,0.3649006147081258,official
2022-11,energy_services,Energy services,能源服務,0.22566285278413423,official
2022-11,core_goods,Core goods,核心商品,0.9063582357428097,official
2022-11,housing,Housing,住宅,1.1283631713554987,official
2022-11,other_core_services,Core services excluding housing,核心服務（不含住宅）,2.5992367748014535,official
2022-11,residual,Residual,差額,1.2204424115758172e-05,official
2022-12,food,Food,食物,0.8519493612161874,official
2022-12,energy_goods,Energy goods,能源商品,0.05059792306045247,official
2022-12,energy_services,Energy services,能源服務,0.2559896688316323,official
2022-12,core_goods,Core goods,核心商品,0.7730461780029977,official
2022-12,housing,Housing,住宅,1.1887050353293842,official
2022-12,other_core_services,Core services excluding housing,核心服務（不含住宅）,2.494363446577689,official
2022-12,residual,Residual,差額,-0.008342284633503283,official
2023-01,food,Food,食物,0.8088132554713432,official
2023-01,energy_goods,Energy goods,能源商品,0.09291201476774522,official
2023-01,energy_services,Energy services,能源服務,0.26682768597241696,official
2023-01,core_goods,Core goods,核心商品,0.6253607625268465,official
2023-01,housing,Housing,住宅,1.217900654963702,official
2023-01,other_core_services,Core services excluding housing,核心服務（不含住宅）,2.5399638793730808,official
2023-01,residual,Residual,差額,0.0038759118905273837,official
2023-02,food,Food,食物,0.7254689953250419,official
2023-02,energy_goods,Energy goods,能源商品,-0.0180880303431243,official
2023-02,energy_services,Energy services,能源服務,0.23372558878010055,official
2023-02,core_goods,Core goods,核心商品,0.5138715709623357,official
2023-02,housing,Housing,住宅,1.256296462909059,official
2023-02,other_core_services,Core services excluding housing,核心服務（不含住宅）,2.473661197847755,official
2023-02,residual,Residual,差額,0.01485251830290224,official
2023-03,food,Food,食物,0.5988561940135461,official
2023-03,energy_goods,Energy goods,能源商品,-0.525794974874372,official
2023-03,energy_services,Energy services,能源服務,0.16015529823028188,official
2023-03,core_goods,Core goods,核心商品,0.5711563906488967,official
2023-03,housing,Housing,住宅,1.248319685383439,official
2023-03,other_core_services,Core services excluding housing,核心服務（不含住宅）,2.423587240550579,official
2023-03,residual,Residual,差額,0.014871575267635606,official
2023-04,food,Food,食物,0.5280915178571428,official
2023-04,energy_goods,Energy goods,能源商品,-0.3654042271205358,official
2023-04,energy_services,Energy services,能源服務,0.10900652204241072,official
2023-04,core_goods,Core goods,核心商品,0.5811679513113839,official
2023-04,housing,Housing,住宅,1.2594669015066964,official
2023-04,other_core_services,Core services excluding housing,核心服務（不含住宅）,2.405692836216518,official
2023-04,residual,Residual,差額,0.014274815150663756,official
2023-05,food,Food,食物,0.44577343350577553,official
2023-05,energy_goods,Energy goods,能源商品,-0.615205414164522,official
2023-05,energy_services,Energy services,能源服務,0.027926447777748914,official
2023-05,core_goods,Core goods,核心商品,0.5698911621216454,official
2023-05,housing,Housing,住宅,1.2453505602204487,official
2023-05,other_core_services,Core services excluding housing,核心服務（不含住宅）,2.407974454294157,official
2023-05,residual,Residual,差額,0.015307579657032555,official
2023-06,food,Food,食物,0.36228560148310907,official
2023-06,energy_goods,Energy goods,能源商品,-0.8862633891787971,official
2023-06,energy_services,Energy services,能源服務,-0.011552629772040674,official
2023-06,core_goods,Core goods,核心商品,0.40476526023070586,official
2023-06,housing,Housing,住宅,1.207007947679209,official
2023-06,other_core_services,Core services excluding housing,核心服務（不含住宅）,2.252840909090909,official
2023-06,residual,Residual,差額,0.01649443834112141,official
2023-07,food,Food,食物,0.2826199742820403,official
2023-07,energy_goods,Energy goods,能源商品,-0.6158684954993571,official
2023-07,energy_services,Energy services,能源服務,-0.021527132447492527,official
2023-07,core_goods,Core goods,核心商品,0.2714327475353622,official
2023-07,housing,Housing,住宅,1.1882769824260608,official
2023-07,other_core_services,Core services excluding housing,核心服務（不含住宅）,2.2345435062151733,official
2023-07,residual,Residual,差額,0.021859751393058957,official
2023-08,food,Food,食物,0.23241019807738358,official
2023-08,energy_goods,Energy goods,能源商品,-0.12951387225890323,official
2023-08,energy_services,Energy services,能源服務,-0.041094471622592436,official
2023-08,core_goods,Core goods,核心商品,0.1607190995860559,official
2023-08,housing,Housing,住宅,1.1376216174609148,official
2023-08,other_core_services,Core services excluding housing,核心服務（不含住宅）,2.061717525914269,official
2023-08,residual,Residual,差額,0.016270654442205768,official
2023-09,food,Food,食物,0.2020920320185496,official
2023-09,energy_goods,Energy goods,能源商品,0.05306281807564764,official
2023-09,energy_services,Energy services,能源服務,-0.060895002003290497,official
2023-09,core_goods,Core goods,核心商品,0.10004756749384096,official
2023-09,housing,Housing,住宅,1.0967794760755964,official
2023-09,other_core_services,Core services excluding housing,核心服務（不含住宅）,2.0824600407477813,official
2023-09,residual,Residual,差額,0.018145805450661356,official
2023-10,food,Food,食物,0.1822153144136656,official
2023-10,energy_goods,Energy goods,能源商品,-0.17951832878153046,official
2023-10,energy_services,Energy services,能源服務,-0.04068862275449102,official
2023-10,core_goods,Core goods,核心商品,0.15137478583908673,official
2023-10,housing,Housing,住宅,1.0638277552543638,official
2023-10,other_core_services,Core services excluding housing,核心服務（不含住宅）,1.9052405387525233,official
2023-10,residual,Residual,差額,0.017580787433627787,official
2023-11,food,Food,食物,0.13154938631884353,official
2023-11,energy_goods,Energy goods,能源商品,-0.27157357829827194,official
2023-11,energy_services,Energy services,能源服務,-0.01035061452702988,official
2023-11,core_goods,Core goods,核心商品,0.11857394202383675,official
2023-11,housing,Housing,住宅,1.0335114742727602,official
2023-11,other_core_services,Core services excluding housing,核心服務（不含住宅）,1.8751271770666802,official
2023-11,residual,Residual,差額,0.01181989663427263,official
2023-12,food,Food,食物,0.10141984590950563,official
2023-12,energy_goods,Energy goods,能源商品,-0.07234776805325585,official
2023-12,energy_services,Energy services,能源服務,-0.03002340080424425,official
2023-12,core_goods,Core goods,核心商品,0.057345233670124715,official
2023-12,housing,Housing,住宅,0.9842763491366202,official
2023-12,other_core_services,Core services excluding housing,核心服務（不含住宅）,1.815696701922752,official
2023-12,residual,Residual,差額,0.005796387659258162,official
2024-01,food,Food,食物,0.10150691957154148,official
2024-01,energy_goods,Energy goods,能源商品,-0.1729518740856581,official
2024-01,energy_services,Energy services,能源服務,-0.0492156417629353,official
2024-01,core_goods,Core goods,核心商品,-0.04245178160049773,official
2024-01,housing,Housing,住宅,0.9517291361886026,official
2024-01,other_core_services,Core services excluding housing,核心服務（不含住宅）,1.9651728631724092,official
2024-01,residual,Residual,差額,-0.006139585330169339,official
2024-02,food,Food,食物,0.10177663187020501,official
2024-02,energy_goods,Energy goods,能源商品,-0.11154613675428669,official
2024-02,energy_services,Energy services,能源服務,-0.008916362721670215,official
2024-02,core_goods,Core goods,核心商品,-0.03126675889825177,official
2024-02,housing,Housing,住宅,0.9111474447658576,official
2024-02,other_core_services,Core services excluding housing,核心服務（不含住宅）,1.9539223577747034,official
2024-02,residual,Residual,差額,-0.007923112396773124,official
2024-03,food,Food,食物,0.11121708875581279,official
2024-03,energy_goods,Energy goods,能源商品,0.010392843999866131,official
2024-03,energy_services,Energy services,能源服務,0.0412609146565856,official
2024-03,core_goods,Core goods,核心商品,-0.07080852095948613,official
2024-03,housing,Housing,住宅,0.9005740022080225,official
2024-03,other_core_services,Core services excluding housing,核心服務（不含住宅）,1.9660115084808136,official
2024-03,residual,Residual,差額,-0.007090512194296572,official
2024-04,food,Food,食物,0.10094523130307126,official
2024-04,energy_goods,Energy goods,能源商品,0.02033807116760921,official
2024-04,energy_services,Energy services,能源服務,0.05082887076055586,official
2024-04,core_goods,Core goods,核心商品,-0.08000275261498421,official
2024-04,housing,Housing,住宅,0.8700019184892315,official
2024-04,other_core_services,Core services excluding housing,核心服務（不含住宅）,1.8835951654071368,official
2024-04,residual,Residual,差額,-0.007176567739349604,official
2024-05,food,Food,食物,0.09076126497348683,official
2024-05,energy_goods,Energy goods,能源商品,0.048819851992441404,official
2024-05,energy_services,Energy services,能源服務,0.07068559631729224,official
2024-05,core_goods,Core goods,核心商品,-0.17079198195273412,official
2024-05,housing,Housing,住宅,0.8602452363709013,official
2024-05,other_core_services,Core services excluding housing,核心服務（不含住宅）,1.8124760882051794,official
2024-05,residual,Residual,差額,-0.015095439069666483,official
2024-06,food,Food,食物,0.10079519973424135,official
2024-06,energy_goods,Energy goods,能源商品,-0.04323669130470897,official
2024-06,energy_services,Energy services,能源服務,0.05029823104393324,official
2024-06,core_goods,Core goods,核心商品,-0.1507091603687401,official
2024-06,housing,Housing,住宅,0.8296531019018355,official
2024-06,other_core_services,Core services excluding housing,核心服務（不含住宅）,1.8023058716053486,official
2024-06,residual,Residual,差額,-0.019552528859724472,official
2024-07,food,Food,食物,0.09093057202809963,official
2024-07,energy_goods,Energy goods,能源商品,-0.03319230992527229,official
2024-07,energy_services,Energy services,能源服務,0.05023106717203972,official
2024-07,core_goods,Core goods,核心商品,-0.08111461296663375,official
2024-07,housing,Housing,住宅,0.8101116354678987,official
2024-07,other_core_services,Core services excluding housing,核心服務（不含住宅）,1.7827486709075981,official
2024-07,residual,Residual,差額,-0.02373423128282104,official
2024-08,food,Food,食物,0.080680976319619,official
2024-08,energy_goods,Energy goods,能源商品,-0.24321867971953962,official
2024-08,energy_services,Energy services,能源服務,0.029879034925254663,official
2024-08,core_goods,Core goods,核心商品,-0.10157916060325436,official
2024-08,housing,Housing,住宅,0.8193939343828549,official
2024-08,other_core_services,Core services excluding housing,核心服務（不含住宅）,1.870854941129779,official
2024-08,residual,Residual,差額,-0.0193461436697846,official
2024-09,food,Food,食物,0.09082362050361194,official
2024-09,energy_goods,Energy goods,能源商品,-0.38322627941648885,official
2024-09,energy_services,Energy services,能源服務,0.03997100565883874,official
2024-09,core_goods,Core goods,核心商品,-0.08102798118662632,official
2024-09,housing,Housing,住宅,0.787623122987076,official
2024-09,other_core_services,Core services excluding housing,核心服務（不含住宅）,1.81809732873158,official
2024-09,residual,Residual,差額,-0.012843834172136415,official
2024-10,food,Food,食物,0.07095954984081543,official
2024-10,energy_goods,Energy goods,能源商品,-0.29308044785573845,official
2024-10,energy_services,Energy services,能源服務,0.05013335307715722,official
2024-10,core_goods,Core goods,核心商品,-0.12042334049046947,official
2024-10,housing,Housing,住宅,0.788204875079181,official
2024-10,other_core_services,Core services excluding housing,核心服務（不含住宅）,1.9195034428292899,official
2024-10,residual,Residual,差額,-0.009018896484770167,official
2024-11,food,Food,食物,0.10137492189812228,official
2024-11,energy_goods,Energy goods,能源商品,-0.1927145746325101,official
2024-11,energy_services,Energy services,能源服務,0.029873310533065866,official
2024-11,core_goods,Core goods,核心商品,-0.08133299352165475,official
2024-11,housing,Housing,住宅,0.7486808181788287,official
2024-11,other_core_services,Core services excluding housing,核心服務（不含住宅）,1.8914023808740834,official
2024-11,residual,Residual,差額,-0.006245026143580912,official
2024-12,food,Food,食物,0.12174901445466492,official
2024-12,energy_goods,Energy goods,能源商品,-0.0806395367936925,official
2024-12,energy_services,Energy services,能源服務,0.03009173784494086,official
2024-12,core_goods,Core goods,核心商品,-0.0924842312746386,official
2024-12,housing,Housing,住宅,0.7291829829172142,official
2024-12,other_core_services,Core services excluding housing,核心服務（不含住宅）,1.9431580157687254,official
2024-12,residual,Residual,差額,-0.003226182654413101,official
2025-01,food,Food,食物,0.12183231592556831,official
2025-01,energy_goods,Energy goods,能源商品,0.00015424774560988258,official
2025-01,energy_services,Energy services,能源服務,0.02028222836849254,official
2025-01,core_goods,Core goods,核心商品,0.010126507700112924,official
2025-01,housing,Housing,住宅,0.7079138503837782,official
2025-01,other_core_services,Core services excluding housing,核心服務（不含住宅）,1.7703801777326809,official
2025-01,residual,Residual,差額,0.0017509778570587997,official
2025-02,food,Food,食物,0.1014942950584359,official
2025-02,energy_goods,Energy goods,能源商品,-0.060171841484997504,official
2025-02,energy_services,Energy services,能源服務,0.030706450376387487,official
2025-02,core_goods,Core goods,核心商品,0.04182990384380124,official
2025-02,housing,Housing,住宅,0.6869422491905426,official
2025-02,other_core_services,Core services excluding housing,核心服務（不含住宅）,1.7786683304380448,official
2025-02,residual,Residual,差額,-0.004701622177091913,official
2025-03,food,Food,食物,0.14171195762553518,official
2025-03,energy_goods,Energy goods,能源商品,-0.21140406034461748,official
2025-03,energy_services,Energy services,能源服務,0.05127813929305484,official
2025-03,core_goods,Core goods,核心商品,-0.019381605777745274,official
2025-03,housing,Housing,住宅,0.6858023608166184,official
2025-03,other_core_services,Core services excluding housing,核心服務（不含住宅）,1.6146646031862089,official
2025-03,residual,Residual,差額,-0.00746598100622764,official
2025-04,food,Food,食物,0.13127740512130037,official
2025-04,energy_goods,Energy goods,能源商品,-0.26211430054587187,official
2025-04,energy_services,Energy services,能源服務,0.08159925054141083,official
2025-04,core_goods,Core goods,核心商品,0.011727323605512267,official
2025-04,housing,Housing,住宅,0.67585380690897,official
2025-04,other_core_services,Core services excluding housing,核心服務（不含住宅）,1.6957982463966776,official
2025-04,residual,Residual,差額,-0.003033522860933946,official
2025-05,food,Food,食物,0.14141875187445793,official
2025-05,energy_goods,Energy goods,能源商品,-0.2426561778080393,official
2025-05,energy_services,Energy services,能源服務,0.08154633659995623,official
2025-05,core_goods,Core goods,核心商品,0.11305263072570906,official
2025-05,housing,Housing,住宅,0.6463668344559816,official
2025-05,other_core_services,Core services excluding housing,核心服務（不含住宅）,1.7274746492230626,official
2025-05,residual,Residual,差額,-0.0038613428008580364,official
2025-06,food,Food,食物,0.15174536857105841,official
2025-06,energy_goods,Energy goods,能源商品,-0.16247838126700348,official
2025-06,energy_services,Energy services,能源服務,0.10168140303148075,official
2025-06,core_goods,Core goods,核心商品,0.20479919678714859,official
2025-06,housing,Housing,住宅,0.646890627024226,official
2025-06,other_core_services,Core services excluding housing,核心服務（不含住宅）,1.6678665468324911,official
2025-06,residual,Residual,差額,0.001556386837667123,official
2025-07,food,Food,食物,0.14151963201590934,official
2025-07,energy_goods,Energy goods,能源商品,-0.18270935562364088,official
2025-07,energy_services,Energy services,能源服務,0.10151947033572889,official
2025-07,core_goods,Core goods,核心商品,0.24493092214290915,official
2025-07,housing,Housing,住宅,0.6269354330199433,official
2025-07,other_core_services,Core services excluding housing,核心服務（不含住宅）,1.657834213142982,official
2025-07,residual,Residual,差額,0.000894576438358996,official
2025-08,food,Food,食物,0.1720326738826872,official
2025-08,energy_goods,Energy goods,能源商品,-0.12174508237079368,official
2025-08,energy_services,Energy services,能源服務,0.11134844338975389,official
2025-08,core_goods,Core goods,核心商品,0.25402256822529484,official
2025-08,housing,Housing,住宅,0.6072981088214641,official
2025-08,other_core_services,Core services excluding housing,核心服務（不含住宅）,1.6796588937049501,official
2025-08,residual,Residual,差額,-0.008311741773013637,official
2025-09,food,Food,食物,0.18246540363765243,official
2025-09,energy_goods,Energy goods,能源商品,-0.00012823610909735994,official
2025-09,energy_services,Energy services,能源服務,0.09089193369097676,official
2025-09,core_goods,Core goods,核心商品,0.2947630209591932,official
2025-09,housing,Housing,住宅,0.5868984099366875,official
2025-09,other_core_services,Core services excluding housing,核心服務（不含住宅）,1.6500347171878271,official
2025-09,residual,Residual,差額,-0.021911700739455586,official
2025-10,food,Food,食物,0.17199988753394066,official
2025-10,energy_goods,Energy goods,能源商品,-0.010655998457608328,official
2025-10,energy_services,Energy services,能源服務,0.09092414967625842,official
2025-10,core_goods,Core goods,核心商品,0.2740213846178564,official
2025-10,housing,Housing,住宅,0.536004321909995,official
2025-10,other_core_services,Core services excluding housing,核心服務（不含住宅）,1.6195476454427147,official
2025-10,residual,Residual,差額,-0.024429074082994884,official
2025-11,food,Food,食物,0.15177554425424736,official
2025-11,energy_goods,Energy goods,能源商品,0.030627436510355665,official
2025-11,energy_services,Energy services,能源服務,0.11102578088652881,official
2025-11,core_goods,Core goods,核心商品,0.30330731715142867,official
2025-11,housing,Housing,住宅,0.5157734265958642,official
2025-11,other_core_services,Core services excluding housing,核心服務（不含住宅）,1.6206068214268525,official
2025-11,residual,Residual,差額,-0.022674024994792763,official
2025-12,food,Food,食物,0.16217499839979518,official
2025-12,energy_goods,Energy goods,能源商品,-0.05949185495743456,official
2025-12,energy_services,Energy services,能源服務,0.12125856109582027,official
2025-12,core_goods,Core goods,核心商品,0.43436767906292006,official
2025-12,housing,Housing,住宅,0.5158129040517186,official
2025-12,other_core_services,Core services excluding housing,核心服務（不含住宅）,1.6205387889649876,official
2025-12,residual,Residual,差額,-0.017505600716868575,official
2026-01,food,Food,食物,0.16216084769141226,official
2026-01,energy_goods,Energy goods,能源商品,-0.16087081316823867,official
2026-01,energy_services,Energy services,能源服務,0.12111088077944238,official
2026-01,core_goods,Core goods,核心商品,0.39464779187230414,official
2026-01,housing,Housing,住宅,0.5051494542468288,official
2026-01,other_core_services,Core services excluding housing,核心服務（不含住宅）,1.7211584797046793,official
2026-01,residual,Residual,差額,-0.014989435749436897,official
2026-02,food,Food,食物,0.18220243301264213,official
2026-02,energy_goods,Energy goods,能源商品,-0.10974866820386421,official
2026-02,energy_services,Energy services,能源服務,0.10083191540112907,official
2026-02,core_goods,Core goods,核心商品,0.46717500198775547,official
2026-02,housing,Housing,住宅,0.4846271765921921,official
2026-02,other_core_services,Core services excluding housing,核心服務（不含住宅）,1.6900296573109646,official
2026-02,residual,Residual,差額,-0.013972568975108235,official
2026-03,food,Food,食物,0.14181069206873814,official
2026-03,energy_goods,Energy goods,能源商品,0.38115588429239927,official
2026-03,energy_services,Energy services,能源服務,0.08104823268636437,official
2026-03,core_goods,Core goods,核心商品,0.5578563427055113,official
2026-03,housing,Housing,住宅,0.4653813091388666,official
2026-03,other_core_services,Core services excluding housing,核心服務（不含住宅）,1.7528516155685674,official
2026-03,residual,Residual,差額,-0.014700363075906608,official
2026-04,food,Food,食物,0.18239428358552032,official
2026-04,energy_goods,Energy goods,能源商品,0.5642130418585481,official
2026-04,energy_services,Energy services,能源服務,0.08153087672296944,official
2026-04,core_goods,Core goods,核心商品,0.5479226873172008,official
2026-04,housing,Housing,住宅,0.49691296180338135,official
2026-04,other_core_services,Core services excluding housing,核心服務（不含住宅）,1.723537407956374,official
2026-04,residual,Residual,差額,-0.02256327132360436,official
2026-05,food,Food,食物,0.1720601544206063,official
2026-05,energy_goods,Energy goods,能源商品,0.7481211632175179,official
2026-05,energy_services,Energy services,能源服務,0.09171017657110306,official
2026-05,core_goods,Core goods,核心商品,0.4869770109486741,official
2026-05,housing,Housing,住宅,0.5077139896209101,official
2026-05,other_core_services,Core services excluding housing,核心服務（不含住宅）,1.8381878520346815,official
2026-05,residual,Residual,差額,-0.021436380608803596,official
2026-06,food,Food,食物,0.17238570188589913,official
2026-06,energy_goods,Energy goods,能源商品,0.5080333780478182,official
2026-06,energy_services,Energy services,能源服務,0.07114661090507375,official
2026-06,core_goods,Core goods,核心商品,0.41629890317998897,official
2026-06,housing,Housing,住宅,0.48761887477313975,official
2026-06,other_core_services,Core services excluding housing,核心服務（不含住宅）,1.8265936242405112,official
2026-06,residual,Residual,差額,-0.029066756095640578,official
2026-07,food,Food,食物,0.1618156745937938,official
2026-07,energy_goods,Energy goods,能源商品,0.4653153515200227,official
2026-07,energy_services,Energy services,能源服務,0.07104794099569758,official
2026-07,core_goods,Core goods,核心商品,0.43707310923045406,official
2026-07,housing,Housing,住宅,0.48832190755362237,official
2026-07,other_core_services,Core services excluding housing,核心服務（不含住宅）,1.7655229067183584,official
2026-07,residual,Residual,差額,-0.027553701164646505,official
2026-08,food,Food,食物,0.13148103026825644,official
2026-08,energy_goods,Energy goods,能源商品,0.5269994262314409,official
2026-08,energy_services,Energy services,能源服務,0.07086756950066414,official
2026-08,core_goods,Core goods,核心商品,0.46622263792059987,official
2026-08,housing,Housing,住宅,0.46813886771097785,official
2026-08,other_core_services,Core services excluding housing,核心服務（不含住宅）,1.777050751008025,official
2026-08,residual,Residual,差額,-0.02172845813453872,official
